flow_duration_s,fwd_packets,bwd_packets,fwd_bytes,bwd_bytes,fwd_pkt_len_max,fwd_pkt_len_min,fwd_pkt_len_mean,fwd_pkt_len_std,bwd_pkt_len_max,bwd_pkt_len_min,bwd_pkt_len_mean,bwd_pkt_len_std,flow_bytes_per_s,flow_packets_per_s,flow_iat_mean,flow_iat_std,flow_iat_max,flow_iat_min,fwd_iat_total,fwd_iat_mean,bwd_iat_total,bwd_iat_mean,fwd_psh_flags,fin_flag_count,syn_flag_count,rst_flag_count,psh_flag_count,ack_flag_count,urg_flag_count,init_win_bytes_fwd,init_win_bytes_bwd,pkt_len_mean,pkt_len_std,down_up_ratio,active_mean,idle_mean,label
1.18799,2,0,0,0,0,0,0,0,0,0,0,0,0,1.68352,1.18799,0,1.18799,1.18799,1.18799,1.18799,0,0,0,0,0,0,0,1,1,238,-1,0,0,0,0,0,benign
6.3e-05,1,1,6,6,6,6,6,0,6,6,6,0,190476,31746,6.3e-05,0,6.3e-05,6.3e-05,0,0,0,0,0,0,0,0,0,1,1,23,251,6,0,1,0,0,benign
4e-06,2,0,0,0,0,0,0,0,0,0,0,0,0,500000,4e-06,0,4e-06,4e-06,4e-06,4e-06,0,0,0,0,0,0,0,1,0,5677,-1,0,0,0,0,0,benign
0.060693,2,2,84,282,42,42,42,0,141,141,141,0,6030.35,65.9055,0.020231,0.0349961,0.060641,3e-06,4.9e-05,4.9e-05,3e-06,3e-06,0,0,0,0,0,0,0,-1,-1,81.6,54.2245,1,0,0,benign
0.125483,2,2,66,226,33,33,33,0,113,113,113,0,2327.01,31.8768,0.0418277,0.0724424,0.125477,3e-06,3e-06,3e-06,3e-06,3e-06,0,0,0,0,0,0,0,-1,-1,65,43.8178,1,0,0,benign
8.4e-05,1,1,0,0,0,0,0,0,0,0,0,0,0,23809.5,8.4e-05,0,8.4e-05,8.4e-05,0,0,0,0,0,0,0,0,0,1,1,65535,2229,0,0,1,0,0,benign
6.2e-05,1,1,0,0,0,0,0,0,0,0,0,0,0,32258.1,6.2e-05,0,6.2e-05,6.2e-05,0,0,0,0,0,0,0,0,0,1,1,128,253,0,0,1,0,0,benign
5.9e-05,1,1,0,0,0,0,0,0,0,0,0,0,0,33898.3,5.9e-05,0,5.9e-05,5.9e-05,0,0,0,0,0,0,0,0,0,1,1,1089,256,0,0,1,0,0,benign
0.000133,1,1,0,0,0,0,0,0,0,0,0,0,0,15037.6,0.000133,0,0.000133,0.000133,0,0,0,0,0,0,0,0,0,1,1,114,255,0,0,1,0,0,benign
0.030822,2,2,62,228,31,31,31,0,114,114,114,0,9408.86,129.777,0.010274,0.017789,0.030815,3e-06,3e-06,3e-06,4e-06,4e-06,0,0,0,0,0,0,0,-1,-1,64.2,45.461,1,0,0,benign
5.8e-05,2,1,31,6,31,0,15.5,21.9203,6,6,6,0,637931,51724.1,2.9e-05,3.67696e-05,5.5e-05,3e-06,3e-06,3e-06,0,0,1,0,1,0,0,1,0,1696,0,17,16.3503,0,0,0,benign
0.115917,2,0,0,0,0,0,0,0,0,0,0,0,0,17.2537,0.115917,0,0.115917,0.115917,0.115917,0.115917,0,0,0,0,0,0,0,1,0,242,-1,0,0,0,0,0,benign
0.048265,2,2,60,234,30,30,30,0,117,117,117,0,6091.37,82.8758,0.0160883,0.0278623,0.048261,1e-06,1e-06,1e-06,3e-06,3e-06,0,0,0,0,0,0,0,-1,-1,64.8,47.6519,1,0,0,benign
0.051392,2,2,82,152,41,41,41,0,76,76,76,0,4553.24,77.8331,0.0171307,0.029653,0.051371,1e-06,1e-06,1e-06,2e-05,2e-05,0,0,0,0,0,0,0,-1,-1,55,19.1703,1,0,0,benign
0.031769,2,2,70,178,35,35,35,0,89,89,89,0,7806.35,125.909,0.0105897,0.0182578,0.031672,4.8e-05,4.9e-05,4.9e-05,4.8e-05,4.8e-05,0,0,0,0,0,0,0,-1,-1,56.6,29.577,1,0,0,benign
0.050819,2,2,64,220,32,32,32,0,110,110,110,0,5588.46,78.7107,0.0169397,0.0293369,0.050815,1e-06,1e-06,1e-06,3e-06,3e-06,0,0,0,0,0,0,0,-1,-1,63.2,42.7224,1,0,0,benign
8.76572,4,4,134,526,35,32,33.5,1.73205,164,99,131.5,37.5278,75.2933,0.912646,1.25225,3.31297,8.76535,3e-06,8.76557,2.92186,8.76555,2.92185,0,0,0,0,0,0,0,-1,-1,76.8889,56.6887,1,0.000218,8.76535,benign
0.049491,2,2,76,180,38,38,38,0,90,90,90,0,5172.66,80.8228,0.016497,0.0285676,0.049484,3e-06,3e-06,3e-06,4e-06,4e-06,0,0,0,0,0,0,0,-1,-1,58.8,28.4816,1,0,0,benign
0.163601,2,2,98,222,49,49,49,0,111,111,111,0,1955.98,24.4497,0.0545337,0.0944516,0.163597,1e-06,1e-06,1e-06,3e-06,3e-06,0,0,0,0,0,0,0,-1,-1,73.8,33.9588,1,0,0,benign
5e-05,1,1,0,0,0,0,0,0,0,0,0,0,0,40000,5e-05,0,5e-05,5e-05,0,0,0,0,0,0,0,0,0,1,0,4965,37648,0,0,1,0,0,benign
0.142441,1,1,41,188,41,41,41,0,188,188,188,0,1607.68,14.0409,0.142441,0,0.142441,0.142441,0,0,0,0,0,0,0,0,0,0,0,-1,-1,90,84.8705,1,0,0,benign
116.107,20,16,1450,711,815,0,72.5,209.626,557,0,44.4375,141.979,18.6122,0.310059,3.31734,4.6852,10,3e-06,116,6.11089,111,7.37449,0,0,0,0,1,0,0,29200,124,58.4054,178.559,0,0.0471614,9.62842,benign
0.09984,1,1,0,0,0,0,0,0,0,0,0,0,0,20.0321,0.09984,0,0.09984,0.09984,0,0,0,0,0,0,0,0,0,1,1,446,1997,0,0,1,0,0,benign
3e-06,2,0,37,0,37,0,18.5,26.163,0,0,0,0,1.23333e+07,666667,3e-06,0,3e-06,3e-06,3e-06,3e-06,0,0,1,0,1,0,0,1,0,286,-1,24.6667,21.362,0,0,0,benign
0.082162,2,2,90,146,45,45,45,0,73,73,73,0,2872.37,48.6843,0.0273873,0.0474302,0.082155,3e-06,3e-06,3e-06,4e-06,4e-06,0,0,0,0,0,0,0,-1,-1,56.2,15.3362,1,0,0,benign
5.51624,8,6,375,3618,194,0,46.875,72.7411,1460,0,603,706.408,723.863,2.53796,0.424326,1.38859,5.04342,2.9e-05,5.51624,0.788034,0.263588,0.0527176,0,0,0,0,1,0,0,8192,110,266.2,511.887,0,0.47277,5.04342,benign
119.677,55,80,10408,45096,2024,0,189.236,470.961,2486,0,563.7,694.414,463.783,1.12804,0.89311,7.09548,58.5,1e-06,120,2.21624,120,1.51371,0,0,0,0,1,0,0,8192,607,408.118,637.182,1,1.47302,58.3,benign
5.36897,3,1,12,0,6,0,4,3.4641,0,0,0,0,2.23507,0.745022,1.78966,3.01809,5.27422,0.000172,5.36897,2.68448,0,0,0,0,0,0,1,0,0,8192,14600,2.4,3.28634,0,0,0,benign
0.07323,2,2,64,532,32,32,32,0,266,266,266,0,8138.74,54.6224,0.02441,0.0422724,0.073222,4e-06,4e-06,4e-06,4e-06,4e-06,0,0,0,0,0,0,0,-1,-1,125.6,128.167,1,0,0,benign
0.050939,2,2,90,164,45,45,45,0,82,82,82,0,4986.36,78.5253,0.0169797,0.0294053,0.050934,2e-06,2e-06,2e-06,3e-06,3e-06,0,0,0,0,0,0,0,-1,-1,59.8,20.2657,1,0,0,benign
0.046423,2,2,60,264,30,30,30,0,132,132,132,0,6979.3,86.1642,0.0154743,0.0267573,0.046371,4e-06,4.8e-05,4.8e-05,4e-06,4e-06,0,0,0,0,0,0,0,-1,-1,70.8,55.8677,1,0,0,benign
0.047329,2,2,76,196,38,38,38,0,98,98,98,0,5747.01,84.5148,0.0157763,0.0273219,0.047325,1e-06,1e-06,1e-06,3e-06,3e-06,0,0,0,0,0,0,0,-1,-1,62,32.8634,1,0,0,benign
0.083646,4,3,332,18,242,6,83,111.301,6,6,6,0,4184.3,83.686,0.013941,0.0219392,0.048176,1e-06,0.083646,0.027882,0.035447,0.0177235,1,0,1,0,0,1,0,31,0,74,106.626,0,0,0,benign
0.000155,2,2,58,90,29,29,29,0,45,45,45,0,954839,25806.5,5.16667e-05,5.05997e-05,0.000104,3e-06,3e-06,3e-06,4.8e-05,4.8e-05,0,0,0,0,0,0,0,-1,-1,35.4,8.76356,1,0,0,benign
0.000102,1,3,0,18,0,0,0,0,6,6,6,0,176471,39215.7,3.4e-05,2.8688e-05,5.3e-05,1e-06,0,0,4.9e-05,2.45e-05,0,0,0,0,0,1,0,972,0,3.6,3.28634,3,0,0,benign
0.298139,11,10,2335,4452,1125,0,212.273,327.344,1460,0,445.2,568.848,22764.5,70.4369,0.014907,0.0226102,0.052314,4e-06,0.298139,0.0298139,0.213367,0.0237074,0,0,0,1,1,0,0,8192,7947,308.5,456.056,0,0,0,benign
0.066667,3,4,430,2266,430,0,143.333,248.261,2266,0,566.5,1133,40439.8,104.999,0.0111112,0.0167258,0.032749,5e-06,0.032985,0.0164925,0.034016,0.0113387,0,0,0,0,1,0,0,29200,237,337,793.825,1,0,0,benign
0.048199,1,1,44,102,44,44,44,0,102,102,102,0,3029.11,41.4946,0.048199,0,0.048199,0.048199,0,0,0,0,0,0,0,0,0,0,0,-1,-1,63.3333,33.4863,1,0,0,benign
0.000185,2,2,66,98,33,33,33,0,49,49,49,0,886486,21621.6,6.16667e-05,6.49333e-05,0.000132,4e-06,4.9e-05,4.9e-05,4e-06,4e-06,0,0,0,0,0,0,0,-1,-1,39.4,8.76356,1,0,0,benign
0.031379,2,2,76,238,38,38,38,0,119,119,119,0,10006.7,127.474,0.0104597,0.0181123,0.031374,1e-06,1e-06,1e-06,4e-06,4e-06,0,0,0,0,0,0,0,-1,-1,70.4,44.3655,1,0,0,benign
0.00011,1,2,6,12,6,6,6,0,6,6,6,0,163636,27272.7,5.5e-05,9.89949e-06,6.2e-05,4.8e-05,0,0,4.8e-05,4.8e-05,0,0,0,0,0,1,1,2049,252,6,0,2,0,0,benign
0.000146,2,2,60,92,30,30,30,0,46,46,46,0,1.0411e+06,27397.3,4.86667e-05,7.9097e-05,0.00014,3e-06,3e-06,3e-06,3e-06,3e-06,0,0,0,0,0,0,0,-1,-1,36.4,8.76356,1,0,0,benign
0.03087,2,2,82,114,41,41,41,0,57,57,57,0,6349.21,129.576,0.01029,0.0177769,0.030817,3e-06,3e-06,3e-06,5e-05,5e-05,0,0,0,0,0,0,0,-1,-1,47.4,8.76356,1,0,0,benign
0.000164,2,1,37,0,37,0,18.5,26.163,0,0,0,0,225610,18292.7,8.2e-05,0.000114551,0.000163,1e-06,1e-06,1e-06,0,0,1,0,1,0,0,1,0,972,0,18.5,21.362,0,0,0,benign
8e-05,1,1,0,0,0,0,0,0,0,0,0,0,0,25000,8e-05,0,8e-05,8e-05,0,0,0,0,0,0,0,0,0,1,1,122,298,0,0,1,0,0,benign
0.00021,1,1,0,0,0,0,0,0,0,0,0,0,0,9523.81,0.00021,0,0.00021,0.00021,0,0,0,0,0,0,0,0,0,1,0,40544,4735,0,0,1,0,0,benign
0.000167,1,1,6,6,6,6,6,0,6,6,6,0,71856.3,11976,0.000167,0,0.000167,0.000167,0,0,0,0,0,0,0,0,0,1,1,250,245,6,0,1,0,0,benign
0.023369,1,1,0,0,0,0,0,0,0,0,0,0,0,85.5835,0.023369,0,0.023369,0.023369,0,0,0,0,0,0,0,0,0,1,1,256,946,0,0,1,0,0,benign
0.000853,3,0,0,0,0,0,0,0,0,0,0,0,0,3517,0.0004265,0.000600334,0.000851,2e-06,0.000853,0.0004265,0,0,0,0,0,0,0,1,0,65535,-1,0,0,0,0,0,benign
0.457837,6,6,941,2434,517,0,156.833,228.665,2247,0,405.667,904.092,7371.62,26.2102,0.0416215,0.0687161,0.149463,5e-06,0.308359,0.0616718,0.30981,0.061962,0,0,0,0,1,0,0,29200,243,259.615,619.618,1,0,0,benign
0.073521,1,1,54,130,54,54,54,0,130,130,130,0,2502.69,27.2031,0.073521,0,0.073521,0.073521,0,0,0,0,0,0,0,0,0,0,0,-1,-1,79.3333,43.8786,1,0,0,benign
3e-06,1,1,6,6,6,6,6,0,6,6,6,0,4e+06,666667,3e-06,0,3e-06,3e-06,0,0,0,0,0,0,0,0,0,1,1,31088,62791,6,0,1,0,0,benign
116.708,67,66,709,76085,346,0,10.5821,50.9733,2896,0,1152.8,639.394,658.002,1.1396,0.884151,2.82606,10.2,7e-06,117,1.7683,114,1.74701,0,0,0,0,1,0,0,29200,122,573.09,727.824,0,0.146578,10.2,benign
0.000324,2,2,82,254,41,41,41,0,127,127,127,0,1.03704e+06,12345.7,0.000108,0.000146523,0.000275,1e-06,4.8e-05,4.8e-05,1e-06,1e-06,0,0,0,0,0,0,0,-1,-1,75.4,47.1041,1,0,0,benign
0.104885,2,2,68,422,34,34,34,0,211,211,211,0,4671.78,38.137,0.0349617,0.0605502,0.104879,3e-06,3e-06,3e-06,3e-06,3e-06,0,0,0,0,0,0,0,-1,-1,104.8,96.9469,1,0,0,benign
119.282,175,264,6272,456668,376,0,35.84,107.484,4344,0,1729.8,833.147,3881.04,3.68034,0.272334,1.58612,10,0,119,0.685531,114,0.43525,0,0,0,0,1,0,0,29200,1508,1052.14,1053.97,1,0.383677,10,benign
0.042445,2,2,72,328,36,36,36,0,164,164,164,0,9423.96,94.2396,0.0141483,0.0245004,0.042439,3e-06,3e-06,3e-06,3e-06,3e-06,0,0,0,0,0,0,0,-1,-1,87.2,70.1085,1,0,0,benign
0.235836,2,2,80,264,40,40,40,0,132,132,132,0,1458.64,16.9609,0.078612,0.136156,0.235831,1e-06,1e-06,1e-06,4e-06,4e-06,0,0,0,0,0,0,0,-1,-1,76.8,50.3905,1,0,0,benign
0.00018,2,2,98,130,49,49,49,0,65,65,65,0,1.26667e+06,22222.2,6e-05,6.41561e-05,0.00013,4e-06,4.6e-05,4.6e-05,4e-06,4e-06,0,0,0,0,0,0,0,-1,-1,55.4,8.76356,1,0,0,benign
0.000197,2,2,60,92,30,30,30,0,46,46,46,0,771574,20304.6,6.56667e-05,7.50755e-05,0.000148,1e-06,1e-06,1e-06,4.8e-05,4.8e-05,0,0,0,0,0,0,0,-1,-1,36.4,8.76356,1,0,0,benign
0.000224,2,2,70,256,35,35,35,0,128,128,128,0,1.45536e+06,17857.1,7.46667e-05,8.83252e-05,0.000176,1.4e-05,0.00019,0.00019,4.8e-05,4.8e-05,0,0,0,0,0,0,0,-1,-1,72.2,50.9382,1,0,0,benign
0.041304,4,2,132,246,33,33,33,0,123,123,123,0,9151.66,145.264,0.0082608,0.011395,0.02265,3e-06,0.01865,0.00621667,4e-06,4e-06,0,0,0,0,0,0,0,-1,-1,58.7143,43.9155,0,0,0,benign
0.000206,2,2,68,182,34,34,34,0,91,91,91,0,1.21359e+06,19417.5,6.86667e-05,7.73972e-05,0.000154,3e-06,4.9e-05,4.9e-05,3e-06,3e-06,0,0,0,0,0,0,0,-1,-1,56.8,31.2202,1,0,0,benign
0.000173,2,2,70,198,35,35,35,0,99,99,99,0,1.54913e+06,23121.4,5.76667e-05,5.9096e-05,0.000121,4e-06,4e-06,4e-06,4.8e-05,4.8e-05,0,0,0,0,0,0,0,-1,-1,60.6,35.0542,1,0,0,benign
0.047145,1,1,49,110,49,49,49,0,110,110,110,0,3372.57,42.4223,0.047145,0,0.047145,0.047145,0,0,0,0,0,0,0,0,0,0,0,-1,-1,69.3333,35.2184,1,0,0,benign
0.049085,1,1,59,133,59,59,59,0,133,133,133,0,3911.58,40.7456,0.049085,0,0.049085,0.049085,0,0,0,0,0,0,0,0,0,0,0,-1,-1,83.6667,42.7239,1,0,0,benign
0.195454,4,2,140,182,35,35,35,0,91,91,91,0,1647.45,30.6978,0.0390908,0.0596845,0.135107,1e-06,0.135111,0.045037,4.8e-05,4.8e-05,0,0,0,0,0,0,0,-1,-1,51,27.3252,0,0,0,benign
0.009645,2,0,0,0,0,0,0,0,0,0,0,0,0,207.361,0.009645,0,0.009645,0.009645,0.009645,0.009645,0,0,0,0,0,0,0,1,0,310,-1,0,0,0,0,0,benign
6.4e-05,2,1,31,6,31,0,15.5,21.9203,6,6,6,0,578125,46875,3.2e-05,4.10122e-05,6.1e-05,3e-06,3e-06,3e-06,0,0,1,0,1,0,0,1,0,1223,0,17,16.3503,0,0,0,benign
0.060738,2,2,76,200,38,38,38,0,100,100,100,0,4544.11,65.8566,0.020246,0.0350602,0.06073,4e-06,4e-06,4e-06,4e-06,4e-06,0,0,0,0,0,0,0,-1,-1,62.8,33.9588,1,0,0,benign
0.000437,1,1,51,108,51,51,51,0,108,108,108,0,363844,4576.66,0.000437,0,0.000437,0.000437,0,0,0,0,0,0,0,0,0,0,0,-1,-1,70,32.909,1,0,0,benign
0.00052,1,1,50,112,50,50,50,0,112,112,112,0,311538,3846.15,0.00052,0,0.00052,0.00052,0,0,0,0,0,0,0,0,0,0,0,-1,-1,70.6667,35.7957,1,0,0,benign
0.06057,2,2,72,136,36,36,36,0,68,68,68,0,3434.04,66.0393,0.02019,0.0349649,0.060564,3e-06,3e-06,3e-06,3e-06,3e-06,0,0,0,0,0,0,0,-1,-1,48.8,17.5271,1,0,0,benign
0.000174,2,2,80,274,40,40,40,0,137,137,137,0,2.03448e+06,22988.5,5.8e-05,9.52628e-05,0.000168,3e-06,3e-06,3e-06,3e-06,3e-06,0,0,0,0,0,0,0,-1,-1,78.8,53.1291,1,0,0,benign
0.245351,4,2,132,168,33,33,33,0,84,84,84,0,1222.74,24.4548,0.0490702,0.0937744,0.215185,3e-06,0.030162,0.010054,4e-06,4e-06,0,0,0,0,0,0,0,-1,-1,47.5714,24.8855,0,0,0,benign
0.04807,3,4,439,859,439,0,146.333,253.457,859,0,214.75,429.5,27002.3,145.621,0.00801167,0.0118418,0.023392,3e-06,0.023315,0.0116575,0.024892,0.00829733,0,0,0,0,1,0,0,29200,31,162.25,320.714,1,0,0,benign
0.136776,2,2,56,590,28,28,28,0,295,295,295,0,4723.05,29.2449,0.045592,0.0789633,0.136771,1e-06,1e-06,1e-06,4e-06,4e-06,0,0,0,0,0,0,0,-1,-1,134.8,146.242,1,0,0,benign
1e-06,2,0,12,0,6,6,6,0,0,0,0,0,1.2e+07,2e+06,1e-06,0,1e-06,1e-06,1e-06,1e-06,0,0,0,1,0,0,0,1,0,0,-1,6,0,0,0,0,benign
0.000247,2,2,72,584,36,36,36,0,292,292,292,0,2.65587e+06,16194.3,8.23333e-05,0.000136544,0.00024,3e-06,3e-06,3e-06,4e-06,4e-06,0,0,0,0,0,0,0,-1,-1,138.4,140.217,1,0,0,benign
6.7e-05,1,1,6,6,6,6,6,0,6,6,6,0,179104,29850.7,6.7e-05,0,6.7e-05,6.7e-05,0,0,0,0,0,0,0,0,0,1,1,40256,64209,6,0,1,0,0,benign
0.052835,2,1,0,0,0,0,0,0,0,0,0,0,0,56.7805,0.0264175,0.03736,0.052835,0,0,0,0,0,0,0,0,0,0,1,1,32832,179,0,0,0,0,0,benign
0.078088,2,2,66,130,33,33,33,0,65,65,65,0,2509.99,51.2243,0.0260293,0.0450391,0.078036,3e-06,3e-06,3e-06,4.9e-05,4.9e-05,0,0,0,0,0,0,0,-1,-1,45.8,17.5271,1,0,0,benign
0.078887,3,1,0,0,0,0,0,0,0,0,0,0,0,50.7054,0.0262957,0.0451422,0.078421,5.4e-05,0.078887,0.0394435,0,0,0,0,0,0,0,1,1,9,283,0,0,0,0,0,benign
0.071403,2,2,64,276,32,32,32,0,138,138,138,0,4761.7,56.0201,0.023801,0.0411795,0.071351,4e-06,4e-06,4e-06,4.8e-05,4.8e-05,0,0,0,0,0,0,0,-1,-1,74.4,58.0586,1,0,0,benign
0.000344,2,2,104,220,52,52,52,0,110,110,110,0,941860,11627.9,0.000114667,0.000156072,0.000293,3e-06,3e-06,3e-06,4.8e-05,4.8e-05,0,0,0,0,0,0,0,-1,-1,75.2,31.7679,1,0,0,benign
0.122337,1,1,0,0,0,0,0,0,0,0,0,0,0,16.3483,0.122337,0,0.122337,0.122337,0,0,0,0,0,0,0,0,0,1,0,65535,5666,0,0,1,0,0,benign
0.233247,1,1,0,0,0,0,0,0,0,0,0,0,0,8.5746,0.233247,0,0.233247,0.233247,0,0,0,0,0,0,0,0,0,1,1,304,122,0,0,1,0,0,benign
0.031335,2,2,74,330,37,37,37,0,165,165,165,0,12892.9,127.653,0.010445,0.0180861,0.031329,3e-06,3e-06,3e-06,3e-06,3e-06,0,0,0,0,0,0,0,-1,-1,88.2,70.1085,1,0,0,benign
1.04602,10,8,535,4683,198,0,53.5,81.5261,1448,0,585.375,708.138,4988.42,17.2081,0.0615307,0.133557,0.343706,3e-06,1.04602,0.116225,0.704567,0.100652,0,0,0,0,1,0,0,29200,31088,274.632,522.118,0,0,0,benign
0.034068,1,1,0,0,0,0,0,0,0,0,0,0,0,58.7061,0.034068,0,0.034068,0.034068,0,0,0,0,0,0,0,0,0,1,1,261,59,0,0,1,0,0,benign
0.000709,2,2,500,2860,250,250,250,0,1430,1430,1430,0,4.73907e+06,5641.75,0.000236333,0.000405877,0.000705,2e-06,2e-06,2e-06,2e-06,2e-06,0,0,0,0,0,0,0,-1,-1,722,646.313,1,0,0,benign
0.000186,1,1,0,0,0,0,0,0,0,0,0,0,0,10752.7,0.000186,0,0.000186,0.000186,0,0,0,0,0,0,0,0,0,1,0,36936,5316,0,0,1,0,0,benign
0.051001,2,2,82,176,41,41,41,0,88,88,88,0,5058.72,78.4298,0.0170003,0.029442,0.050997,0,0,0,4e-06,4e-06,0,0,0,0,0,0,0,-1,-1,59.8,25.743,1,0,0,benign
0.000471,3,1,18,0,6,6,6,0,0,0,0,0,38216.6,8492.57,0.000157,0.000266736,0.000465,3e-06,0.000468,0.000234,0,0,0,1,0,0,0,0,0,0,120,4.8,2.68328,0,0,0,benign
0.000377,2,2,82,254,41,41,41,0,127,127,127,0,891247,10610.1,0.000125667,0.000105633,0.000194,4e-06,4e-06,4e-06,0.000194,0.000194,0,0,0,0,0,0,0,-1,-1,75.4,47.1041,1,0,0,benign
7.2e-05,1,1,0,0,0,0,0,0,0,0,0,0,0,27777.8,7.2e-05,0,7.2e-05,7.2e-05,0,0,0,0,0,0,0,0,0,1,1,31,400,0,0,1,0,0,benign
0.043212,3,1,0,0,0,0,0,0,0,0,0,0,0,92.5669,0.014404,0.0248896,0.043144,1.9e-05,0.043212,0.021606,0,0,0,1,0,0,0,0,0,0,121,0,0,0,0,0,benign
0.000225,2,2,68,358,34,34,34,0,179,179,179,0,1.89333e+06,17777.8,7.5e-05,8.83912e-05,0.000174,4e-06,4e-06,4e-06,4.7e-05,4.7e-05,0,0,0,0,0,0,0,-1,-1,92,79.4198,1,0,0,benign
0.000124,1,1,0,0,0,0,0,0,0,0,0,0,0,16129,0.000124,0,0.000124,0.000124,0,0,0,0,0,0,0,0,0,1,0,1010,0,0,0,1,0,0,benign
0.053317,2,2,88,198,44,44,44,0,99,99,99,0,5364.14,75.023,0.0177723,0.0307402,0.053268,1e-06,1e-06,1e-06,4.8e-05,4.8e-05,0,0,0,0,0,0,0,-1,-1,66,30.1247,1,0,0,benign
0.000347,2,2,102,224,51,51,51,0,112,112,112,0,939481,11527.4,0.000115667,9.87185e-05,0.000187,3e-06,3e-06,3e-06,0.000187,0.000187,0,0,0,0,0,0,0,-1,-1,75.4,33.4111,1,0,0,benign
6.8e-05,1,1,0,0,0,0,0,0,0,0,0,0,0,29411.8,6.8e-05,0,6.8e-05,6.8e-05,0,0,0,0,0,0,0,0,0,1,1,126,427,0,0,1,0,0,benign
0.115155,4,2,164,212,41,41,41,0,106,106,106,0,3265.16,52.1037,0.023031,0.0316852,0.061974,3e-06,0.061981,0.0206603,3e-06,3e-06,0,0,0,0,0,0,0,-1,-1,59.5714,31.7168,0,0,0,benign
0.000713,1,1,55,105,55,55,55,0,105,105,105,0,224404,2805.05,0.000713,0,0.000713,0.000713,0,0,0,0,0,0,0,0,0,0,0,-1,-1,71.6667,28.8675,1,0,0,benign
0.17052,3,4,440,860,440,0,146.667,254.034,860,0,215,430,7623.74,41.0509,0.02842,0.0478535,0.123342,1e-06,0.146536,0.073268,0.14743,0.0491433,0,0,0,0,1,0,0,29200,31,162.5,321.147,1,0,0,benign
0.016054,3,0,596,0,596,0,198.667,344.101,0,0,0,0,37124.7,186.869,0.008027,0.0113476,0.016051,3e-06,0.016054,0.008027,0,0,0,0,0,0,0,1,0,789,-1,149,298,0,0,0,benign
9.2e-05,1,1,0,0,0,0,0,0,0,0,0,0,0,21739.1,9.2e-05,0,9.2e-05,9.2e-05,0,0,0,0,0,0,0,0,0,1,1,60,16325,0,0,1,0,0,benign
0.001606,2,0,6,0,6,0,3,4.24264,0,0,0,0,3735.99,1245.33,0.001606,0,0.001606,0.001606,0.001606,0.001606,0,0,0,0,0,0,0,1,0,60,-1,2,3.4641,0,0,0,benign
0.061558,2,2,90,206,45,45,45,0,103,103,103,0,4808.47,64.9794,0.0205193,0.0355336,0.06155,4e-06,4e-06,4e-06,4e-06,4e-06,0,0,0,0,0,0,0,-1,-1,68.2,31.7679,1,0,0,benign
0.014974,1,1,0,0,0,0,0,0,0,0,0,0,0,133.565,0.014974,0,0.014974,0.014974,0,0,0,0,0,0,0,0,0,1,1,343,30,0,0,1,0,0,benign
62.9497,2,2,97,241,52,45,48.5,4.94975,180,61,120.5,84.1457,5.36936,0.0635428,21,36.3,62.9,0.000662,62.9,62.9,62.9,62.9,0,0,0,0,0,0,0,-1,-1,76.6,58.1747,1,0.000662,62.9,benign
0.000183,2,2,60,264,30,30,30,0,132,132,132,0,1.77049e+06,21857.9,6.1e-05,0.000101336,0.000178,1e-06,1e-06,1e-06,4e-06,4e-06,0,0,0,0,0,0,0,-1,-1,70.8,55.8677,1,0,0,benign
0.023318,2,2,76,108,38,38,38,0,54,54,54,0,7890.9,171.541,0.00777267,0.0134176,0.023266,3e-06,4.9e-05,4.9e-05,3e-06,3e-06,0,0,0,0,0,0,0,-1,-1,44.4,8.76356,1,0,0,benign
5.45876,4,2,12,0,6,0,3,3.4641,0,0,0,0,2.1983,1.09915,1.09175,2.40036,5.38553,5.3e-05,5.45876,1.81959,0.035961,0.035961,0,0,0,0,1,0,0,8192,29200,1.71429,2.9277,0,0,0,benign
0.048477,2,2,78,110,39,39,39,0,55,55,55,0,3878.13,82.5134,0.016159,0.027983,0.048471,3e-06,3e-06,3e-06,3e-06,3e-06,0,0,0,0,0,0,0,-1,-1,45.4,8.76356,1,0,0,benign
7.7e-05,1,1,0,0,0,0,0,0,0,0,0,0,0,25974,7.7e-05,0,7.7e-05,7.7e-05,0,0,0,0,0,0,0,0,0,1,0,340,237,0,0,1,0,0,benign
1.8e-05,1,1,6,6,6,6,6,0,6,6,6,0,666667,111111,1.8e-05,0,1.8e-05,1.8e-05,0,0,0,0,0,0,0,0,0,1,1,946,16354,6,0,1,0,0,benign
0.032776,2,2,62,178,31,31,31,0,89,89,89,0,7322.43,122.041,0.0109253,0.018841,0.032681,4.7e-05,4.7e-05,4.7e-05,4.8e-05,4.8e-05,0,0,0,0,0,0,0,-1,-1,54.2,31.7679,1,0,0,benign
0.100399,1,1,42,133,42,42,42,0,133,133,133,0,1743.05,19.9205,0.100399,0,0.100399,0.100399,0,0,0,0,0,0,0,0,0,0,0,-1,-1,72.3333,52.5389,1,0,0,benign
0.000192,2,1,12,6,6,6,6,0,6,6,6,0,93750,15625,9.6e-05,0.000104652,0.00017,2.2e-05,0.000192,0.000192,0,0,0,0,0,0,0,1,1,17520,251,6,0,0,0,0,benign
0.071015,2,2,74,154,37,37,37,0,77,77,77,0,3210.59,56.3261,0.0236717,0.0409953,0.071009,3e-06,3e-06,3e-06,3e-06,3e-06,0,0,0,0,0,0,0,-1,-1,53,21.9089,1,0,0,benign
0.024013,2,2,72,328,36,36,36,0,164,164,164,0,16657.6,166.576,0.00800433,0.0138596,0.024008,2e-06,3e-06,3e-06,2e-06,2e-06,0,0,0,0,0,0,0,-1,-1,87.2,70.1085,1,0,0,benign
0.095202,2,1,0,0,0,0,0,0,0,0,0,0,0,31.5119,0.047601,0.0673123,0.095198,4e-06,4e-06,4e-06,0,0,0,0,0,0,0,1,1,319,254,0,0,0,0,0,benign
64.0886,9,4,187,184,46,0,20.7778,21.0106,46,46,46,0,5.78886,0.202844,5.34072,16.9,58.7,3e-06,64.1,8.01107,59.3,19.8,1,0,1,0,0,1,0,258,430,29.7857,20.7111,0,0.275794,58.7,benign
0.07755,2,2,72,328,36,36,36,0,164,164,164,0,5157.96,51.5796,0.02585,0.0447675,0.077543,3e-06,3e-06,3e-06,4e-06,4e-06,0,0,0,0,0,0,0,-1,-1,87.2,70.1085,1,0,0,benign
6.9e-05,1,1,0,0,0,0,0,0,0,0,0,0,0,28985.5,6.9e-05,0,6.9e-05,6.9e-05,0,0,0,0,0,0,0,0,0,1,1,180,333,0,0,1,0,0,benign
0.030923,1,1,52,114,52,52,52,0,114,114,114,0,5368.17,64.6768,0.030923,0,0.030923,0.030923,0,0,0,0,0,0,0,0,0,0,0,-1,-1,72.6667,35.7957,1,0,0,benign
0.000259,2,2,88,188,44,44,44,0,94,94,94,0,1.06564e+06,15444,8.63333e-05,0.000143472,0.000252,3e-06,3e-06,3e-06,4e-06,4e-06,0,0,0,0,0,0,0,-1,-1,64,27.3861,1,0,0,benign
0.297967,7,8,1040,3991,703,0,148.571,255.906,1460,0,498.875,614.954,16884.4,50.3411,0.0212834,0.0298769,0.103103,3e-06,0.297852,0.049642,0.260405,0.0372007,0,0,0,0,1,0,0,8192,34,314.438,490.15,1,0,0,benign
8.99728,3,0,0,0,0,0,0,0,0,0,0,0,0,0.333434,4.49864,2.12507,6.00129,2.99599,8.99728,4.49864,0,0,0,0,0,0,1,0,0,8192,-1,0,0,0,2.99599,6.00129,benign
3.46653,3,4,98,129,46,6,32.6667,23.094,46,6,32.25,18.8746,65.4834,2.01931,0.577755,1.35698,3.34738,1e-06,3.43165,1.71582,3.43179,1.14393,1,0,1,0,0,1,0,258,161,34.125,18.1142,1,0,0,benign
0.02484,2,2,74,188,37,37,37,0,94,94,94,0,10547.5,161.031,0.00828,0.0142591,0.024745,4.7e-05,4.8e-05,4.8e-05,4.7e-05,4.7e-05,0,0,0,0,0,0,0,-1,-1,59.8,31.2202,1,0,0,benign
0.068403,2,2,68,102,34,34,34,0,51,51,51,0,2485.27,58.477,0.022801,0.039489,0.068399,1e-06,1e-06,1e-06,3e-06,3e-06,0,0,0,0,0,0,0,-1,-1,40.8,9.31128,1,0,0,benign
20.9251,28,43,1263,71090,398,0,45.1071,116.103,4380,2,1653.26,978.926,3457.72,3.39306,0.29893,1.64418,9.91832,2e-06,10.9,0.404098,20.8,0.495908,0,0,0,0,1,0,0,8192,32160,1004.9,1097.32,1,1.20522,9.70542,benign
0.061092,2,2,78,152,39,39,39,0,76,76,76,0,3764.81,65.475,0.020364,0.0352628,0.061082,3e-06,3e-06,3e-06,7e-06,7e-06,0,0,0,0,0,0,0,-1,-1,53.8,20.2657,1,0,0,benign
0.000222,2,1,31,6,31,0,15.5,21.9203,6,6,6,0,166667,13513.5,0.000111,9.33381e-05,0.000177,4.5e-05,0.000222,0.000222,0,0,1,0,1,0,0,1,0,1006,0,17,16.3503,0,0,0,benign
0.073558,2,2,104,438,52,52,52,0,219,219,219,0,7368.34,54.3789,0.0245193,0.0424618,0.07355,4e-06,4e-06,4e-06,4e-06,4e-06,0,0,0,0,0,0,0,-1,-1,118.8,91.4697,1,0,0,benign
0.000122,3,2,114,12,57,0,38,32.909,6,6,6,0,1.03279e+06,40983.6,3.05e-05,3.46458e-05,7.6e-05,3e-06,0.000122,6.1e-05,4e-06,4e-06,1,0,1,0,0,1,0,1444,0,30.5,29.1119,0,0,0,benign
115.678,35,40,1888,43958,347,0,53.9429,119.695,3869,0,1098.95,917.766,396.326,0.648354,1.56321,3.58848,10,1.2e-05,116,3.40228,111,2.84706,0,0,0,0,1,0,0,8192,135,603.237,849.236,1,0.0960641,9.9981,benign
3.77466,51,49,8682,15338,1350,35,170.235,248.957,1350,27,313.02,502.604,6363.49,26.4925,0.0381278,0.143378,1.15962,1e-06,3.77466,0.0754931,3.71063,0.0773049,0,0,0,0,0,0,0,-1,-1,251.188,411.743,0,0,0,benign
0.000175,2,2,70,126,35,35,35,0,63,63,63,0,1.12e+06,22857.1,5.83333e-05,9.93042e-05,0.000173,1e-06,1e-06,1e-06,1e-06,1e-06,0,0,0,0,0,0,0,-1,-1,46.2,15.3362,1,0,0,benign
0.09677,2,2,82,248,41,41,41,0,124,124,124,0,3410.15,41.3351,0.0322567,0.0558641,0.096763,3e-06,3e-06,3e-06,4e-06,4e-06,0,0,0,0,0,0,0,-1,-1,74.2,45.461,1,0,0,benign
5.7e-05,1,1,0,0,0,0,0,0,0,0,0,0,0,35087.7,5.7e-05,0,5.7e-05,5.7e-05,0,0,0,0,0,0,0,0,0,1,1,54,314,0,0,1,0,0,benign
118.105,29,22,2885,5339,504,0,99.4828,190.244,1448,0,242.682,427.857,69.6329,0.431819,2.3621,4.17463,10,9e-06,118,4.21804,113,5.38169,0,0,0,0,1,0,0,29200,298,158.154,317.457,0,0.236064,9.60602,benign
0.031139,2,2,94,230,47,47,47,0,115,115,115,0,10405,128.456,0.0103797,0.0179348,0.031089,1e-06,1e-06,1e-06,4.9e-05,4.9e-05,0,0,0,0,0,0,0,-1,-1,74.2,37.2451,1,0,0,benign
4.10223,12,9,832,6207,357,0,69.3333,119.424,4380,0,689.667,1437.34,1715.9,5.11917,0.205112,0.893282,4.0001,1e-06,4.10199,0.372908,4.08264,0.51033,0,0,0,0,1,0,0,65535,31,319.955,945.434,0,0,0,benign
0.141632,20,25,176,440,43,0,8.8,12.6807,52,0,17.6,16.1607,4349.3,317.725,0.00321891,0.0143281,0.085352,1e-06,0.141564,0.00745074,0.141511,0.00589629,0,0,0,0,1,0,0,29200,227,13.3913,15.1782,1,0,0,benign
0.000221,2,2,92,348,46,46,46,0,174,174,174,0,1.99095e+06,18099.5,7.36667e-05,0.000121533,0.000214,3e-06,3e-06,3e-06,4e-06,4e-06,0,0,0,0,0,0,0,-1,-1,97.2,70.1085,1,0,0,benign
0.031199,2,2,50,172,25,25,25,0,86,86,86,0,7115.61,128.209,0.0103997,0.0180084,0.031194,1e-06,1e-06,1e-06,4e-06,4e-06,0,0,0,0,0,0,0,-1,-1,49.4,33.4111,1,0,0,benign
0.000941,2,2,46,196,23,23,23,0,98,98,98,0,257173,4250.8,0.000313667,0.000536358,0.000933,4e-06,4e-06,4e-06,4e-06,4e-06,0,0,0,0,0,0,0,-1,-1,53,41.0792,1,0,0,benign
0.000193,2,2,46,46,23,23,23,0,23,23,23,0,476684,20725.4,6.43333e-05,0.000107969,0.000189,1e-06,1e-06,1e-06,3e-06,3e-06,0,0,0,0,0,0,0,-1,-1,23,0,1,0,0,benign
0.024128,1,1,6,6,6,6,6,0,6,6,6,0,497.347,82.8912,0.024128,0,0.024128,0.024128,0,0,0,0,0,0,0,0,0,1,1,254,32,6,0,1,0,0,benign
0.000248,2,2,92,254,46,46,46,0,127,127,127,0,1.39516e+06,16129,8.26667e-05,0.000141451,0.000246,1e-06,1e-06,1e-06,1e-06,1e-06,0,0,0,0,0,0,0,-1,-1,78.4,44.3655,1,0,0,benign
0.049047,2,2,70,102,35,35,35,0,51,51,51,0,3506.84,81.5544,0.016349,0.0282714,0.048994,4e-06,4e-06,4e-06,4.9e-05,4.9e-05,0,0,0,0,0,0,0,-1,-1,41.4,8.76356,1,0,0,benign
0.000212,2,2,60,188,30,30,30,0,94,94,94,0,1.16981e+06,18867.9,7.06667e-05,3.92598e-05,0.000116,4.8e-05,4.8e-05,4.8e-05,4.8e-05,4.8e-05,0,0,0,0,0,0,0,-1,-1,55.6,35.0542,1,0,0,benign
0.084454,4,2,136,234,34,34,34,0,117,117,117,0,4381.08,71.0446,0.0168908,0.0268727,0.061582,3e-06,0.061588,0.0205293,3e-06,3e-06,0,0,0,0,0,0,0,-1,-1,57.7143,40.4999,0,0,0,benign
0.229791,2,2,76,266,38,38,38,0,133,133,133,0,1488.31,17.4071,0.076597,0.132666,0.229786,1e-06,1e-06,1e-06,4e-06,4e-06,0,0,0,0,0,0,0,-1,-1,76,52.0336,1,0,0,benign
0.060571,1,1,73,125,73,73,73,0,125,125,125,0,3268.89,33.0191,0.060571,0,0.060571,0.060571,0,0,0,0,0,0,0,0,0,0,0,-1,-1,90.3333,30.0222,1,0,0,benign
0.218908,4,2,232,248,58,58,58,0,124,124,124,0,2192.7,27.4088,0.0437816,0.0675194,0.153389,3e-06,0.065516,0.0218387,3e-06,3e-06,0,0,0,0,0,0,0,-1,-1,76.8571,32.2047,0,0,0,benign
0.000207,2,2,74,152,37,37,37,0,76,76,76,0,1.09179e+06,19323.7,6.9e-05,3.72424e-05,0.000112,4.7e-05,4.8e-05,4.8e-05,4.7e-05,4.7e-05,0,0,0,0,0,0,0,-1,-1,52.6,21.3612,1,0,0,benign
5.1e-05,1,1,0,0,0,0,0,0,0,0,0,0,0,39215.7,5.1e-05,0,5.1e-05,5.1e-05,0,0,0,0,0,0,0,0,0,1,0,5213,37648,0,0,1,0,0,benign
0.000207,2,2,78,142,39,39,39,0,71,71,71,0,1.0628e+06,19323.7,6.9e-05,8.05792e-05,0.000158,1e-06,1e-06,1e-06,4.8e-05,4.8e-05,0,0,0,0,0,0,0,-1,-1,51.8,17.5271,1,0,0,benign
0.000212,2,2,86,228,43,43,43,0,114,114,114,0,1.48113e+06,18867.9,7.06667e-05,3.92598e-05,0.000116,4.8e-05,4.8e-05,4.8e-05,4.8e-05,4.8e-05,0,0,0,0,0,0,0,-1,-1,71.4,38.8883,1,0,0,benign
2.0949,9,5,1299,2238,433,0,144.333,216.5,746,0,447.6,408.601,1688.39,6.68289,0.161146,0.302145,1.1354,4.9e-05,2.0949,0.261863,0.725129,0.181282,0,0,0,0,1,0,0,8192,360,235.8,316.001,0,0,0,benign
0.209944,2,2,60,150,30,30,30,0,75,75,75,0,1000.27,19.0527,0.0699813,0.121206,0.209938,3e-06,3e-06,3e-06,3e-06,3e-06,0,0,0,0,0,0,0,-1,-1,48,24.6475,1,0,0,benign
0.032796,2,2,84,204,42,42,42,0,102,102,102,0,8781.56,121.966,0.010932,0.0188898,0.032744,4e-06,4.8e-05,4.8e-05,4e-06,4e-06,0,0,0,0,0,0,0,-1,-1,66,32.8634,1,0,0,benign
0.031653,2,2,94,220,47,47,47,0,110,110,110,0,9920.07,126.37,0.010551,0.0182627,0.031639,3e-06,1.1e-05,1.1e-05,3e-06,3e-06,0,0,0,0,0,0,0,-1,-1,72.2,34.5065,1,0,0,benign
31.2464,28,31,5874,27587,1918,0,209.786,516.981,2920,0,889.903,871.26,1070.88,1.88822,0.53873,2.22338,10,1e-06,21.3,0.788413,31.2,1.04033,0,0,0,0,1,0,0,29200,85,557.683,793.09,1,0.442113,9.97334,benign
0.039329,2,2,94,542,47,47,47,0,271,271,271,0,16171.3,101.706,0.0131097,0.0227023,0.039324,1e-06,1e-06,1e-06,4e-06,4e-06,0,0,0,0,0,0,0,-1,-1,136.6,122.69,1,0,0,benign
0.000253,2,2,88,250,44,44,44,0,125,125,125,0,1.33597e+06,15810.3,8.43333e-05,0.000141747,0.000248,1e-06,1e-06,1e-06,4e-06,4e-06,0,0,0,0,0,0,0,-1,-1,76.4,44.3655,1,0,0,benign
0.000344,3,1,43,6,31,6,14.3333,14.4338,6,6,6,0,142442,11627.9,0.000114667,0.000145025,0.000278,1e-06,0.000279,0.0001395,0,0,0,0,0,0,0,1,0,981,0,11,11.1803,0,0,0,benign
0.000242,2,2,88,120,44,44,44,0,60,60,60,0,859504,16528.9,8.06667e-05,9.81648e-05,0.000191,3e-06,3e-06,3e-06,4.8e-05,4.8e-05,0,0,0,0,0,0,0,-1,-1,50.4,8.76356,1,0,0,benign
0.030671,2,2,88,200,44,44,44,0,100,100,100,0,9389.98,130.416,0.0102237,0.0177018,0.030664,3e-06,4e-06,4e-06,3e-06,3e-06,0,0,0,0,0,0,0,-1,-1,66.4,30.6725,1,0,0,benign
0.000404,2,2,66,500,33,33,33,0,250,250,250,0,1.40099e+06,9900.99,0.000134667,0.000228053,0.000398,3e-06,3e-06,3e-06,3e-06,3e-06,0,0,0,0,0,0,0,-1,-1,119.8,118.856,1,0,0,benign
7.8e-05,1,1,0,0,0,0,0,0,0,0,0,0,0,25641,7.8e-05,0,7.8e-05,7.8e-05,0,0,0,0,0,0,0,0,0,1,1,340,767,0,0,1,0,0,benign
0.000195,2,2,82,188,41,41,41,0,94,94,94,0,1.38462e+06,20512.8,6.5e-05,2.85832e-05,9.8e-05,4.8e-05,4.9e-05,4.9e-05,4.8e-05,4.8e-05,0,0,0,0,0,0,0,-1,-1,62.2,29.0293,1,0,0,benign
13.8281,38,31,6458,30622,1368,0,169.947,353.935,2182,0,987.806,658.609,2681.49,4.98983,0.203355,0.981104,6.39217,1e-06,13.8,0.373733,13.8,0.459661,0,0,0,0,1,0,0,65535,447,529.714,652.223,0,7.35925,6.39217,benign
0.071828,2,2,78,424,39,39,39,0,212,212,212,0,6988.92,55.6886,0.0239427,0.0414275,0.071779,1e-06,1e-06,1e-06,4.8e-05,4.8e-05,0,0,0,0,0,0,0,-1,-1,108.2,94.756,1,0,0,benign
0.000215,2,2,84,162,42,42,42,0,81,81,81,0,1.14419e+06,18604.7,7.16667e-05,4.0129e-05,0.000118,4.8e-05,4.8e-05,4.8e-05,4.9e-05,4.9e-05,0,0,0,0,0,0,0,-1,-1,57.6,21.3612,1,0,0,benign
0.000166,2,2,80,112,40,40,40,0,56,56,56,0,1.15663e+06,24096.4,5.53333e-05,9.23815e-05,0.000162,1e-06,1e-06,1e-06,3e-06,3e-06,0,0,0,0,0,0,0,-1,-1,46.4,8.76356,1,0,0,benign
86.3064,2,2,91,234,47,44,45.5,2.12132,131,103,117,19.799,3.76566,0.0463465,28.8,49.4,85.8,0.047913,86.3,86.3,85.9,85.9,0,0,0,0,0,0,0,-1,-1,74.4,40.1472,1,0.424769,85.8,benign
0.073223,2,2,70,342,35,35,35,0,171,171,171,0,5626.65,54.6276,0.0244077,0.0422719,0.073219,1e-06,1e-06,1e-06,3e-06,3e-06,0,0,0,0,0,0,0,-1,-1,89.4,74.4903,1,0,0,benign
0.031491,2,2,64,196,32,32,32,0,98,98,98,0,8256.33,127.02,0.010497,0.0181363,0.031439,4e-06,4e-06,4e-06,4.8e-05,4.8e-05,0,0,0,0,0,0,0,-1,-1,58.4,36.1497,1,0,0,benign
0.19035,30,43,991,65321,485,0,33.0333,101.445,3426,0,1519.09,900.308,348369,383.504,0.00264375,0.0088258,0.03655,0,0.19035,0.00656379,0.15445,0.00367738,0,0,0,0,1,0,0,65535,290,896.108,1008.05,1,0,0,benign
0.000152,2,2,104,178,52,52,52,0,89,89,89,0,1.85526e+06,26315.8,5.06667e-05,8.16966e-05,0.000145,3e-06,4e-06,4e-06,3e-06,3e-06,0,0,0,0,0,0,0,-1,-1,66.8,20.2657,1,0,0,benign
3.9e-05,1,1,0,0,0,0,0,0,0,0,0,0,0,51282.1,3.9e-05,0,3.9e-05,3.9e-05,0,0,0,0,0,0,0,0,0,1,1,370,332,0,0,1,0,0,benign
3.9e-05,1,1,0,0,0,0,0,0,0,0,0,0,0,51282.1,3.9e-05,0,3.9e-05,3.9e-05,0,0,0,0,0,0,0,0,0,1,1,362,245,0,0,1,0,0,benign
0.047799,1,1,42,149,42,42,42,0,149,149,149,0,3995.9,41.8419,0.047799,0,0.047799,0.047799,0,0,0,0,0,0,0,0,0,0,0,-1,-1,77.6667,61.7765,1,0,0,benign
0.071319,3,0,18,0,6,6,6,0,0,0,0,0,252.387,42.0645,0.0356595,0.0503566,0.071267,5.2e-05,0.071319,0.0356595,0,0,0,0,0,0,0,1,0,16308,-1,6,0,0,0,0,benign
2.4e-05,1,1,0,0,0,0,0,0,0,0,0,0,0,83333.3,2.4e-05,0,2.4e-05,2.4e-05,0,0,0,0,0,0,0,0,0,1,1,229,343,0,0,1,0,0,benign
0.023946,2,2,86,196,43,43,43,0,98,98,98,0,11776.5,167.043,0.007982,0.0138192,0.023939,3e-06,3e-06,3e-06,4e-06,4e-06,0,0,0,0,0,0,0,-1,-1,65,30.1247,1,0,0,benign
0.00044,1,1,52,117,52,52,52,0,117,117,117,0,384091,4545.45,0.00044,0,0.00044,0.00044,0,0,0,0,0,0,0,0,0,0,0,-1,-1,73.6667,37.5278,1,0,0,benign
0.000176,2,2,80,144,40,40,40,0,72,72,72,0,1.27273e+06,22727.3,5.86667e-05,9.64175e-05,0.00017,3e-06,3e-06,3e-06,3e-06,3e-06,0,0,0,0,0,0,0,-1,-1,52.8,17.5271,1,0,0,benign
0.039826,2,2,66,98,33,33,33,0,49,49,49,0,4117.91,100.437,0.0132753,0.0229875,0.039819,3e-06,4e-06,4e-06,3e-06,3e-06,0,0,0,0,0,0,0,-1,-1,39.4,8.76356,1,0,0,benign
0.049397,4,4,224,560,56,56,56,0,140,140,140,0,15871.4,161.953,0.00705671,0.0183578,0.048686,3e-06,0.049242,0.016414,0.000707,0.000235667,0,0,0,0,0,0,0,-1,-1,93.3333,44.2719,1,0,0,benign
0.034457,1,1,6,6,6,6,6,0,6,6,6,0,348.26,58.0434,0.034457,0,0.034457,0.034457,0,0,0,0,0,0,0,0,0,1,1,258,54,6,0,1,0,0,benign
0.36612,5,7,774,475,491,0,154.8,209.152,287,2,67.8571,107.996,3411.45,32.7761,0.0332836,0.0563231,0.121103,3e-06,0.243471,0.0608677,0.245017,0.0408362,0,0,0,0,1,0,0,8192,31088,96.0769,151.933,1,0,0,benign
0.035597,2,2,60,178,30,30,30,0,89,89,89,0,6685.96,112.369,0.0118657,0.0205476,0.035592,1e-06,1e-06,1e-06,4e-06,4e-06,0,0,0,0,0,0,0,-1,-1,53.6,32.3156,1,0,0,benign
0.023775,2,2,54,86,27,27,27,0,43,43,43,0,5888.54,168.244,0.007925,0.0136815,0.023723,4e-06,4e-06,4e-06,4.8e-05,4.8e-05,0,0,0,0,0,0,0,-1,-1,33.4,8.76356,1,0,0,benign
3.87562,5,1,135,46,46,6,27,20.1246,46,46,46,0,46.7022,1.54814,0.775124,1.59656,3.62742,4.9e-05,3.87562,0.968905,0,0,1,0,1,0,0,1,0,16119,127,32.4286,18.8667,0,0,0,benign
0.000889,2,2,78,208,39,39,39,0,104,104,104,0,321710,4499.44,0.000296333,0.000471415,0.00084,1e-06,4.8e-05,4.8e-05,1e-06,1e-06,0,0,0,0,0,0,0,-1,-1,65,35.602,1,0,0,benign
0.00041,1,1,65,123,65,65,65,0,123,123,123,0,458537,4878.05,0.00041,0,0.00041,0.00041,0,0,0,0,0,0,0,0,0,0,0,-1,-1,84.3333,33.4863,1,0,0,benign
1.28207,3,3,0,18,0,0,0,0,6,6,6,0,14.0398,4.67993,0.256414,0.218614,0.497492,0.096737,1.18527,0.592634,1.18532,0.592659,0,0,0,0,1,0,0,8192,0,2.57143,3.20713,1,0,0,benign
6.8e-05,1,1,0,0,0,0,0,0,0,0,0,0,0,29411.8,6.8e-05,0,6.8e-05,6.8e-05,0,0,0,0,0,0,0,0,0,1,1,349,1177,0,0,1,0,0,benign
0.048384,2,2,62,222,31,31,31,0,111,111,111,0,5869.71,82.672,0.016128,0.0279311,0.04838,1e-06,1e-06,1e-06,3e-06,3e-06,0,0,0,0,0,0,0,-1,-1,63,43.8178,1,0,0,benign
0.445964,4,2,140,102,35,35,35,0,51,51,51,0,542.645,13.454,0.0891928,0.181901,0.413622,3e-06,0.032339,0.0107797,3e-06,3e-06,0,0,0,0,0,0,0,-1,-1,39.5714,7.8072,0,0,0,benign
0.000194,2,2,78,184,39,39,39,0,92,92,92,0,1.35052e+06,20618.6,6.46667e-05,0.000100062,0.00018,1e-06,1.3e-05,1.3e-05,1e-06,1e-06,0,0,0,0,0,0,0,-1,-1,60.2,29.0293,1,0,0,benign
0.061345,1,1,51,67,51,51,51,0,67,67,67,0,1923.55,32.6025,0.061345,0,0.061345,0.061345,0,0,0,0,0,0,0,0,0,0,0,-1,-1,56.3333,9.2376,1,0,0,benign
0.095116,1,1,0,0,0,0,0,0,0,0,0,0,0,21.027,0.095116,0,0.095116,0.095116,0,0,0,0,0,0,0,0,0,1,1,304,252,0,0,1,0,0,benign
5.89169,3,1,0,0,0,0,0,0,0,0,0,0,0,0.678922,1.9639,3.37631,5.86249,9.3e-05,5.89169,2.94585,0,0,0,0,0,0,1,0,0,29200,28960,0,0,0,0,0,benign
0.000284,2,2,72,292,36,36,36,0,146,146,146,0,1.28169e+06,14084.5,9.46667e-05,0.000157906,0.000277,3e-06,3e-06,3e-06,4e-06,4e-06,0,0,0,0,0,0,0,-1,-1,80,60.2495,1,0,0,benign
0.123248,4,2,160,234,40,40,40,0,117,117,117,0,3196.81,48.6823,0.0246496,0.0402464,0.092629,3e-06,0.030616,0.0102053,3e-06,3e-06,0,0,0,0,0,0,0,-1,-1,62,37.5722,0,0,0,benign
0.031104,2,2,82,138,41,41,41,0,69,69,69,0,7073.05,128.601,0.010368,0.0179518,0.031097,3e-06,3e-06,3e-06,4e-06,4e-06,0,0,0,0,0,0,0,-1,-1,52.2,15.3362,1,0,0,benign
0.09561,2,2,68,166,34,34,34,0,83,83,83,0,2447.44,41.8366,0.03187,0.0551953,0.095604,3e-06,3e-06,3e-06,3e-06,3e-06,0,0,0,0,0,0,0,-1,-1,53.6,26.8384,1,0,0,benign
0.03096,1,1,33,65,33,33,33,0,65,65,65,0,3165.37,64.5995,0.03096,0,0.03096,0.03096,0,0,0,0,0,0,0,0,0,0,0,-1,-1,43.6667,18.4752,1,0,0,benign
0.00014,2,2,60,264,30,30,30,0,132,132,132,0,2.31429e+06,28571.4,4.66667e-05,4.50148e-05,9.1e-05,1e-06,1e-06,1e-06,4.8e-05,4.8e-05,0,0,0,0,0,0,0,-1,-1,70.8,55.8677,1,0,0,benign
0.030778,2,2,74,138,37,37,37,0,69,69,69,0,6888.04,129.963,0.0102593,0.0177636,0.030771,3e-06,3e-06,3e-06,4e-06,4e-06,0,0,0,0,0,0,0,-1,-1,49.8,17.5271,1,0,0,benign
0.04693,1,1,41,144,41,41,41,0,144,144,144,0,3942.04,42.6167,0.04693,0,0.04693,0.04693,0,0,0,0,0,0,0,0,0,0,0,-1,-1,75.3333,59.4671,1,0,0,benign
9.2e-05,1,1,0,0,0,0,0,0,0,0,0,0,0,21739.1,9.2e-05,0,9.2e-05,9.2e-05,0,0,0,0,0,0,0,0,0,1,1,35,256,0,0,1,0,0,benign
0.000435,2,2,348,358,174,174,174,0,179,179,179,0,1.62299e+06,9195.4,0.000145,0.000167144,0.000338,4.8e-05,4.9e-05,4.9e-05,4.8e-05,4.8e-05,0,0,0,0,0,0,0,-1,-1,176,2.73861,1,0,0,benign
1.35018,5,2,11601,26,8760,0,2320.2,3803.23,20,6,13,9.89949,8611.44,5.18449,0.22503,0.54813,1.34389,0.000105,1.35018,0.337545,0.000324,0.000324,0,0,0,0,1,0,0,8192,256,1453.38,3113.95,0,0,0,benign
0.000525,1,1,48,64,48,48,48,0,64,64,64,0,213333,3809.52,0.000525,0,0.000525,0.000525,0,0,0,0,0,0,0,0,0,0,0,-1,-1,53.3333,9.2376,1,0,0,benign
0.113109,3,1,43,6,31,6,14.3333,14.4338,6,6,6,0,433.21,35.3641,0.037703,0.0652663,0.113066,1e-06,4.3e-05,2.15e-05,0,0,0,0,0,0,0,1,0,16234,0,11,11.1803,0,0,0,benign
0.02375,2,0,12,0,6,6,6,0,0,0,0,0,505.263,84.2105,0.02375,0,0.02375,0.02375,0.02375,0.02375,0,0,0,0,0,0,0,1,0,351,-1,6,0,0,0,0,benign
59.0243,16,17,891,5893,215,0,55.6875,75.2593,2860,0,346.647,701.98,114.936,0.559091,1.84451,10.4,58.6,1e-06,59,3.93496,58.9,3.6836,0,0,0,0,1,0,0,8192,360,199.529,513.697,1,0.354566,58.6,benign
0.000208,2,2,148,276,74,74,74,0,138,138,138,0,2.03846e+06,19230.8,6.93333e-05,7.91854e-05,0.000157,3e-06,4.8e-05,4.8e-05,3e-06,3e-06,0,0,0,0,0,0,0,-1,-1,99.6,35.0542,1,0,0,benign
96.237,2,2,98,215,55,43,49,8.48528,156,59,107.5,68.5894,3.25239,0.0415641,32.1,55.5,96.1,0.047083,96.2,96.2,96.2,96.2,0,0,0,0,0,0,0,-1,-1,71.2,47.9395,1,0.049659,96.1,benign
0.000106,1,1,0,0,0,0,0,0,0,0,0,0,0,18867.9,0.000106,0,0.000106,0.000106,0,0,0,0,0,0,0,0,0,1,1,151,572,0,0,1,0,0,benign
0.050825,1,1,43,96,43,43,43,0,96,96,96,0,2734.87,39.3507,0.050825,0,0.050825,0.050825,0,0,0,0,0,0,0,0,0,0,0,-1,-1,60.6667,30.5996,1,0,0,benign
0.022993,1,1,6,6,6,6,6,0,6,6,6,0,521.898,86.983,0.022993,0,0.022993,0.022993,0,0,0,0,0,1,0,0,0,1,0,0,298,6,0,1,0,0,benign
0.048113,4,2,136,182,34,34,34,0,91,91,91,0,6609.44,124.706,0.0096226,0.013856,0.030129,1e-06,0.030133,0.0100443,3e-06,3e-06,0,0,0,0,0,0,0,-1,-1,50.2857,27.8132,0,0,0,benign
7.1e-05,1,1,6,6,6,6,6,0,6,6,6,0,169014,28169,7.1e-05,0,7.1e-05,7.1e-05,0,0,0,0,0,0,0,0,0,1,1,8190,63401,6,0,1,0,0,benign
0.048609,2,2,56,476,28,28,28,0,238,238,238,0,10944.5,82.2893,0.016203,0.0279821,0.048514,4.7e-05,4.8e-05,4.8e-05,4.7e-05,4.7e-05,0,0,0,0,0,0,0,-1,-1,112,115.022,1,0,0,benign
0.000567,3,0,43,0,31,6,14.3333,14.4338,0,0,0,0,75837.7,5291.01,0.0002835,0.000331633,0.000518,4.9e-05,0.000567,0.0002835,0,0,0,0,0,0,0,1,0,114,-1,12.25,12.5,0,0,0,benign
0.000236,2,2,66,386,33,33,33,0,193,193,193,0,1.91525e+06,16949.2,7.86667e-05,9.47963e-05,0.000185,3e-06,4.8e-05,4.8e-05,3e-06,3e-06,0,0,0,0,0,0,0,-1,-1,97,87.6356,1,0,0,benign
0.078036,2,2,76,418,38,38,38,0,209,209,209,0,6330.41,51.2584,0.026012,0.045048,0.078029,3e-06,3e-06,3e-06,4e-06,4e-06,0,0,0,0,0,0,0,-1,-1,106.4,93.6606,1,0,0,benign
0.048311,2,2,74,188,37,37,37,0,94,94,94,0,5423.2,82.7969,0.0161037,0.027888,0.048306,1e-06,1e-06,1e-06,4e-06,4e-06,0,0,0,0,0,0,0,-1,-1,59.8,31.2202,1,0,0,benign
0.000159,2,2,86,142,43,43,43,0,71,71,71,0,1.43396e+06,25157.2,5.3e-05,5.26783e-05,0.000108,3e-06,3e-06,3e-06,4.8e-05,4.8e-05,0,0,0,0,0,0,0,-1,-1,54.2,15.3362,1,0,0,benign
86.7444,4,4,196,530,66,32,49,19.6299,194,71,132.5,71.0141,8.36942,0.092225,12.4,32.8,86.7,3e-06,86.7,28.9,86.7,28.9,0,0,0,0,0,0,0,-1,-1,88,62.0222,1,0.000215,86.7,benign
27.6227,4,4,136,904,40,28,34,6.9282,284,168,226,66.9726,37.6503,0.289617,3.94609,10.4,27.6,3e-06,27.6,9.20749,27.6,9.20747,0,0,0,0,0,0,0,-1,-1,118.667,109.873,1,0.000244,27.6,benign
0.26232,1,1,45,119,45,45,45,0,119,119,119,0,625.191,7.62428,0.26232,0,0.26232,0.26232,0,0,0,0,0,0,0,0,0,0,0,-1,-1,69.6667,42.7239,1,0,0,benign
3.2e-05,1,1,6,6,6,6,6,0,6,6,6,0,375000,62500,3.2e-05,0,3.2e-05,3.2e-05,0,0,0,0,0,0,0,0,0,1,1,61,16425,6,0,1,0,0,benign
0.044028,4,4,172,284,43,43,43,0,71,71,71,0,10357,181.703,0.00628971,0.0122205,0.032202,1e-06,0.043872,0.014624,0.011823,0.003941,0,0,0,0,0,0,0,-1,-1,55.4444,14.7573,1,0,0,benign
0.012322,51,40,105718,240,4344,0,2072.9,880.361,6,6,6,0,8.59909e+06,7385.16,0.000136911,0.000235347,0.001657,3e-06,0.012322,0.00024644,0.010598,0.000271744,0,0,0,0,0,1,0,61,0,1167.46,1216.2,0,0,0,benign
0.135496,4,2,200,434,50,50,50,0,217,217,217,0,4679.1,44.2818,0.0270992,0.0373804,0.074177,3e-06,0.061315,0.0204383,4e-06,4e-06,0,0,0,0,0,0,0,-1,-1,97.7143,81.4877,0,0,0,benign
7.1e-05,1,1,0,0,0,0,0,0,0,0,0,0,0,28169,7.1e-05,0,7.1e-05,7.1e-05,0,0,0,0,0,0,0,0,0,1,1,65535,784,0,0,1,0,0,benign
6e-06,2,0,12,0,6,6,6,0,0,0,0,0,2e+06,333333,6e-06,0,6e-06,6e-06,6e-06,6e-06,0,0,0,0,0,0,0,1,0,232,-1,6,0,0,0,0,benign
0.00019,2,2,104,220,52,52,52,0,110,110,110,0,1.70526e+06,21052.6,6.33333e-05,6.92844e-05,0.000139,3e-06,3e-06,3e-06,4.8e-05,4.8e-05,0,0,0,0,0,0,0,-1,-1,75.2,31.7679,1,0,0,benign
0.023615,1,1,45,173,45,45,45,0,173,173,173,0,9231.42,84.6919,0.023615,0,0.023615,0.023615,0,0,0,0,0,0,0,0,0,0,0,-1,-1,87.6667,73.9008,1,0,0,benign
0.046679,2,2,116,310,58,58,58,0,155,155,155,0,9126.16,85.6916,0.0155597,0.026906,0.046628,3e-06,3e-06,3e-06,4.8e-05,4.8e-05,0,0,0,0,0,0,0,-1,-1,96.8,53.1291,1,0,0,benign
5.91873,9,6,458,4242,214,0,50.8889,87.877,1448,0,707,697.348,794.089,2.53433,0.422766,1.32461,5.00664,3e-06,5.91873,0.739841,0.586414,0.117283,0,0,0,0,1,0,0,29200,16616,293.75,525.041,0,0.912088,5.00664,benign
0.000192,1,1,0,0,0,0,0,0,0,0,0,0,0,10416.7,0.000192,0,0.000192,0.000192,0,0,0,0,0,0,0,0,0,1,1,939,33304,0,0,1,0,0,benign
0.054022,2,2,84,206,42,42,42,0,103,103,103,0,5368.18,74.0439,0.0180073,0.0311455,0.053971,3e-06,4.8e-05,4.8e-05,3e-06,3e-06,0,0,0,0,0,0,0,-1,-1,66.4,33.4111,1,0,0,benign
0.000154,2,2,54,86,27,27,27,0,43,43,43,0,909091,25974,5.13333e-05,8.19837e-05,0.000146,4e-06,4e-06,4e-06,4e-06,4e-06,0,0,0,0,0,0,0,-1,-1,33.4,8.76356,1,0,0,benign
5.5e-05,1,1,0,0,0,0,0,0,0,0,0,0,0,36363.6,5.5e-05,0,5.5e-05,5.5e-05,0,0,0,0,0,0,0,0,0,1,1,382,427,0,0,1,0,0,benign
0.136851,2,2,144,308,72,72,72,0,154,154,154,0,3302.86,29.2289,0.045617,0.0789677,0.136801,3e-06,3e-06,3e-06,4.7e-05,4.7e-05,0,0,0,0,0,0,0,-1,-1,104.8,44.9132,1,0,0,benign
0.04842,2,2,94,264,47,47,47,0,132,132,132,0,7393.64,82.6105,0.01614,0.0279492,0.048413,3e-06,4e-06,4e-06,3e-06,3e-06,0,0,0,0,0,0,0,-1,-1,81,46.5564,1,0,0,benign
0.00016,2,2,46,46,23,23,23,0,23,23,23,0,575000,25000,5.33333e-05,8.89176e-05,0.000156,1e-06,3e-06,3e-06,1e-06,1e-06,0,0,0,0,0,0,0,-1,-1,23,0,1,0,0,benign
0.065921,2,2,102,438,51,51,51,0,219,219,219,0,8191.62,60.6787,0.0219737,0.0380552,0.065916,1e-06,4e-06,4e-06,1e-06,1e-06,0,0,0,0,0,0,0,-1,-1,118.2,92.0174,1,0,0,benign
1.00019,2,0,88,0,82,6,44,53.7401,0,0,0,0,87.9829,1.99961,1.00019,0,1.00019,1.00019,1.00019,1.00019,0,0,0,0,0,0,0,1,0,256,-1,31.3333,43.8786,0,0,0,benign
0.184026,2,2,82,302,41,41,41,0,151,151,151,0,2086.66,21.7361,0.061342,0.106244,0.184022,0,0,0,4e-06,4e-06,0,0,0,0,0,0,0,-1,-1,85,60.2495,1,0,0,benign
7.3e-05,1,1,0,0,0,0,0,0,0,0,0,0,0,27397.3,7.3e-05,0,7.3e-05,7.3e-05,0,0,0,0,0,0,0,0,0,1,1,243,65535,0,0,1,0,0,benign
116.345,16,14,418,710,334,0,26.125,82.1136,638,0,50.7143,169.04,9.69527,0.257853,4.01191,4.81689,9.99364,0.000107,116,7.75636,112,8.57766,0,0,0,0,1,0,0,8192,511,36.3871,126.292,0,0.168779,9.96852,benign
0.000227,2,2,80,264,40,40,40,0,132,132,132,0,1.51542e+06,17621.1,7.56667e-05,0.000125862,0.000221,3e-06,3e-06,3e-06,3e-06,3e-06,0,0,0,0,0,0,0,-1,-1,76.8,50.3905,1,0,0,benign
0.121388,1,1,6,6,6,6,6,0,6,6,6,0,98.8566,16.4761,0.121388,0,0.121388,0.121388,0,0,0,0,0,0,0,0,0,1,1,30016,30016,6,0,1,0,0,benign
0.039568,2,2,64,128,32,32,32,0,64,64,64,0,4852.41,101.092,0.0131893,0.0228403,0.039563,2e-06,2e-06,2e-06,3e-06,3e-06,0,0,0,0,0,0,0,-1,-1,44.8,17.5271,1,0,0,benign
0.657889,30,21,5518,11332,1312,0,183.933,334.102,3069,0,539.619,749.408,25612.2,77.5207,0.0131578,0.061104,0.375521,0,0.657889,0.0226858,0.657804,0.0328902,0,0,0,0,1,0,0,29200,2079,324.038,562.543,0,0,0,benign
0.017078,1,1,6,6,6,6,6,0,6,6,6,0,702.658,117.11,0.017078,0,0.017078,0.017078,0,0,0,0,0,1,0,0,0,1,0,0,0,6,0,1,0,0,benign
61.07,14,14,929,4252,548,0,66.3571,150.107,1460,2,303.714,534.044,84.8371,0.45849,2.26185,4.218,10,4e-05,61.1,4.69769,61,4.69374,0,0,0,0,1,0,0,8192,31236,178.655,397.671,1,0.0693863,10,benign
0.061836,4,2,136,132,34,34,34,0,66,66,66,0,4334.04,97.0309,0.0123672,0.0197632,0.045332,3e-06,0.045338,0.0151127,3e-06,3e-06,0,0,0,0,0,0,0,-1,-1,43.1429,15.6144,0,0,0,benign
0.031827,2,2,92,360,46,46,46,0,180,180,180,0,14201.8,125.679,0.010609,0.0183719,0.031823,1e-06,1e-06,1e-06,3e-06,3e-06,0,0,0,0,0,0,0,-1,-1,99.6,73.3948,1,0,0,benign
0.093007,2,2,84,246,42,42,42,0,123,123,123,0,3548.12,43.0075,0.0310023,0.0536535,0.092956,3e-06,3e-06,3e-06,4.8e-05,4.8e-05,0,0,0,0,0,0,0,-1,-1,74.4,44.3655,1,0,0,benign
8.7e-05,2,1,31,6,31,0,15.5,21.9203,6,6,6,0,425287,34482.8,4.35e-05,6.01041e-05,8.6e-05,1e-06,1e-06,1e-06,0,0,1,0,1,0,0,1,0,1106,0,17,16.3503,0,0,0,benign
1.6e-05,1,1,0,0,0,0,0,0,0,0,0,0,0,125000,1.6e-05,0,1.6e-05,1.6e-05,0,0,0,0,0,0,0,0,0,1,1,126,298,0,0,1,0,0,benign
0.048215,2,2,90,202,45,45,45,0,101,101,101,0,6056.21,82.9617,0.0160717,0.0278309,0.048208,3e-06,3e-06,3e-06,4e-06,4e-06,0,0,0,0,0,0,0,-1,-1,67.4,30.6725,1,0,0,benign
9.00023,3,0,0,0,0,0,0,0,0,0,0,0,0,0.333325,4.50011,2.12165,6.00035,2.99988,9.00023,4.50011,0,0,0,0,0,0,1,0,0,8192,-1,0,0,0,2.99988,6.00035,benign
0.000172,2,2,94,206,47,47,47,0,103,103,103,0,1.74419e+06,23255.8,5.73333e-05,9.41134e-05,0.000166,2e-06,2e-06,2e-06,4e-06,4e-06,0,0,0,0,0,0,0,-1,-1,69.4,30.6725,1,0,0,benign
0.047124,4,2,148,204,37,37,37,0,102,102,102,0,7469.65,127.324,0.0094248,0.0137907,0.030449,3e-06,0.030455,0.0101517,4e-06,4e-06,0,0,0,0,0,0,0,-1,-1,55.5714,31.7168,0,0,0,benign
0.0922,2,2,96,494,48,48,48,0,247,247,247,0,6399.13,43.3839,0.0307333,0.0531875,0.092149,3e-06,3e-06,3e-06,4.8e-05,4.8e-05,0,0,0,0,0,0,0,-1,-1,127.6,108.997,1,0,0,benign
0.020052,3,1,18,0,6,6,6,0,0,0,0,0,897.666,199.481,0.006684,0.0115121,0.019977,3e-05,0.020052,0.010026,0,0,0,1,0,0,0,0,0,0,287,4.8,2.68328,0,0,0,benign
0.050111,1,1,44,72,44,44,44,0,72,72,72,0,2314.86,39.9114,0.050111,0,0.050111,0.050111,0,0,0,0,0,0,0,0,0,0,0,-1,-1,53.3333,16.1658,1,0,0,benign
0.031214,2,2,90,146,45,45,45,0,73,73,73,0,7560.71,128.148,0.0104047,0.0180162,0.031208,3e-06,3e-06,3e-06,3e-06,3e-06,0,0,0,0,0,0,0,-1,-1,56.2,15.3362,1,0,0,benign
0.080433,2,2,94,350,47,47,47,0,175,175,175,0,5520.12,49.7308,0.026811,0.0463549,0.080337,4.7e-05,4.7e-05,4.7e-05,4.9e-05,4.9e-05,0,0,0,0,0,0,0,-1,-1,98.2,70.1085,1,0,0,benign
0.036507,2,2,68,100,34,34,34,0,50,50,50,0,4601.86,109.568,0.012169,0.0210713,0.0365,3e-06,3e-06,3e-06,4e-06,4e-06,0,0,0,0,0,0,0,-1,-1,40.4,8.76356,1,0,0,benign
0.000432,2,2,356,358,178,178,178,0,179,179,179,0,1.65278e+06,9259.26,0.000144,0.000244219,0.000426,3e-06,3e-06,3e-06,3e-06,3e-06,0,0,0,0,0,0,0,-1,-1,178.4,0.547723,1,0,0,benign
115.196,20,16,3179,432,2580,0,158.95,581.375,280,0,27,77.3908,31.3466,0.312511,3.29131,4.76138,10.2,1.9e-05,115,6.06294,112,7.49942,0,0,0,0,1,0,0,29200,1120,97.5946,430.644,0,0.0342588,10.2,benign
0.024703,2,2,62,108,31,31,31,0,54,54,54,0,6881.76,161.924,0.00823433,0.014258,0.024698,1e-06,1e-06,1e-06,4e-06,4e-06,0,0,0,0,0,0,0,-1,-1,40.2,12.5976,1,0,0,benign
5.3e-05,1,1,0,0,0,0,0,0,0,0,0,0,0,37735.8,5.3e-05,0,5.3e-05,5.3e-05,0,0,0,0,0,0,0,0,0,1,1,124,320,0,0,1,0,0,benign
0.000181,2,2,82,138,41,41,41,0,69,69,69,0,1.21547e+06,22099.4,6.03333e-05,6.34061e-05,0.000129,4e-06,4.8e-05,4.8e-05,4e-06,4e-06,0,0,0,0,0,0,0,-1,-1,52.2,15.3362,1,0,0,benign
0.061255,2,2,72,192,36,36,36,0,96,96,96,0,4309.85,65.3008,0.0204183,0.0353595,0.061248,3e-06,3e-06,3e-06,4e-06,4e-06,0,0,0,0,0,0,0,-1,-1,60,32.8634,1,0,0,benign
0.319349,9,7,3330,1099,2981,0,370,981.816,941,2,157,347.151,13868.8,50.1019,0.0212899,0.0233872,0.067088,3e-06,0.319349,0.0399186,0.243313,0.0405522,0,0,0,0,1,0,0,8192,65535,260.529,736.781,0,0,0,benign
1e-05,1,1,6,6,6,6,6,0,6,6,6,0,1.2e+06,200000,1e-05,0,1e-05,1e-05,0,0,0,0,0,0,0,0,0,1,1,513,258,6,0,1,0,0,benign
0.041705,2,2,68,186,34,34,34,0,93,93,93,0,6090.4,95.9118,0.0139017,0.0240741,0.0417,1e-06,1e-06,1e-06,4e-06,4e-06,0,0,0,0,0,0,0,-1,-1,57.6,32.3156,1,0,0,benign
0.000259,2,2,66,278,33,33,33,0,139,139,139,0,1.32819e+06,15444,8.63333e-05,0.00010891,0.000209,1e-06,1e-06,1e-06,4.9e-05,4.9e-05,0,0,0,0,0,0,0,-1,-1,75.4,58.0586,1,0,0,benign
0.273697,2,2,76,282,38,38,38,0,141,141,141,0,1308.02,14.6147,0.0912323,0.157974,0.273645,3e-06,3e-06,3e-06,4.9e-05,4.9e-05,0,0,0,0,0,0,0,-1,-1,79.2,56.4154,1,0,0,benign
3.28244,3,3,0,0,0,0,0,0,0,0,0,0,0,1.82791,0.656489,0.930962,2.02996,9.8e-05,1.25248,0.62624,3.25497,1.62749,0,0,0,0,1,0,0,29200,29,0,0,1,0,0,benign
9e-05,1,1,0,0,0,0,0,0,0,0,0,0,0,22222.2,9e-05,0,9e-05,9e-05,0,0,0,0,0,0,0,0,0,1,1,939,545,0,0,1,0,0,benign
15.2906,4,4,148,396,39,35,37,2.3094,127,71,99,32.3316,35.5774,0.523197,2.18437,5.77916,15.3,2e-06,15.3,5.09682,15.3,5.09681,0,0,0,0,0,0,0,-1,-1,64.7778,38.0584,1,0.000185,15.3,benign
1.32368,9,11,703,3950,267,0,78.1111,103.302,1448,0,359.091,569.918,3515.21,15.1094,0.0696673,0.148935,0.654717,2e-06,1.22772,0.153465,1.22634,0.122634,0,0,0,0,1,0,0,29200,252,221.571,434.499,1,0,0,benign
0.000242,2,2,90,172,45,45,45,0,86,86,86,0,1.08264e+06,16528.9,8.06667e-05,0.000132791,0.000234,4e-06,4e-06,4e-06,4e-06,4e-06,0,0,0,0,0,0,0,-1,-1,61.4,22.4566,1,0,0,benign
0.000332,2,2,84,228,42,42,42,0,114,114,114,0,939759,12048.2,0.000110667,0.000150307,0.000282,1e-06,1e-06,1e-06,4.9e-05,4.9e-05,0,0,0,0,0,0,0,-1,-1,70.8,39.436,1,0,0,benign
0.299468,1,1,46,97,46,46,46,0,97,97,97,0,477.513,6.67851,0.299468,0,0.299468,0.299468,0,0,0,0,0,0,0,0,0,0,0,-1,-1,63,29.4449,1,0,0,benign
0.000254,2,2,140,396,70,70,70,0,198,198,198,0,2.11024e+06,15748,8.46667e-05,0.000141451,0.000248,3e-06,3e-06,3e-06,3e-06,3e-06,0,0,0,0,0,0,0,-1,-1,121.2,70.1085,1,0,0,benign
0.031133,2,2,76,108,38,38,38,0,54,54,54,0,5910.13,128.481,0.0103777,0.0179694,0.031127,3e-06,3e-06,3e-06,3e-06,3e-06,0,0,0,0,0,0,0,-1,-1,44.4,8.76356,1,0,0,benign
8.8e-05,1,1,6,6,6,6,6,0,6,6,6,0,136364,22727.3,8.8e-05,0,8.8e-05,8.8e-05,0,0,0,0,0,0,0,0,0,1,1,123,255,6,0,1,0,0,benign
115.738,17,17,882,4966,792,0,51.8824,190.729,1430,0,292.118,566.402,50.5281,0.293768,3.5072,4.73292,9.99689,4.8e-05,116,7.2336,110,6.90107,0,0,0,0,1,0,0,8192,347,167.086,428.208,1,0.0619687,9.97596,benign
71.7932,39,45,1197,61388,436,0,30.6923,101.053,4194,0,1364.18,1051.48,871.74,1.17003,0.864978,2.69678,10,2e-06,67.4,1.77299,71.7,1.62938,0,0,0,0,1,0,0,29200,11,736.294,1016.15,1,0.159947,9.46484,benign
4.6e-05,1,1,0,0,0,0,0,0,0,0,0,0,0,43478.3,4.6e-05,0,4.6e-05,4.6e-05,0,0,0,0,0,0,0,0,0,1,1,118,298,0,0,1,0,0,benign
7.4e-05,1,1,6,6,6,6,6,0,6,6,6,0,162162,27027,7.4e-05,0,7.4e-05,7.4e-05,0,0,0,0,0,0,0,0,0,1,1,32,65535,6,0,1,0,0,benign
0.060817,2,2,98,316,49,49,49,0,158,158,158,0,6807.31,65.7711,0.0202723,0.0351075,0.060811,3e-06,3e-06,3e-06,3e-06,3e-06,0,0,0,0,0,0,0,-1,-1,92.6,59.7018,1,0,0,benign
6.3e-05,1,2,6,12,6,6,6,0,6,6,6,0,285714,47619,3.15e-05,4.31335e-05,6.2e-05,1e-06,0,0,1e-06,1e-06,0,0,0,0,0,1,1,2051,254,6,0,2,0,0,benign
2.8e-05,1,1,0,0,0,0,0,0,0,0,0,0,0,71428.6,2.8e-05,0,2.8e-05,2.8e-05,0,0,0,0,0,0,0,0,0,1,1,243,325,0,0,1,0,0,benign
1.65184,3,3,0,0,0,0,0,0,0,0,0,0,0,3.63231,0.330368,0.161343,0.507513,0.212514,1.43925,0.719626,1.43932,0.719661,0,0,0,0,1,0,0,8192,0,0,0,1,0,0,benign
0.061185,2,2,64,380,32,32,32,0,190,190,190,0,7256.68,65.3755,0.020395,0.0353191,0.061178,3e-06,3e-06,3e-06,4e-06,4e-06,0,0,0,0,0,0,0,-1,-1,95.2,86.5402,1,0,0,benign
117.443,9,7,994,463,856,0,110.444,280.469,189,0,66.1429,70.6409,12.4061,0.136237,7.82951,20.6,58.9,4e-06,117,14.7,117,19.6,1,0,1,0,0,1,0,338,378,136.059,275.871,0,0.104555,58.6,benign
5e-06,1,1,0,0,0,0,0,0,0,0,0,0,0,400000,5e-06,0,5e-06,5e-06,0,0,0,0,0,0,0,0,0,1,1,340,32832,0,0,1,0,0,benign
0.00021,3,1,18,0,6,6,6,0,0,0,0,0,85714.3,19047.6,7e-05,0.000100045,0.000185,3e-06,0.00021,0.000105,0,0,0,1,0,0,0,0,0,0,1120,4.8,2.68328,0,0,0,benign
0.00016,2,2,102,134,51,51,51,0,67,67,67,0,1.475e+06,25000,5.33333e-05,8.54478e-05,0.000152,4e-06,4e-06,4e-06,4e-06,4e-06,0,0,0,0,0,0,0,-1,-1,57.4,8.76356,1,0,0,benign
0.000161,2,2,90,172,45,45,45,0,86,86,86,0,1.62733e+06,24844.7,5.36667e-05,8.8636e-05,0.000156,1e-06,4e-06,4e-06,1e-06,1e-06,0,0,0,0,0,0,0,-1,-1,61.4,22.4566,1,0,0,benign
0.000837,2,2,64,96,32,32,32,0,48,48,48,0,191159,4778.97,0.000279,0.000478046,0.000831,3e-06,3e-06,3e-06,3e-06,3e-06,0,0,0,0,0,0,0,-1,-1,38.4,8.76356,1,0,0,benign
0.023541,2,2,68,158,34,34,34,0,79,79,79,0,9600.27,169.916,0.007847,0.0135083,0.023445,4.8e-05,4.8e-05,4.8e-05,4.8e-05,4.8e-05,0,0,0,0,0,0,0,-1,-1,52,24.6475,1,0,0,benign
7.1e-05,1,1,0,0,0,0,0,0,0,0,0,0,0,28169,7.1e-05,0,7.1e-05,7.1e-05,0,0,0,0,0,0,0,0,0,1,1,391,354,0,0,1,0,0,benign
0.188461,2,2,76,222,38,38,38,0,111,111,111,0,1581.23,21.2246,0.0628203,0.108805,0.188457,1e-06,1e-06,1e-06,3e-06,3e-06,0,0,0,0,0,0,0,-1,-1,67.2,39.9837,1,0,0,benign
0.042664,2,2,66,328,33,33,33,0,164,164,164,0,9234.95,93.7559,0.0142213,0.0246251,0.042656,4e-06,4e-06,4e-06,4e-06,4e-06,0,0,0,0,0,0,0,-1,-1,85.4,71.7517,1,0,0,benign
0.071837,4,2,160,216,40,40,40,0,108,108,108,0,5234.07,83.5224,0.0143674,0.0269751,0.062021,3e-06,0.062028,0.020676,4e-06,4e-06,0,0,0,0,0,0,0,-1,-1,59.4286,33.1806,0,0,0,benign
0.09554,1,1,0,0,0,0,0,0,0,0,0,0,0,20.9336,0.09554,0,0.09554,0.09554,0,0,0,0,0,0,0,0,0,1,1,304,252,0,0,1,0,0,benign
0.000102,1,1,6,6,6,6,6,0,6,6,6,0,117647,19607.8,0.000102,0,0.000102,0.000102,0,0,0,0,0,0,0,0,0,1,0,946,0,6,0,1,0,0,benign
90.2861,16,18,2075,5335,1460,0,129.688,366.996,1460,0,296.389,557.365,82.0724,0.37658,2.73594,4.49983,9.99769,3e-06,80.3,5.35282,90.3,5.30959,0,0,0,0,1,0,0,8192,6384,211.714,472.259,1,0.0602682,9.97153,benign
0.067955,2,2,82,158,41,41,41,0,79,79,79,0,3531.75,58.8625,0.0226517,0.0392278,0.067948,3e-06,4e-06,4e-06,3e-06,3e-06,0,0,0,0,0,0,0,-1,-1,56.2,20.8135,1,0,0,benign
1.1e-05,1,1,0,0,0,0,0,0,0,0,0,0,0,181818,1.1e-05,0,1.1e-05,1.1e-05,0,0,0,0,0,0,0,0,0,1,1,1013,253,0,0,1,0,0,benign
0.092615,4,2,148,262,37,37,37,0,131,131,131,0,4426.93,64.7843,0.018523,0.0270914,0.059783,3e-06,0.032828,0.0109427,4e-06,4e-06,0,0,0,0,0,0,0,-1,-1,63.8571,45.8673,0,0,0,benign
2.3e-05,1,1,6,6,6,6,6,0,6,6,6,0,521739,86956.5,2.3e-05,0,2.3e-05,2.3e-05,0,0,0,0,0,0,0,0,0,1,1,188,255,6,0,1,0,0,benign
0.030448,1,1,41,69,41,41,41,0,69,69,69,0,3612.72,65.6858,0.030448,0,0.030448,0.030448,0,0,0,0,0,0,0,0,0,0,0,-1,-1,50.3333,16.1658,1,0,0,benign
0.000233,2,0,12,0,6,6,6,0,0,0,0,0,51502.1,8583.69,0.000233,0,0.000233,0.000233,0.000233,0.000233,0,0,0,0,0,0,0,1,0,123,-1,6,0,0,0,0,benign
0.031558,2,2,64,204,32,32,32,0,102,102,102,0,8492.3,126.751,0.0105193,0.018214,0.031551,3e-06,3e-06,3e-06,4e-06,4e-06,0,0,0,0,0,0,0,-1,-1,60,38.3406,1,0,0,benign
4.9e-05,1,1,0,0,0,0,0,0,0,0,0,0,0,40816.3,4.9e-05,0,4.9e-05,4.9e-05,0,0,0,0,0,0,0,0,0,1,1,152,320,0,0,1,0,0,benign
0.00017,2,2,46,46,23,23,23,0,23,23,23,0,541176,23529.4,5.66667e-05,6.10765e-05,0.000122,1e-06,4.7e-05,4.7e-05,1e-06,1e-06,0,0,0,0,0,0,0,-1,-1,23,0,1,0,0,benign
0.030815,1,1,80,208,80,80,80,0,208,208,208,0,9346.1,64.9035,0.030815,0,0.030815,0.030815,0,0,0,0,0,0,0,0,0,0,0,-1,-1,122.667,73.9008,1,0,0,benign
3.06908,3,3,150,0,50,50,50,0,0,0,0,0,48.8745,1.95498,0.613817,0.759713,1.45156,0.058951,3.01003,1.50501,3.01007,1.50503,0,0,0,0,0,0,0,-1,-1,28.5714,26.7261,1,0,0,benign
0.716262,10,8,535,4736,201,0,53.5,77.4371,1460,0,592,715.427,7359.04,25.1305,0.0421331,0.0721158,0.241909,3e-06,0.716262,0.0795847,0.439107,0.0627296,0,0,0,0,1,0,0,8192,31,277.421,527.408,0,0,0,benign
8.5e-05,2,1,0,0,0,0,0,0,0,0,0,0,0,35294.1,4.25e-05,5.58614e-05,8.2e-05,3e-06,3e-06,3e-06,0,0,0,0,0,0,0,1,1,59,296,0,0,0,0,0,benign
0.004878,3,1,31,6,31,0,10.3333,17.8979,6,6,6,0,7585.08,820.008,0.001626,0.00263113,0.004664,7.9e-05,0.004878,0.002439,0,0,0,0,0,0,0,1,0,59,0,7.4,13.4462,0,0,0,benign
0.000251,2,2,82,244,41,41,41,0,122,122,122,0,1.2988e+06,15936.3,8.36667e-05,6.17765e-05,0.000155,4.8e-05,4.8e-05,4.8e-05,4.8e-05,4.8e-05,0,0,0,0,0,0,0,-1,-1,73.4,44.3655,1,0,0,benign
0.000211,2,2,74,154,37,37,37,0,77,77,77,0,1.08057e+06,18957.3,7.03333e-05,0.00011576,0.000204,3e-06,3e-06,3e-06,4e-06,4e-06,0,0,0,0,0,0,0,-1,-1,53,21.9089,1,0,0,benign
0.061428,1,1,47,105,47,47,47,0,105,105,105,0,2474.44,32.5584,0.061428,0,0.061428,0.061428,0,0,0,0,0,0,0,0,0,0,0,-1,-1,66.3333,33.4863,1,0,0,benign
0.000244,2,2,60,414,30,30,30,0,207,207,207,0,1.94262e+06,16393.4,8.13333e-05,0.000134812,0.000237,3e-06,3e-06,3e-06,4e-06,4e-06,0,0,0,0,0,0,0,-1,-1,100.8,96.9469,1,0,0,benign
0.072388,2,2,68,122,34,34,34,0,61,61,61,0,2624.74,55.2578,0.0241293,0.0417898,0.072384,1e-06,1e-06,1e-06,3e-06,3e-06,0,0,0,0,0,0,0,-1,-1,44.8,14.7885,1,0,0,benign
60.9905,16,13,884,3210,573,0,55.25,148.232,1448,0,246.923,534.949,67.1252,0.475484,2.17823,4.16772,10,1.5e-05,61,4.06604,60.9,5.07825,0,0,0,0,1,0,0,29200,114,136.467,373.539,0,0.0863442,10,benign
0.039774,4,4,136,316,34,34,34,0,79,79,79,0,11364.2,201.136,0.005682,0.011855,0.031758,1e-06,0.039551,0.0131837,0.008013,0.002671,0,0,0,0,0,0,0,-1,-1,54,23.7171,1,0,0,benign
0.054816,2,0,12,0,6,6,6,0,0,0,0,0,218.914,36.4857,0.054816,0,0.054816,0.054816,0.054816,0.054816,0,0,0,0,0,0,0,1,0,256,-1,6,0,0,0,0,benign
0.000144,2,2,82,114,41,41,41,0,57,57,57,0,1.36111e+06,27777.8,4.8e-05,7.70779e-05,0.000137,3e-06,3e-06,3e-06,4e-06,4e-06,0,0,0,0,0,0,0,-1,-1,47.4,8.76356,1,0,0,benign
25.6444,11,9,832,5479,463,0,75.6364,144.211,1855,0,608.778,760.232,246.096,0.779896,1.34971,3.26072,9.99982,4.9e-05,25.6,2.56444,20.5,2.55658,0,0,0,0,1,0,0,8192,227,300.524,562.735,0,0.175629,8.37252,benign
0.000166,2,2,98,162,49,49,49,0,81,81,81,0,1.56627e+06,24096.4,5.53333e-05,8.97794e-05,0.000159,3e-06,3e-06,3e-06,4e-06,4e-06,0,0,0,0,0,0,0,-1,-1,61.8,17.5271,1,0,0,benign
7e-06,2,1,0,0,0,0,0,0,0,0,0,0,0,428571,3.5e-06,7.07107e-07,4e-06,3e-06,4e-06,4e-06,0,0,0,0,0,0,0,1,1,122,1086,0,0,0,0,0,benign
0.10234,1,1,0,0,0,0,0,0,0,0,0,0,0,19.5427,0.10234,0,0.10234,0.10234,0,0,0,0,0,0,0,0,0,1,1,254,118,0,0,1,0,0,benign
0.000169,2,2,88,300,44,44,44,0,150,150,150,0,2.29586e+06,23668.6,5.63333e-05,5.83467e-05,0.000118,2e-06,2e-06,2e-06,4.9e-05,4.9e-05,0,0,0,0,0,0,0,-1,-1,86.4,58.0586,1,0,0,benign
61.1723,14,14,1503,4791,1132,0,107.357,300.352,1601,0,342.214,582.233,102.89,0.457724,2.26564,4.19071,10,8e-05,61.2,4.70556,61.1,4.70163,0,0,0,0,1,0,0,8192,119,217.034,463.472,1,0.162376,9.9571,benign
0.055161,2,2,70,158,35,35,35,0,79,79,79,0,4133.36,72.515,0.018387,0.0318048,0.055112,1e-06,1e-06,1e-06,4.8e-05,4.8e-05,0,0,0,0,0,0,0,-1,-1,52.6,24.0998,1,0,0,benign
0.000204,2,2,74,154,37,37,37,0,77,77,77,0,1.11765e+06,19607.8,6.8e-05,7.82496e-05,0.000154,1e-06,4.9e-05,4.9e-05,1e-06,1e-06,0,0,0,0,0,0,0,-1,-1,53,21.9089,1,0,0,benign
0.000202,2,2,72,328,36,36,36,0,164,164,164,0,1.9802e+06,19802,6.73333e-05,0.000110564,0.000195,3e-06,4e-06,4e-06,3e-06,3e-06,0,0,0,0,0,0,0,-1,-1,87.2,70.1085,1,0,0,benign
0.031063,2,2,76,172,38,38,38,0,86,86,86,0,7983.77,128.771,0.0103543,0.0179282,0.031056,3e-06,4e-06,4e-06,3e-06,3e-06,0,0,0,0,0,0,0,-1,-1,57.2,26.2907,1,0,0,benign
0.03077,2,2,66,122,33,33,33,0,61,61,61,0,6109.85,129.997,0.0102567,0.0177226,0.030721,3e-06,4.6e-05,4.6e-05,3e-06,3e-06,0,0,0,0,0,0,0,-1,-1,44.2,15.3362,1,0,0,benign
0.099173,2,2,66,174,33,33,33,0,87,87,87,0,2420.01,40.3336,0.0330577,0.0572125,0.099121,4e-06,4e-06,4e-06,4.8e-05,4.8e-05,0,0,0,0,0,0,0,-1,-1,54.6,29.577,1,0,0,benign
8.9e-05,1,1,0,0,0,0,0,0,0,0,0,0,0,22471.9,8.9e-05,0,8.9e-05,8.9e-05,0,0,0,0,0,0,0,0,0,1,1,119,33304,0,0,1,0,0,benign
0.031078,2,2,142,306,71,71,71,0,153,153,153,0,14415.3,128.708,0.0103593,0.0179377,0.031072,3e-06,3e-06,3e-06,3e-06,3e-06,0,0,0,0,0,0,0,-1,-1,103.8,44.9132,1,0,0,benign
0.000243,2,2,64,196,32,32,32,0,98,98,98,0,1.06996e+06,16460.9,8.1e-05,5.54256e-05,0.000145,4.9e-05,4.9e-05,4.9e-05,4.9e-05,4.9e-05,0,0,0,0,0,0,0,-1,-1,58.4,36.1497,1,0,0,benign
0.031629,2,2,70,200,35,35,35,0,100,100,100,0,8536.47,126.466,0.010543,0.0182169,0.031578,3e-06,3e-06,3e-06,4.8e-05,4.8e-05,0,0,0,0,0,0,0,-1,-1,61,35.602,1,0,0,benign
0.02408,2,2,68,482,34,34,34,0,241,241,241,0,22840.5,166.113,0.00802667,0.0138965,0.024073,3e-06,3e-06,3e-06,4e-06,4e-06,0,0,0,0,0,0,0,-1,-1,116.8,113.379,1,0,0,benign
0.031257,2,2,60,344,30,30,30,0,172,172,172,0,12925.1,127.971,0.010419,0.0180428,0.031253,1e-06,1e-06,1e-06,3e-06,3e-06,0,0,0,0,0,0,0,-1,-1,86.8,77.7766,1,0,0,benign
112.167,22,17,2185,3980,437,0,99.3182,187.443,796,0,234.118,373.856,54.9628,0.347697,2.95176,4.51886,10.2,1.3e-05,112,5.3401,112,7.00895,0,0,0,0,1,0,0,29200,294,154.125,285.223,0,1.01223,10.2,benign
0.001081,3,1,18,0,6,6,6,0,0,0,0,0,16651.2,3700.28,0.000360333,0.000467938,0.00089,3e-06,0.001081,0.0005405,0,0,0,1,0,0,0,0,0,0,972,4.8,2.68328,0,0,0,benign
0.032003,2,2,72,328,36,36,36,0,164,164,164,0,12498.8,124.988,0.0106677,0.0184717,0.031997,3e-06,3e-06,3e-06,3e-06,3e-06,0,0,0,0,0,0,0,-1,-1,87.2,70.1085,1,0,0,benign
116.07,18,16,448,2094,448,0,24.8889,105.595,1448,0,130.875,377.055,21.9006,0.292926,3.51728,4.83512,10.2,4.7e-05,116,6.82765,113,7.50817,0,0,0,0,1,0,0,29200,939,72.6286,266.938,0,0.0378222,10.2,benign
0.360688,2,2,74,154,37,37,37,0,77,77,77,0,632.125,11.0899,0.120229,0.208161,0.360593,4.7e-05,4.8e-05,4.8e-05,4.7e-05,4.7e-05,0,0,0,0,0,0,0,-1,-1,53,21.9089,1,0,0,benign
0.000568,2,0,0,0,0,0,0,0,0,0,0,0,0,3521.13,0.000568,0,0.000568,0.000568,0.000568,0.000568,0,0,0,0,0,0,0,1,0,243,-1,0,0,0,0,0,benign
31.2179,13,11,1398,5086,535,0,107.538,185.183,1460,0,462.364,607.473,207.701,0.768789,1.3573,3.36121,10,4.8e-05,31.2,2.60149,21.4,2.14107,0,0,0,0,1,0,0,8192,64,259.36,452.86,0,0.567661,9.8383,benign
0.000241,2,2,72,146,36,36,36,0,73,73,73,0,904564,16597.5,8.03333e-05,9.66454e-05,0.000189,4e-06,4e-06,4e-06,4.8e-05,4.8e-05,0,0,0,0,0,0,0,-1,-1,50.8,20.2657,1,0,0,benign
5.97822,6,4,611,149,517,0,101.833,204.305,137,0,37.25,66.5601,127.128,1.67274,0.664246,1.81136,5.48991,4e-06,5.97822,1.19564,0.339172,0.113057,0,0,0,0,1,0,0,8192,119,69.0909,154.031,0,0.488306,5.48991,benign
0.048238,4,2,140,126,35,35,35,0,63,63,63,0,5514.32,124.383,0.0096476,0.0176893,0.040768,2e-06,0.040818,0.013606,4e-06,4e-06,0,0,0,0,0,0,0,-1,-1,43,13.6626,0,0,0,benign
0.032187,2,2,44,182,22,22,22,0,91,91,91,0,7021.47,124.274,0.010729,0.0185797,0.032183,1e-06,1e-06,1e-06,3e-06,3e-06,0,0,0,0,0,0,0,-1,-1,49.6,37.7929,1,0,0,benign
0.000219,2,0,0,0,0,0,0,0,0,0,0,0,0,9132.42,0.000219,0,0.000219,0.000219,0.000219,0.000219,0,0,0,0,0,0,0,1,0,4939,-1,0,0,0,0,0,benign
1.3e-05,1,1,0,0,0,0,0,0,0,0,0,0,0,153846,1.3e-05,0,1.3e-05,1.3e-05,0,0,0,0,0,0,0,0,0,1,1,373,263,0,0,1,0,0,benign
4.1e-05,1,1,0,0,0,0,0,0,0,0,0,0,0,48780.5,4.1e-05,0,4.1e-05,4.1e-05,0,0,0,0,0,0,0,0,0,1,1,1024,255,0,0,1,0,0,benign
0.000155,2,2,60,156,30,30,30,0,78,78,78,0,1.39355e+06,25806.5,5.16667e-05,8.34286e-05,0.000148,3e-06,4e-06,4e-06,3e-06,3e-06,0,0,0,0,0,0,0,-1,-1,49.2,26.2907,1,0,0,benign
0.024071,1,1,52,124,52,52,52,0,124,124,124,0,7311.7,83.0875,0.024071,0,0.024071,0.024071,0,0,0,0,0,0,0,0,0,0,0,-1,-1,76,41.5692,1,0,0,benign
0.000175,2,2,108,140,54,54,54,0,70,70,70,0,1.41714e+06,22857.1,5.83333e-05,6.11583e-05,0.000124,3e-06,3e-06,3e-06,4.8e-05,4.8e-05,0,0,0,0,0,0,0,-1,-1,60.4,8.76356,1,0,0,benign
0.061531,2,2,68,428,34,34,34,0,214,214,214,0,8060.98,65.0079,0.0205103,0.035479,0.061478,4e-06,4e-06,4e-06,4.9e-05,4.9e-05,0,0,0,0,0,0,0,-1,-1,106,98.5901,1,0,0,benign
0.0002,2,2,84,212,42,42,42,0,106,106,106,0,1.48e+06,20000,6.66667e-05,7.47685e-05,0.000149,3e-06,3e-06,3e-06,4.8e-05,4.8e-05,0,0,0,0,0,0,0,-1,-1,67.6,35.0542,1,0,0,benign
0.038406,2,2,94,350,47,47,47,0,175,175,175,0,11560.7,104.15,0.012802,0.0221296,0.038355,3e-06,4.8e-05,4.8e-05,3e-06,3e-06,0,0,0,0,0,0,0,-1,-1,98.2,70.1085,1,0,0,benign
0.110039,2,0,12,0,6,6,6,0,0,0,0,0,109.052,18.1754,0.110039,0,0.110039,0.110039,0.110039,0.110039,0,0,0,0,0,0,0,1,0,256,-1,6,0,0,0,0,benign
0.061532,2,2,64,532,32,32,32,0,266,266,266,0,9686.02,65.0068,0.0205107,0.0354822,0.061482,4e-06,4.6e-05,4.6e-05,4e-06,4e-06,0,0,0,0,0,0,0,-1,-1,125.6,128.167,1,0,0,benign
0.218353,4,2,156,326,39,39,39,0,163,163,163,0,2207.43,27.4784,0.0436706,0.080981,0.186406,1e-06,0.031943,0.0106477,4e-06,4e-06,0,0,0,0,0,0,0,-1,-1,74.4286,60.5058,0,0,0,benign
0.03769,4,2,148,170,37,37,37,0,85,85,85,0,8437.25,159.193,0.007538,0.0136846,0.031597,2e-06,0.031603,0.0105343,0.00019,0.00019,0,0,0,0,0,0,0,-1,-1,50.7143,23.4216,0,0,0,benign
0.050348,1,1,0,0,0,0,0,0,0,0,0,0,0,39.7235,0.050348,0,0.050348,0.050348,0,0,0,0,0,0,0,0,0,1,1,240,119,0,0,1,0,0,benign
0.107928,1,1,41,106,41,41,41,0,106,106,106,0,1362.02,18.5309,0.107928,0,0.107928,0.107928,0,0,0,0,0,0,0,0,0,0,0,-1,-1,62.6667,37.5278,1,0,0,benign
0.031138,2,2,64,176,32,32,32,0,88,88,88,0,7707.62,128.46,0.0103793,0.0179723,0.031132,3e-06,3e-06,3e-06,3e-06,3e-06,0,0,0,0,0,0,0,-1,-1,54.4,30.6725,1,0,0,benign
0.066825,2,2,86,198,43,43,43,0,99,99,99,0,4249.91,59.8578,0.022275,0.0385373,0.066774,3e-06,4.8e-05,4.8e-05,3e-06,3e-06,0,0,0,0,0,0,0,-1,-1,65.4,30.6725,1,0,0,benign
0.050433,2,2,76,180,38,38,38,0,90,90,90,0,5076.04,79.3131,0.016811,0.029114,0.050429,1e-06,3e-06,3e-06,1e-06,1e-06,0,0,0,0,0,0,0,-1,-1,58.8,28.4816,1,0,0,benign
5.64782,7,4,677,174,517,0,96.7143,189.768,174,0,43.5,87,150.678,1.94765,0.564782,1.64168,5.23419,4e-06,5.64782,0.941304,0.305275,0.101758,0,0,0,0,1,0,0,29200,59,70.9167,151.199,0,0.413626,5.23419,benign
0.000171,2,2,116,212,58,58,58,0,106,106,106,0,1.91813e+06,23391.8,5.7e-05,5.90169e-05,0.00012,3e-06,3e-06,3e-06,4.8e-05,4.8e-05,0,0,0,0,0,0,0,-1,-1,77.2,26.2907,1,0,0,benign
0.078018,13,8,1089,4294,581,0,83.7692,166.817,1460,0,536.75,662.366,68996.9,269.169,0.0039009,0.00683754,0.019218,1e-06,0.078018,0.0065015,0.061604,0.00880057,0,0,0,0,1,0,0,65535,31,244.682,462.084,0,0,0,benign
0.000185,2,2,64,96,32,32,32,0,48,48,48,0,864865,21621.6,6.16667e-05,0.000103351,0.000181,1e-06,1e-06,1e-06,3e-06,3e-06,0,0,0,0,0,0,0,-1,-1,38.4,8.76356,1,0,0,benign
0.038632,4,2,192,128,48,48,48,0,64,64,64,0,8283.29,155.312,0.0077264,0.0142629,0.032846,3e-06,0.032853,0.010951,4e-06,4e-06,0,0,0,0,0,0,0,-1,-1,52.5714,7.8072,0,0,0,benign
5.4e-05,1,1,0,0,0,0,0,0,0,0,0,0,0,37037,5.4e-05,0,5.4e-05,5.4e-05,0,0,0,0,0,0,0,0,0,1,1,357,354,0,0,1,0,0,benign
0.001031,3,1,31,6,31,0,10.3333,17.8979,6,6,6,0,35887.5,3879.73,0.000343667,0.000544898,0.000972,1e-06,0.000973,0.0004865,0,0,0,0,0,0,0,1,0,1977,0,7.4,13.4462,0,0,0,benign
0.000219,2,2,156,316,78,78,78,0,158,158,158,0,2.15525e+06,18264.8,7.3e-05,4.33013e-05,0.000123,4.8e-05,4.8e-05,4.8e-05,4.8e-05,4.8e-05,0,0,0,0,0,0,0,-1,-1,110,43.8178,1,0,0,benign
0.048757,2,2,82,114,41,41,41,0,57,57,57,0,4019.94,82.0395,0.0162523,0.0281048,0.048705,3e-06,3e-06,3e-06,4.9e-05,4.9e-05,0,0,0,0,0,0,0,-1,-1,47.4,8.76356,1,0,0,benign
0.000239,2,2,72,146,36,36,36,0,73,73,73,0,912134,16736.4,7.96667e-05,9.57566e-05,0.000187,3e-06,3e-06,3e-06,4.9e-05,4.9e-05,0,0,0,0,0,0,0,-1,-1,50.8,20.2657,1,0,0,benign
105.467,12,11,0,0,0,0,0,0,0,0,0,0,0,0.218077,4.79396,4.98405,10,0.034339,105,9.58792,100,10,0,0,0,0,0,1,0,291,294,0,0,0,0.0344203,10,benign
0.000171,2,2,88,210,44,44,44,0,105,105,105,0,1.74269e+06,23391.8,5.7e-05,5.8643e-05,0.00012,4e-06,4.7e-05,4.7e-05,4e-06,4e-06,0,0,0,0,0,0,0,-1,-1,68.4,33.4111,1,0,0,benign
0.000232,2,2,82,210,41,41,41,0,105,105,105,0,1.25862e+06,17241.4,7.73333e-05,0.000127884,0.000225,3e-06,4e-06,4e-06,3e-06,3e-06,0,0,0,0,0,0,0,-1,-1,66.6,35.0542,1,0,0,benign
0.009716,2,0,0,0,0,0,0,0,0,0,0,0,0,205.846,0.009716,0,0.009716,0.009716,0.009716,0.009716,0,0,0,0,0,0,0,1,0,245,-1,0,0,0,0,0,benign
3e-06,2,0,31,0,31,0,15.5,21.9203,0,0,0,0,1.03333e+07,666667,3e-06,0,3e-06,3e-06,3e-06,3e-06,0,0,1,0,1,0,0,1,0,349,-1,20.6667,17.8979,0,0,0,benign
9.8e-05,3,1,43,6,31,6,14.3333,14.4338,6,6,6,0,500000,40816.3,3.26667e-05,5.22717e-05,9.3e-05,1e-06,5e-06,2.5e-06,0,0,0,0,0,0,0,1,0,1130,0,11,11.1803,0,0,0,benign
0.062092,2,2,72,454,36,36,36,0,227,227,227,0,8471.3,64.4205,0.0206973,0.0358445,0.062087,1e-06,1e-06,1e-06,4e-06,4e-06,0,0,0,0,0,0,0,-1,-1,112.4,104.615,1,0,0,benign
0.000181,2,2,70,126,35,35,35,0,63,63,63,0,1.08287e+06,22099.4,6.03333e-05,7.38196e-05,0.000143,1e-06,3.7e-05,3.7e-05,1e-06,1e-06,0,0,0,0,0,0,0,-1,-1,46.2,15.3362,1,0,0,benign
9.5e-05,2,1,12,6,6,6,6,0,6,6,6,0,189474,31578.9,4.75e-05,6.71751e-05,9.5e-05,0,9.5e-05,9.5e-05,0,0,0,0,0,0,0,1,1,16062,245,6,0,0,0,0,benign
2.26042,4,4,154,292,44,33,38.5,6.35085,86,60,73,15.0111,197.309,3.53917,0.322917,0.840763,2.22941,3e-06,2.22955,0.743184,2.26028,0.753426,0,0,0,0,0,0,0,-1,-1,54.4444,20.3108,1,0,0,benign
0.000154,2,2,74,138,37,37,37,0,69,69,69,0,1.37662e+06,25974,5.13333e-05,8.37158e-05,0.000148,3e-06,3e-06,3e-06,3e-06,3e-06,0,0,0,0,0,0,0,-1,-1,49.8,17.5271,1,0,0,benign
9.3e-05,2,1,31,0,31,0,15.5,21.9203,0,0,0,0,333333,32258.1,4.65e-05,6.15183e-05,9e-05,3e-06,3e-06,3e-06,0,0,1,0,1,0,0,1,0,1006,0,15.5,17.8979,0,0,0,benign
50.2734,8,7,416,349,380,0,52,132.549,343,0,49.8571,129.283,15.2168,0.298369,3.59096,4.89259,9.99293,0.000103,40.5,5.77946,50.2,8.36927,0,0,0,0,1,0,0,8192,119,47.8125,122.671,0,0.159356,9.9547,benign
0.119741,2,2,140,300,70,70,70,0,150,150,150,0,3674.6,33.4054,0.0399137,0.0691273,0.119735,3e-06,3e-06,3e-06,3e-06,3e-06,0,0,0,0,0,0,0,-1,-1,102,43.8178,1,0,0,benign
0.071292,1,1,60,281,60,60,60,0,281,281,281,0,4783.15,28.0536,0.071292,0,0.071292,0.071292,0,0,0,0,0,0,0,0,0,0,0,-1,-1,133.667,127.594,1,0,0,benign
0.000193,2,2,66,130,33,33,33,0,65,65,65,0,1.01554e+06,20725.4,6.43333e-05,7.02662e-05,0.000141,3e-06,4.9e-05,4.9e-05,3e-06,3e-06,0,0,0,0,0,0,0,-1,-1,45.8,17.5271,1,0,0,benign
0.205307,4,2,120,150,30,30,30,0,75,75,75,0,1315.1,29.2245,0.0410614,0.0744194,0.171615,3e-06,0.033688,0.0112293,4e-06,4e-06,0,0,0,0,0,0,0,-1,-1,42.8571,21.9578,0,0,0,benign
60.3604,15,14,1196,5135,805,0,79.7333,208.487,1460,0,366.786,579.091,104.887,0.480447,2.15573,4.15213,10,4.9e-05,60.4,4.31146,60.3,4.63913,0,0,0,0,1,0,0,8192,68,211.033,439.859,0,0.0971347,9.96282,benign
14.808,4,2,49,0,31,6,12.25,12.5,0,0,0,0,3.30902,0.405186,2.9616,4.43307,10,3e-06,14.8,4.936,10,10,0,0,0,0,0,1,0,3878,340,7.85714,10.5898,0,0.034444,10,benign
0.049715,2,2,88,208,44,44,44,0,104,104,104,0,5953.94,80.4586,0.0165717,0.028619,0.049618,4.8e-05,4.8e-05,4.8e-05,4.9e-05,4.9e-05,0,0,0,0,0,0,0,-1,-1,68,32.8634,1,0,0,benign
0.078966,3,1,0,0,0,0,0,0,0,0,0,0,0,50.6547,0.026322,0.0448969,0.078163,5.7e-05,0.078966,0.039483,0,0,0,0,0,0,0,1,1,9,271,0,0,0,0,0,benign
0.036177,2,1,0,0,0,0,0,0,0,0,0,0,0,82.9256,0.0180885,0.0255796,0.036176,1e-06,1e-06,1e-06,0,0,0,0,0,0,0,1,1,32832,351,0,0,0,0,0,benign
0.012325,1,1,0,0,0,0,0,0,0,0,0,0,0,162.272,0.012325,0,0.012325,0.012325,0,0,0,0,0,0,0,0,0,1,1,65535,269,0,0,1,0,0,benign
0.000463,1,1,48,103,48,48,48,0,103,103,103,0,326134,4319.65,0.000463,0,0.000463,0.000463,0,0,0,0,0,0,0,0,0,0,0,-1,-1,66.3333,31.7543,1,0,0,benign
0.000149,2,2,68,158,34,34,34,0,79,79,79,0,1.51678e+06,26845.6,4.96667e-05,8.17088e-05,0.000144,1e-06,4e-06,4e-06,1e-06,1e-06,0,0,0,0,0,0,0,-1,-1,52,24.6475,1,0,0,benign
8.08448,36,39,888,56482,483,0,24.6667,103.566,4344,0,1448.26,790.6,7096.31,9.27703,0.10925,0.792105,6.81184,1e-06,1.27265,0.0363613,7.8479,0.206524,0,0,0,0,1,0,0,29200,130,754.868,913.913,1,0,0,benign
0.000171,2,2,180,212,90,90,90,0,106,106,106,0,2.2924e+06,23391.8,5.7e-05,5.80259e-05,0.000119,4e-06,4e-06,4e-06,4.8e-05,4.8e-05,0,0,0,0,0,0,0,-1,-1,96.4,8.76356,1,0,0,benign
6.6e-05,1,1,0,0,0,0,0,0,0,0,0,0,0,30303,6.6e-05,0,6.6e-05,6.6e-05,0,0,0,0,0,0,0,0,0,1,1,130,435,0,0,1,0,0,benign
60.422,9,11,2029,2111,2029,0,225.444,676.333,1448,0,191.909,461.644,68.5181,0.331005,3.18011,4.76734,10,2.4e-05,50.4,6.30324,60.4,6.0371,0,0,0,0,1,0,0,29200,80,197.143,540.229,1,0.062037,10,benign
0.061279,1,1,56,174,56,56,56,0,174,174,174,0,3753.32,32.6376,0.061279,0,0.061279,0.061279,0,0,0,0,0,0,0,0,0,0,0,-1,-1,95.3333,68.1273,1,0,0,benign
0.025112,2,1,0,0,0,0,0,0,0,0,0,0,0,119.465,0.012556,0.0176041,0.025004,0.000108,0.025112,0.025112,0,0,0,0,0,0,0,1,1,60,255,0,0,0,0,0,benign
6.17154,3,1,12,0,6,0,4,3.4641,0,0,0,0,1.94441,0.648137,2.05718,3.33725,5.90769,9.2e-05,6.17154,3.08577,0,0,0,0,0,0,1,0,0,8192,8192,2.4,3.28634,0,0,0,benign
5.2e-05,1,1,0,0,0,0,0,0,0,0,0,0,0,38461.5,5.2e-05,0,5.2e-05,5.2e-05,0,0,0,0,0,0,0,0,0,1,1,151,4270,0,0,1,0,0,benign
2.6e-05,2,1,0,0,0,0,0,0,0,0,0,0,0,115385,1.3e-05,1.27279e-05,2.2e-05,4e-06,4e-06,4e-06,0,0,0,0,0,0,0,1,1,122,1097,0,0,0,0,0,benign
0.190438,2,2,62,224,31,31,31,0,112,112,112,0,1501.8,21.0042,0.0634793,0.109945,0.190433,1e-06,1e-06,1e-06,4e-06,4e-06,0,0,0,0,0,0,0,-1,-1,63.4,44.3655,1,0,0,benign
0.035479,1,1,0,0,0,0,0,0,0,0,0,0,0,56.3714,0.035479,0,0.035479,0.035479,0,0,0,0,0,0,0,0,0,1,1,328,300,0,0,1,0,0,benign
0.079963,2,2,68,158,34,34,34,0,79,79,79,0,2826.31,50.0231,0.0266543,0.0461225,0.079912,3e-06,3e-06,3e-06,4.8e-05,4.8e-05,0,0,0,0,0,0,0,-1,-1,52,24.6475,1,0,0,benign
0.000155,2,2,84,228,42,42,42,0,114,114,114,0,2.0129e+06,25806.5,5.16667e-05,8.51606e-05,0.00015,2e-06,3e-06,3e-06,2e-06,2e-06,0,0,0,0,0,0,0,-1,-1,70.8,39.436,1,0,0,benign
0.000205,2,2,58,232,29,29,29,0,116,116,116,0,1.41463e+06,19512.2,6.83333e-05,8.04508e-05,0.000157,0,0,0,4.8e-05,4.8e-05,0,0,0,0,0,0,0,-1,-1,63.8,47.6519,1,0,0,benign
0.000188,2,2,56,206,28,28,28,0,103,103,103,0,1.39362e+06,21276.6,6.26667e-05,0.000102481,0.000181,3e-06,3e-06,3e-06,4e-06,4e-06,0,0,0,0,0,0,0,-1,-1,58,41.0792,1,0,0,benign
0.02335,1,1,6,6,6,6,6,0,6,6,6,0,513.919,85.6531,0.02335,0,0.02335,0.02335,0,0,0,0,0,0,0,0,0,1,1,16210,31,6,0,1,0,0,benign
0.038599,2,2,66,130,33,33,33,0,65,65,65,0,5077.85,103.63,0.0128663,0.0222817,0.038595,1e-06,1e-06,1e-06,3e-06,3e-06,0,0,0,0,0,0,0,-1,-1,45.8,17.5271,1,0,0,benign
0.000235,2,2,68,484,34,34,34,0,242,242,242,0,2.34894e+06,17021.3,7.83333e-05,0.000129616,0.000228,3e-06,4e-06,4e-06,3e-06,3e-06,0,0,0,0,0,0,0,-1,-1,117.2,113.926,1,0,0,benign
0.00067,3,1,43,6,31,6,14.3333,14.4338,6,6,6,0,73134.3,5970.15,0.000223333,0.000352594,0.00063,3e-06,0.000633,0.0003165,0,0,0,0,0,0,0,1,0,2041,0,11,11.1803,0,0,0,benign
1.20679,1,1,49,159,49,49,49,0,159,159,159,0,172.358,1.65729,1.20679,0,1.20679,1.20679,0,0,0,0,0,0,0,0,0,0,0,-1,-1,85.6667,63.5085,1,0,0,benign
0.00068,2,0,12,0,6,6,6,0,0,0,0,0,17647.1,2941.18,0.00068,0,0.00068,0.00068,0.00068,0.00068,0,0,0,0,0,0,0,1,0,23360,-1,6,0,0,0,0,benign
0.062459,2,2,64,182,32,32,32,0,91,91,91,0,3938.58,64.042,0.0208197,0.0360183,0.06241,1e-06,1e-06,1e-06,4.8e-05,4.8e-05,0,0,0,0,0,0,0,-1,-1,55.6,32.3156,1,0,0,benign
0.049357,2,2,86,142,43,43,43,0,71,71,71,0,4619.41,81.0422,0.0164523,0.0284911,0.049351,3e-06,3e-06,3e-06,3e-06,3e-06,0,0,0,0,0,0,0,-1,-1,54.2,15.3362,1,0,0,benign
0.000138,2,2,72,104,36,36,36,0,52,52,52,0,1.27536e+06,28985.5,4.6e-05,7.36139e-05,0.000131,3e-06,4e-06,4e-06,3e-06,3e-06,0,0,0,0,0,0,0,-1,-1,42.4,8.76356,1,0,0,benign
0.000277,2,2,94,196,47,47,47,0,98,98,98,0,1.04693e+06,14440.4,9.23333e-05,0.00011698,0.000225,4e-06,4.8e-05,4.8e-05,4e-06,4e-06,0,0,0,0,0,0,0,-1,-1,67.4,27.9339,1,0,0,benign
0.000186,2,2,64,120,32,32,32,0,60,60,60,0,989247,21505.4,6.2e-05,0.000105655,0.000184,1e-06,1e-06,1e-06,1e-06,1e-06,0,0,0,0,0,0,0,-1,-1,43.2,15.3362,1,0,0,benign
61.2968,20,18,893,6682,315,0,44.65,84.9491,1418,0,371.222,584.213,123.579,0.619935,1.65667,9.64567,58.7,1e-06,61.3,3.22615,61.2,3.60257,0,0,0,0,1,0,0,29200,357,194.231,428.841,0,2.52064,58.7,benign
0.000217,2,2,66,500,33,33,33,0,250,250,250,0,2.60829e+06,18433.2,7.23333e-05,0.000118357,0.000209,4e-06,4e-06,4e-06,4e-06,4e-06,0,0,0,0,0,0,0,-1,-1,119.8,118.856,1,0,0,benign
0.000161,2,2,66,170,33,33,33,0,85,85,85,0,1.46584e+06,24844.7,5.36667e-05,8.68927e-05,0.000154,3e-06,3e-06,3e-06,4e-06,4e-06,0,0,0,0,0,0,0,-1,-1,53.8,28.4816,1,0,0,benign
0.023692,1,1,54,70,54,54,54,0,70,70,70,0,5233.83,84.4167,0.023692,0,0.023692,0.023692,0,0,0,0,0,0,0,0,0,0,0,-1,-1,59.3333,9.2376,1,0,0,benign
0.048687,2,2,66,150,33,33,33,0,75,75,75,0,4436.5,82.1575,0.016229,0.0281025,0.048679,4e-06,4e-06,4e-06,4e-06,4e-06,0,0,0,0,0,0,0,-1,-1,49.8,23.0043,1,0,0,benign
0.060115,1,1,47,63,47,47,47,0,63,63,63,0,1829.83,33.2696,0.060115,0,0.060115,0.060115,0,0,0,0,0,0,0,0,0,0,0,-1,-1,52.3333,9.2376,1,0,0,benign
0.00017,2,2,72,136,36,36,36,0,68,68,68,0,1.22353e+06,23529.4,5.66667e-05,5.78821e-05,0.000118,3e-06,3e-06,3e-06,4.9e-05,4.9e-05,0,0,0,0,0,0,0,-1,-1,48.8,17.5271,1,0,0,benign
9.00438,3,0,0,0,0,0,0,0,0,0,0,0,0,0.333171,4.50219,2.11664,5.99888,3.0055,9.00438,4.50219,0,0,0,0,0,0,1,0,0,8192,-1,0,0,0,3.0055,5.99888,benign
5.6e-05,1,1,6,6,6,6,6,0,6,6,6,0,214286,35714.3,5.6e-05,0,5.6e-05,5.6e-05,0,0,0,0,0,0,0,0,0,1,1,66,345,6,0,1,0,0,benign
8.9e-05,1,3,0,0,0,0,0,0,0,0,0,0,0,44943.8,2.96667e-05,4.79618e-05,8.5e-05,0,0,0,4e-06,2e-06,0,0,0,0,0,1,0,972,0,0,0,3,0,0,benign
0.000176,2,2,72,182,36,36,36,0,91,91,91,0,1.44318e+06,22727.3,5.86667e-05,6.16955e-05,0.000125,3e-06,3e-06,3e-06,4.8e-05,4.8e-05,0,0,0,0,0,0,0,-1,-1,58,30.1247,1,0,0,benign
0.031204,2,2,80,336,40,40,40,0,168,168,168,0,13331.6,128.189,0.0104013,0.0180104,0.031198,3e-06,3e-06,3e-06,3e-06,3e-06,0,0,0,0,0,0,0,-1,-1,91.2,70.1085,1,0,0,benign
2e-06,1,1,0,0,0,0,0,0,0,0,0,0,0,1e+06,2e-06,0,2e-06,2e-06,0,0,0,0,0,0,0,0,0,1,0,32832,357,0,0,1,0,0,benign
4.6e-05,2,2,72,184,36,36,36,0,92,92,92,0,5.56522e+06,86956.5,1.53333e-05,2.48261e-05,4.4e-05,1e-06,1e-06,1e-06,1e-06,1e-06,0,0,0,0,0,0,0,-1,-1,58.4,30.6725,1,0,0,benign
0.093136,2,2,76,228,38,38,38,0,114,114,114,0,3264.04,42.9479,0.0310453,0.0537686,0.093132,1e-06,1e-06,1e-06,3e-06,3e-06,0,0,0,0,0,0,0,-1,-1,68.4,41.6269,1,0,0,benign
0.000402,2,2,64,204,32,32,32,0,102,102,102,0,666667,9950.25,0.000134,0.000226033,0.000395,3e-06,3e-06,3e-06,4e-06,4e-06,0,0,0,0,0,0,0,-1,-1,60,38.3406,1,0,0,benign
30.4716,12,11,758,4609,233,0,63.1667,85.9766,1460,0,419,587.828,176.131,0.7548,1.38507,6.42706,30.2,4e-06,30.5,2.77015,0.244287,0.0244287,0,0,0,0,1,0,0,8192,32,223.625,433.168,0,0.311557,30.2,benign
0.000175,2,2,78,206,39,39,39,0,103,103,103,0,1.62286e+06,22857.1,5.83333e-05,9.49754e-05,0.000168,3e-06,4e-06,4e-06,3e-06,3e-06,0,0,0,0,0,0,0,-1,-1,64.6,35.0542,1,0,0,benign
0.000406,2,2,76,652,38,38,38,0,326,326,326,0,1.7931e+06,9852.22,0.000135333,0.000192482,0.000356,2e-06,2e-06,2e-06,4.8e-05,4.8e-05,0,0,0,0,0,0,0,-1,-1,153.2,157.744,1,0,0,benign
0.460308,5,6,589,1813,314,0,117.8,140.866,1633,0,302.167,654.013,5218.25,23.897,0.0460308,0.073377,0.157494,1e-06,0.309081,0.0772702,0.310706,0.0621412,0,0,0,0,1,0,0,8192,131,200.167,462.645,1,0,0,benign
3e-06,2,0,0,0,0,0,0,0,0,0,0,0,0,666667,3e-06,0,3e-06,3e-06,3e-06,3e-06,0,0,0,0,0,0,0,1,0,10464,-1,0,0,0,0,0,benign
0.00028,2,2,56,568,28,28,28,0,284,284,284,0,2.22857e+06,14285.7,9.33333e-05,7.76552e-05,0.000183,4.8e-05,4.8e-05,4.8e-05,4.9e-05,4.9e-05,0,0,0,0,0,0,0,-1,-1,130.4,140.217,1,0,0,benign
0.023111,1,1,0,0,0,0,0,0,0,0,0,0,0,86.5389,0.023111,0,0.023111,0.023111,0,0,0,0,0,0,0,0,0,1,1,257,939,0,0,1,0,0,benign
0.1024,1,1,0,0,0,0,0,0,0,0,0,0,0,19.5312,0.1024,0,0.1024,0.1024,0,0,0,0,0,0,0,0,0,1,1,237,119,0,0,1,0,0,benign
0.511105,2,0,12,0,6,6,6,0,0,0,0,0,23.4785,3.91309,0.511105,0,0.511105,0.511105,0.511105,0.511105,0,0,0,0,0,0,0,1,0,253,-1,6,0,0,0,0,benign
0.000176,2,2,84,246,42,42,42,0,123,123,123,0,1.875e+06,22727.3,5.86667e-05,9.55528e-05,0.000169,3e-06,3e-06,3e-06,4e-06,4e-06,0,0,0,0,0,0,0,-1,-1,74.4,44.3655,1,0,0,benign
0.1235,2,2,68,250,34,34,34,0,125,125,125,0,2574.9,32.3887,0.0411667,0.0712569,0.123447,4e-06,4.9e-05,4.9e-05,4e-06,4e-06,0,0,0,0,0,0,0,-1,-1,70.4,49.8428,1,0,0,benign
0.031684,2,2,66,252,33,33,33,0,126,126,126,0,10036.6,126.247,0.0105613,0.0182867,0.031677,3e-06,3e-06,3e-06,4e-06,4e-06,0,0,0,0,0,0,0,-1,-1,70.2,50.9382,1,0,0,benign
0.091429,2,2,66,254,33,33,33,0,127,127,127,0,3499.98,43.7498,0.0304763,0.0527805,0.091422,3e-06,3e-06,3e-06,4e-06,4e-06,0,0,0,0,0,0,0,-1,-1,70.6,51.4859,1,0,0,benign
96.6317,75,68,17424,36162,616,0,232.32,239.705,1776,0,531.794,464.022,554.538,1.47984,0.680505,1.84196,10.007,1e-06,96.6317,1.30583,86.9931,1.2984,0,0,0,0,1,0,0,8192,277,372.125,392.376,0,4.71768,7.36129,benign
0.031001,2,2,82,254,41,41,41,0,127,127,127,0,10838.4,129.028,0.0103337,0.0178924,0.030994,3e-06,4e-06,4e-06,3e-06,3e-06,0,0,0,0,0,0,0,-1,-1,75.4,47.1041,1,0,0,benign
0.050111,4,2,176,202,44,44,44,0,101,101,101,0,7543.25,119.734,0.0100222,0.0143132,0.030821,1e-06,0.030826,0.0102753,4e-06,4e-06,0,0,0,0,0,0,0,-1,-1,60.2857,27.8132,0,0,0,benign
0.000224,3,0,65,0,53,6,21.6667,27.1355,0,0,0,0,290179,13392.9,0.000112,6.92965e-05,0.000161,6.3e-05,0.000224,0.000112,0,0,0,0,0,0,0,1,0,64240,-1,17.75,23.5,0,0,0,benign
0.212671,4,4,128,352,32,32,32,0,88,88,88,0,2257.01,37.6168,0.0303816,0.0581968,0.152152,3e-06,0.212474,0.0708247,0.1524,0.0508,0,0,0,0,0,0,0,-1,-1,56.8889,29.5146,1,0,0,benign
0.000219,2,2,60,264,30,30,30,0,132,132,132,0,1.47945e+06,18264.8,7.3e-05,8.6e-05,0.000169,3e-06,4.7e-05,4.7e-05,3e-06,3e-06,0,0,0,0,0,0,0,-1,-1,70.8,55.8677,1,0,0,benign
2.8e-05,1,1,6,6,6,6,6,0,6,6,6,0,428571,71428.6,2.8e-05,0,2.8e-05,2.8e-05,0,0,0,0,0,0,0,0,0,1,1,140,256,6,0,1,0,0,benign
0.001212,2,2,64,152,32,32,32,0,76,76,76,0,178218,3300.33,0.000404,0.000696285,0.001208,1e-06,1e-06,1e-06,3e-06,3e-06,0,0,0,0,0,0,0,-1,-1,49.6,24.0998,1,0,0,benign
0.048053,4,2,180,212,45,45,45,0,106,106,106,0,8157.66,124.862,0.0096106,0.0139006,0.030372,2e-06,0.030378,0.010126,4e-06,4e-06,0,0,0,0,0,0,0,-1,-1,62.4286,29.765,0,0,0,benign
0.000165,2,2,60,92,30,30,30,0,46,46,46,0,921212,24242.4,5.5e-05,9.00666e-05,0.000159,3e-06,3e-06,3e-06,3e-06,3e-06,0,0,0,0,0,0,0,-1,-1,36.4,8.76356,1,0,0,benign
0.000178,2,2,70,166,35,35,35,0,83,83,83,0,1.32584e+06,22471.9,5.93333e-05,9.67075e-05,0.000171,3e-06,4e-06,4e-06,3e-06,3e-06,0,0,0,0,0,0,0,-1,-1,54.2,26.2907,1,0,0,benign
0.151851,1,1,0,0,0,0,0,0,0,0,0,0,0,13.1708,0.151851,0,0.151851,0.151851,0,0,0,0,0,0,0,0,0,1,1,1012,243,0,0,1,0,0,benign
0.054381,2,2,60,264,30,30,30,0,132,132,132,0,5957.96,73.5551,0.018127,0.0313527,0.05433,3e-06,3e-06,3e-06,4.8e-05,4.8e-05,0,0,0,0,0,0,0,-1,-1,70.8,55.8677,1,0,0,benign
118.628,14,13,909,3415,259,0,64.9286,85.225,1460,0,262.692,492.469,36.4501,0.227603,4.56261,15.9,58.7,1e-06,119,9.12521,118,9.86098,0,0,0,0,1,0,0,8192,118,154.429,349.237,0,0.651601,58.5,benign
0.023814,2,2,76,206,38,38,38,0,103,103,103,0,11841.8,167.968,0.007938,0.013704,0.023762,4e-06,4.8e-05,4.8e-05,4e-06,4e-06,0,0,0,0,0,0,0,-1,-1,64,35.602,1,0,0,benign
0.030484,1,1,53,69,53,53,53,0,69,69,69,0,4002.1,65.6082,0.030484,0,0.030484,0.030484,0,0,0,0,0,0,0,0,0,0,0,-1,-1,58.3333,9.2376,1,0,0,benign
10.0892,35,44,3951,18019,1350,35,112.886,222.631,1350,27,409.523,588.197,2177.58,7.83017,0.129349,0.601349,5.02515,1e-06,10.0264,0.294894,10.0511,0.233746,0,0,0,0,0,0,0,-1,-1,291.5,495.704,1,2.03668,5.02515,benign
0.001571,1,1,0,0,0,0,0,0,0,0,0,0,0,1273.07,0.001571,0,0.001571,0.001571,0,0,0,0,0,0,0,0,0,1,0,122,33304,0,0,1,0,0,benign
0.00023,2,2,88,120,44,44,44,0,60,60,60,0,904348,17391.3,7.66667e-05,4.96521e-05,0.000134,4.8e-05,4.8e-05,4.8e-05,4.8e-05,4.8e-05,0,0,0,0,0,0,0,-1,-1,50.4,8.76356,1,0,0,benign
6.58484,5,1,135,46,46,6,27,20.1246,46,46,46,0,27.4874,0.911184,1.31697,2.88882,6.48456,3e-06,6.58484,1.64621,0,0,1,0,1,0,0,1,0,256,132,32.4286,18.8667,0,0.077957,6.48456,benign
4.9e-05,1,1,0,0,0,0,0,0,0,0,0,0,0,40816.3,4.9e-05,0,4.9e-05,4.9e-05,0,0,0,0,0,0,0,0,0,1,0,349,308,0,0,1,0,0,benign
10.7624,25,20,7882,3368,3072,0,315.28,704.407,420,0,168.4,138.092,1045.31,4.18123,0.2446,1.61655,10.7238,1e-06,10.7624,0.448433,10.7622,0.566433,0,0,0,0,1,0,0,8192,2051,244.565,528.556,0,0.038243,10.7238,benign
0.048428,2,2,90,182,45,45,45,0,91,91,91,0,5616.59,82.5968,0.0161427,0.0279149,0.048376,4e-06,4.8e-05,4.8e-05,4e-06,4e-06,0,0,0,0,0,0,0,-1,-1,63.4,25.1952,1,0,0,benign
0.030939,2,2,76,418,38,38,38,0,209,209,209,0,15966.9,129.287,0.010313,0.0178574,0.030933,3e-06,3e-06,3e-06,3e-06,3e-06,0,0,0,0,0,0,0,-1,-1,106.4,93.6606,1,0,0,benign
4.8e-05,1,1,6,6,6,6,6,0,6,6,6,0,250000,41666.7,4.8e-05,0,4.8e-05,4.8e-05,0,0,0,0,0,0,0,0,0,1,1,79,16244,6,0,1,0,0,benign
0.000134,1,1,0,0,0,0,0,0,0,0,0,0,0,14925.4,0.000134,0,0.000134,0.000134,0,0,0,0,0,0,0,0,0,1,1,286,256,0,0,1,0,0,benign
0.051154,2,2,74,154,37,37,37,0,77,77,77,0,4457.13,78.1953,0.0170513,0.0295286,0.051148,3e-06,3e-06,3e-06,3e-06,3e-06,0,0,0,0,0,0,0,-1,-1,53,21.9089,1,0,0,benign
15.977,10,6,1162,625,527,0,116.2,215.645,472,0,104.167,190.31,111.849,1.00144,1.06513,2.88299,9.96,3e-06,16,1.77522,10.1,2.01973,0,0,0,0,1,0,0,29200,16384,105.118,195.559,0,0.0856015,7.90288,benign
0.000208,2,2,88,212,44,44,44,0,106,106,106,0,1.44231e+06,19230.8,6.93333e-05,3.69504e-05,0.000112,4.8e-05,4.8e-05,4.8e-05,4.8e-05,4.8e-05,0,0,0,0,0,0,0,-1,-1,68.8,33.9588,1,0,0,benign
0.000151,2,2,88,188,44,44,44,0,94,94,94,0,1.82781e+06,26490.1,5.03333e-05,8.63153e-05,0.00015,0,0,0,1e-06,1e-06,0,0,0,0,0,0,0,-1,-1,64,27.3861,1,0,0,benign
100.595,22,13,2986,6356,1305,0,135.727,379.293,2910,0,488.923,897.608,92.8675,0.34793,2.95867,17.2485,100.576,0,100.595,4.79023,100.595,8.38291,0,0,0,0,1,0,0,65535,0,259.5,627.425,0,0.018957,100.576,benign
0.014329,2,2,90,172,45,45,45,0,86,86,86,0,18284.6,279.154,0.00477633,0.00818971,0.014233,4.7e-05,4.7e-05,4.7e-05,4.9e-05,4.9e-05,0,0,0,0,0,0,0,-1,-1,61.4,22.4566,1,0,0,benign
0.031097,4,4,160,468,40,40,40,0,117,117,117,0,20194.9,257.26,0.00444243,0.0116615,0.030888,3e-06,0.030895,0.0102983,0.00017,5.66667e-05,0,0,0,0,0,0,0,-1,-1,74.2222,40.5826,1,0,0,benign
0.000253,2,2,62,226,31,31,31,0,113,113,113,0,1.13834e+06,15810.3,8.43333e-05,0.000144338,0.000251,1e-06,1e-06,1e-06,1e-06,1e-06,0,0,0,0,0,0,0,-1,-1,63.8,44.9132,1,0,0,benign
0.050603,2,2,90,196,45,45,45,0,98,98,98,0,5651.84,79.0467,0.0168677,0.0291715,0.050552,3e-06,4.8e-05,4.8e-05,3e-06,3e-06,0,0,0,0,0,0,0,-1,-1,66.2,29.0293,1,0,0,benign
30.7659,11,10,3034,6108,1448,0,275.818,581.001,1758,0,610.8,792.32,297.147,0.682574,1.53829,3.61445,10,1e-06,20.8,2.08187,30.6,3.39659,0,0,0,0,1,0,0,29200,7414,415.545,682.93,0,0.333748,9.92154,benign
0.046725,2,2,60,264,30,30,30,0,132,132,132,0,6934.19,85.6073,0.015575,0.0269698,0.046717,4e-06,4e-06,4e-06,4e-06,4e-06,0,0,0,0,0,0,0,-1,-1,70.8,55.8677,1,0,0,benign
0.000248,2,2,72,288,36,36,36,0,144,144,144,0,1.45161e+06,16129,8.26667e-05,5.83467e-05,0.00015,4.7e-05,5.1e-05,5.1e-05,4.7e-05,4.7e-05,0,0,0,0,0,0,0,-1,-1,79.2,59.154,1,0,0,benign
0.030644,1,1,47,63,47,47,47,0,63,63,63,0,3589.61,65.2656,0.030644,0,0.030644,0.030644,0,0,0,0,0,0,0,0,0,0,0,-1,-1,52.3333,9.2376,1,0,0,benign
0.010624,2,0,0,0,0,0,0,0,0,0,0,0,0,188.253,0.010624,0,0.010624,0.010624,0.010624,0.010624,0,0,0,0,0,0,0,1,0,250,-1,0,0,0,0,0,benign
0.447435,10,6,1496,4814,1077,0,149.6,334.974,1460,0,802.333,655.403,14102.6,35.7594,0.029829,0.0518095,0.196401,2.4e-05,0.447435,0.049715,0.201138,0.0402276,0,0,0,0,1,0,0,65535,508,371.176,553.497,0,0,0,benign
2.99997,52,0,9048,0,174,174,174,0,0,0,0,0,3016.03,17.3335,0.058823,0.237628,1.00005,1e-06,2.99997,0.058823,0,0,0,0,0,0,0,0,0,-1,-1,174,0,0,0,0,benign
1e-05,1,3,6,65,6,6,6,0,53,6,21.6667,27.1355,7.1e+06,400000,3.33333e-06,2.08167e-06,5e-06,1e-06,0,0,5e-06,2.5e-06,0,1,0,0,0,1,0,0,1026,15.4,21.019,3,0,0,benign
0.048844,2,2,76,172,38,38,38,0,86,86,86,0,5077.39,81.8934,0.0162813,0.028194,0.048837,3e-06,3e-06,3e-06,4e-06,4e-06,0,0,0,0,0,0,0,-1,-1,57.2,26.2907,1,0,0,benign
0.026868,3,1,0,0,0,0,0,0,0,0,0,0,0,148.876,0.008956,0.0155088,0.026864,0,4e-06,2e-06,0,0,0,1,0,0,0,0,0,0,0,0,0,0,0,0,benign
0.000185,2,2,66,122,33,33,33,0,61,61,61,0,1.01622e+06,21621.6,6.16667e-05,2.28108e-05,8.8e-05,4.8e-05,4.9e-05,4.9e-05,4.8e-05,4.8e-05,0,0,0,0,0,0,0,-1,-1,44.2,15.3362,1,0,0,benign
0.010804,3,0,83,0,46,6,27.6667,20.2073,0,0,0,0,7682.34,277.675,0.005402,0.00763392,0.0108,4e-06,0.010804,0.005402,0,0,1,0,1,0,0,1,0,258,-1,32.25,18.8746,0,0,0,benign
79.3441,3,3,154,371,59,45,51.3333,7.0946,181,66,123.667,57.5007,6.61675,0.07562,15.9,33.4,75.5,0.023347,79.3,39.6,79.3,39.7,0,0,0,0,0,0,0,-1,-1,82.1429,51.2622,1,3.82782,75.5,benign
0.000195,2,2,80,162,40,40,40,0,81,81,81,0,1.24103e+06,20512.8,6.5e-05,0.000107387,0.000189,3e-06,3e-06,3e-06,3e-06,3e-06,0,0,0,0,0,0,0,-1,-1,56.4,22.4566,1,0,0,benign
6.2e-05,1,1,0,0,0,0,0,0,0,0,0,0,0,32258.1,6.2e-05,0,6.2e-05,6.2e-05,0,0,0,0,0,0,0,0,0,1,1,114,253,0,0,1,0,0,benign
0.392485,9,8,5151,4636,3621,0,572.333,1201.11,1460,0,579.5,642.21,24936,43.3138,0.0245303,0.0273656,0.083056,1.1e-05,0.392485,0.0490606,0.304285,0.0434693,0,0,0,0,1,0,0,8192,513,543.722,931.213,0,0,0,benign
0.023782,2,2,76,172,38,38,38,0,86,86,86,0,10428.1,168.194,0.00792733,0.0137245,0.023775,3e-06,4e-06,4e-06,3e-06,3e-06,0,0,0,0,0,0,0,-1,-1,57.2,26.2907,1,0,0,benign
105.487,24,26,6258,10480,1509,0,260.75,548.658,2920,0,403.077,771.692,158.674,0.473994,2.15279,4.05442,10,3e-06,101,4.41177,105,4.21791,0,0,0,0,1,0,0,8192,1308,328.196,665.943,1,0.14606,10,benign
0.212915,2,2,66,98,33,33,33,0,49,49,49,0,770.26,18.7868,0.0709717,0.122885,0.212867,1e-06,1e-06,1e-06,4.7e-05,4.7e-05,0,0,0,0,0,0,0,-1,-1,39.4,8.76356,1,0,0,benign
0.000159,2,2,94,264,47,47,47,0,132,132,132,0,2.25157e+06,25157.2,5.3e-05,5.26783e-05,0.000108,3e-06,3e-06,3e-06,4.8e-05,4.8e-05,0,0,0,0,0,0,0,-1,-1,81,46.5564,1,0,0,benign
0.062023,2,2,60,264,30,30,30,0,132,132,132,0,5223.87,64.4922,0.0206743,0.0358029,0.062016,3e-06,3e-06,3e-06,4e-06,4e-06,0,0,0,0,0,0,0,-1,-1,70.8,55.8677,1,0,0,benign
0.000256,2,2,84,204,42,42,42,0,102,102,102,0,1.125e+06,15625,8.53333e-05,0.000106791,0.000206,3e-06,4.7e-05,4.7e-05,3e-06,3e-06,0,0,0,0,0,0,0,-1,-1,66,32.8634,1,0,0,benign
0.132704,2,2,68,100,34,34,34,0,50,50,50,0,1265.98,30.1423,0.0442347,0.0765734,0.132654,3e-06,4.7e-05,4.7e-05,3e-06,3e-06,0,0,0,0,0,0,0,-1,-1,40.4,8.76356,1,0,0,benign
0.023549,2,2,68,100,34,34,34,0,50,50,50,0,7134.06,169.859,0.00784967,0.0135891,0.023541,4e-06,4e-06,4e-06,4e-06,4e-06,0,0,0,0,0,0,0,-1,-1,40.4,8.76356,1,0,0,benign
0.001471,3,0,0,0,0,0,0,0,0,0,0,0,0,2039.43,0.0007355,0.00103591,0.001468,3e-06,0.001471,0.0007355,0,0,0,0,0,0,0,1,0,65535,-1,0,0,0,0,0,benign
0.000129,2,2,74,106,37,37,37,0,53,53,53,0,1.39535e+06,31007.8,4.3e-05,6.9282e-05,0.000123,3e-06,3e-06,3e-06,3e-06,3e-06,0,0,0,0,0,0,0,-1,-1,43.4,8.76356,1,0,0,benign
0.023706,1,1,45,61,45,45,45,0,61,61,61,0,4471.44,84.3668,0.023706,0,0.023706,0.023706,0,0,0,0,0,0,0,0,0,0,0,-1,-1,50.3333,9.2376,1,0,0,benign
0.071495,2,1,0,0,0,0,0,0,0,0,0,0,0,41.961,0.0357475,0.0503114,0.071323,0.000172,0.071495,0.071495,0,0,0,0,0,0,0,1,0,5360,65535,0,0,0,0,0,benign
0.000247,2,2,82,254,41,41,41,0,127,127,127,0,1.36032e+06,16194.3,8.23333e-05,0.000136544,0.00024,3e-06,3e-06,3e-06,4e-06,4e-06,0,0,0,0,0,0,0,-1,-1,75.4,47.1041,1,0,0,benign
0.121283,2,1,0,0,0,0,0,0,0,0,0,0,0,24.7355,0.0606415,0.0856992,0.12124,4.3e-05,0.121283,0.121283,0,0,0,0,0,0,0,1,0,5223,65535,0,0,0,0,0,benign
0.113261,2,2,78,194,39,39,39,0,97,97,97,0,2401.53,35.3167,0.0377537,0.0653081,0.113165,4.8e-05,4.8e-05,4.8e-05,4.8e-05,4.8e-05,0,0,0,0,0,0,0,-1,-1,62.2,31.7679,1,0,0,benign
0.000208,2,2,62,274,31,31,31,0,137,137,137,0,1.61538e+06,19230.8,6.93333e-05,0.000114028,0.000201,3e-06,4e-06,4e-06,3e-06,3e-06,0,0,0,0,0,0,0,-1,-1,73.4,58.0586,1,0,0,benign
0.027706,1,1,6,6,6,6,6,0,6,6,6,0,433.119,72.1865,0.027706,0,0.027706,0.027706,0,0,0,0,0,0,0,0,0,1,1,372,25,6,0,1,0,0,benign
0.000219,2,2,68,100,34,34,34,0,50,50,50,0,767123,18264.8,7.3e-05,8.43267e-05,0.000167,4e-06,4.8e-05,4.8e-05,4e-06,4e-06,0,0,0,0,0,0,0,-1,-1,40.4,8.76356,1,0,0,benign
0.143195,1,1,0,0,0,0,0,0,0,0,0,0,0,13.967,0.143195,0,0.143195,0.143195,0,0,0,0,0,0,0,0,0,1,1,1219,247,0,0,1,0,0,benign
0.00012,1,1,6,6,6,6,6,0,6,6,6,0,100000,16666.7,0.00012,0,0.00012,0.00012,0,0,0,0,0,0,0,0,0,1,1,8190,63372,6,0,1,0,0,benign
0.000231,2,2,68,484,34,34,34,0,242,242,242,0,2.38961e+06,17316,7.7e-05,9.1033e-05,0.000179,4e-06,4.8e-05,4.8e-05,4e-06,4e-06,0,0,0,0,0,0,0,-1,-1,117.2,113.926,1,0,0,benign
0.001015,2,2,70,194,35,35,35,0,97,97,97,0,260099,3940.89,0.000338333,0.00054058,0.000962,4e-06,4e-06,4e-06,4.9e-05,4.9e-05,0,0,0,0,0,0,0,-1,-1,59.8,33.9588,1,0,0,benign
16.7982,11,10,736,4176,420,0,66.9091,133.84,1448,0,417.6,577.963,292.412,1.25013,0.839911,2.52356,10,8e-06,16.8,1.67981,16.8,1.86369,0,0,0,0,1,0,0,29200,33,223.273,429.946,0,0.452188,7.94683,benign
0.00018,2,2,68,180,34,34,34,0,90,90,90,0,1.37778e+06,22222.2,6e-05,9.87269e-05,0.000174,3e-06,3e-06,3e-06,3e-06,3e-06,0,0,0,0,0,0,0,-1,-1,56.4,30.6725,1,0,0,benign
5.07236,8,7,373,4660,192,0,46.625,72.1644,1460,0,665.714,671.119,992.241,2.9572,0.362311,1.29474,4.85995,1e-06,5.07236,0.724623,0.126515,0.0210858,0,0,0,0,1,0,0,8192,946,314.562,533.872,0,0,0,benign
0.000221,2,2,84,204,42,42,42,0,102,102,102,0,1.30317e+06,18099.5,7.36667e-05,4.35928e-05,0.000124,4.8e-05,4.9e-05,4.9e-05,4.8e-05,4.8e-05,0,0,0,0,0,0,0,-1,-1,66,32.8634,1,0,0,benign
0.164998,4,2,156,266,39,39,39,0,133,133,133,0,2557.61,36.3641,0.0329996,0.0582756,0.134545,3e-06,0.030449,0.0101497,4e-06,4e-06,0,0,0,0,0,0,0,-1,-1,65.8571,45.8673,0,0,0,benign
20.3792,11,10,1535,4512,501,0,139.545,202.215,1743,2,451.2,638.791,296.724,1.03046,1.01896,2.38496,9.90165,5.1e-05,15.4,1.54321,20.2,2.24789,0,0,0,0,1,0,0,8192,33232,274.864,471.538,0,5.53043,9.90165,benign
118.165,10,15,848,10906,674,6,84.8,207.881,1430,6,727.067,690.324,99.4707,0.211568,4.92356,16.5,58.8,1e-06,118,13.1,118,8.42045,1,0,1,0,0,1,0,254,389,478,618.889,1,0.377644,58.6,benign
0.031068,2,2,86,168,43,43,43,0,84,84,84,0,8175.61,128.75,0.010356,0.017893,0.031017,3e-06,3e-06,3e-06,4.8e-05,4.8e-05,0,0,0,0,0,0,0,-1,-1,59.4,22.4566,1,0,0,benign
5.19524,14,13,2284,9877,689,0,163.143,266.638,1716,0,759.769,595.185,2340.8,5.19707,0.199817,0.755022,3.86135,3e-06,1.33389,0.102607,5.14448,0.428707,0,0,0,0,1,0,0,8192,67,434.321,536.458,0,0,0,benign
4.9e-05,1,1,6,6,6,6,6,0,6,6,6,0,244898,40816.3,4.9e-05,0,4.9e-05,4.9e-05,0,0,0,0,0,0,0,0,0,1,1,111,258,6,0,1,0,0,benign
0.000166,2,2,86,142,43,43,43,0,71,71,71,0,1.37349e+06,24096.4,5.53333e-05,5.57704e-05,0.000114,3e-06,3e-06,3e-06,4.9e-05,4.9e-05,0,0,0,0,0,0,0,-1,-1,54.2,15.3362,1,0,0,benign
0.073118,4,4,164,276,41,41,41,0,69,69,69,0,6017.67,109.412,0.0104454,0.0194683,0.050453,1e-06,0.072737,0.0242457,0.022617,0.007539,0,0,0,0,0,0,0,-1,-1,53.4444,14.7573,1,0,0,benign
0.086831,1,1,51,67,51,51,51,0,67,67,67,0,1358.96,23.0332,0.086831,0,0.086831,0.086831,0,0,0,0,0,0,0,0,0,0,0,-1,-1,56.3333,9.2376,1,0,0,benign
0.000198,2,2,102,224,51,51,51,0,112,112,112,0,1.64646e+06,20202,6.6e-05,0.000109119,0.000192,3e-06,3e-06,3e-06,3e-06,3e-06,0,0,0,0,0,0,0,-1,-1,75.4,33.4111,1,0,0,benign
0.000215,2,2,82,176,41,41,41,0,88,88,88,0,1.2e+06,18604.7,7.16667e-05,0.000122398,0.000213,1e-06,1e-06,1e-06,1e-06,1e-06,0,0,0,0,0,0,0,-1,-1,59.8,25.743,1,0,0,benign
6.7e-05,1,1,6,6,6,6,6,0,6,6,6,0,179104,29850.7,6.7e-05,0,6.7e-05,6.7e-05,0,0,0,0,0,0,0,0,0,1,1,64,341,6,0,1,0,0,benign
5.98198,8,5,374,3163,193,0,46.75,72.4524,1646,0,632.6,843.006,591.276,2.17319,0.498498,1.64493,5.72131,3e-06,5.98198,0.854569,0.190199,0.0475497,0,0,0,0,1,0,0,8192,119,252.643,554.99,0,0.260665,5.72131,benign
0.004653,2,2,62,190,31,31,31,0,95,95,95,0,54158.6,859.66,0.001551,0.00267948,0.004645,4e-06,4e-06,4e-06,4e-06,4e-06,0,0,0,0,0,0,0,-1,-1,56.6,35.0542,1,0,0,benign
0.173553,2,2,82,166,41,41,41,0,83,83,83,0,1428.96,23.0477,0.057851,0.100196,0.173547,2e-06,2e-06,2e-06,4e-06,4e-06,0,0,0,0,0,0,0,-1,-1,57.8,23.0043,1,0,0,benign
0.000217,2,2,136,392,68,68,68,0,196,196,196,0,2.43318e+06,18433.2,7.23333e-05,8.41804e-05,0.000166,3e-06,3e-06,3e-06,4.8e-05,4.8e-05,0,0,0,0,0,0,0,-1,-1,119.2,70.1085,1,0,0,benign
11.7672,10,2,440,88,44,44,44,0,44,44,44,0,44.8705,1.01979,1.06974,1.7392,4.66022,3e-06,7.10696,0.789662,4e-06,4e-06,0,0,0,0,0,0,0,-1,-1,44,0,0,0,0,benign
7.6e-05,1,1,0,0,0,0,0,0,0,0,0,0,0,26315.8,7.6e-05,0,7.6e-05,7.6e-05,0,0,0,0,0,0,0,0,0,1,1,939,387,0,0,1,0,0,benign
0.000928,2,2,62,94,31,31,31,0,47,47,47,0,168103,4310.34,0.000309333,0.000491241,0.000876,4e-06,4e-06,4e-06,4.8e-05,4.8e-05,0,0,0,0,0,0,0,-1,-1,37.4,8.76356,1,0,0,benign
0.000192,2,2,74,330,37,37,37,0,165,165,165,0,2.10417e+06,20833.3,6.4e-05,6.97209e-05,0.00014,3e-06,3e-06,3e-06,4.9e-05,4.9e-05,0,0,0,0,0,0,0,-1,-1,88.2,70.1085,1,0,0,benign
0.049583,2,2,66,98,33,33,33,0,49,49,49,0,3307.59,80.6728,0.0165277,0.0285826,0.049532,3e-06,3e-06,3e-06,4.8e-05,4.8e-05,0,0,0,0,0,0,0,-1,-1,39.4,8.76356,1,0,0,benign
0.000231,2,2,66,278,33,33,33,0,139,139,139,0,1.48918e+06,17316,7.7e-05,0.000129908,0.000227,1e-06,1e-06,1e-06,3e-06,3e-06,0,0,0,0,0,0,0,-1,-1,75.4,58.0586,1,0,0,benign
0.209858,1,1,52,163,52,52,52,0,163,163,163,0,1024.5,9.53025,0.209858,0,0.209858,0.209858,0,0,0,0,0,0,0,0,0,0,0,-1,-1,89,64.0859,1,0,0,benign
0.024077,2,2,80,278,40,40,40,0,139,139,139,0,14869,166.134,0.00802567,0.0138957,0.024071,3e-06,3e-06,3e-06,3e-06,3e-06,0,0,0,0,0,0,0,-1,-1,79.6,54.2245,1,0,0,benign
0.03132,2,2,72,328,36,36,36,0,164,164,164,0,12771.4,127.714,0.01044,0.0180376,0.031268,4e-06,4.8e-05,4.8e-05,4e-06,4e-06,0,0,0,0,0,0,0,-1,-1,87.2,70.1085,1,0,0,benign
2.8e-05,1,1,188,6,188,188,188,0,6,6,6,0,6.92857e+06,71428.6,2.8e-05,0,2.8e-05,2.8e-05,0,0,0,0,0,0,0,0,0,1,1,57,0,127.333,105.078,1,0,0,benign
0.42756,21,16,5706,6834,1633,0,271.714,490.127,1460,0,427.125,560.301,29329.2,86.5376,0.0118767,0.0447705,0.256923,1e-06,0.42756,0.021378,0.427498,0.0284999,0,0,0,0,1,0,0,8192,0,330,515.823,0,0,0,benign
0.366439,7,6,734,482,517,0,104.857,189.102,293,2,80.3333,116.29,3318.42,35.4766,0.0305366,0.0544395,0.120917,4.8e-05,0.243571,0.0405952,0.245522,0.0491044,0,0,0,0,1,0,0,65535,31088,86.8571,149.934,0,0,0,benign
0.042119,1,1,48,48,48,48,48,0,48,48,48,0,2279.26,47.4845,0.042119,0,0.042119,0.042119,0,0,0,0,0,0,0,0,0,0,0,-1,-1,48,0,1,0,0,benign
0.000178,2,2,60,264,30,30,30,0,132,132,132,0,1.82022e+06,22471.9,5.93333e-05,8.64889e-05,0.000159,4e-06,1.5e-05,1.5e-05,4e-06,4e-06,0,0,0,0,0,0,0,-1,-1,70.8,55.8677,1,0,0,benign
5.7e-05,1,1,0,0,0,0,0,0,0,0,0,0,0,35087.7,5.7e-05,0,5.7e-05,5.7e-05,0,0,0,0,0,0,0,0,0,1,1,1006,329,0,0,1,0,0,benign
0.030588,2,2,66,98,33,33,33,0,49,49,49,0,5361.58,130.77,0.010196,0.0176548,0.030582,3e-06,3e-06,3e-06,3e-06,3e-06,0,0,0,0,0,0,0,-1,-1,39.4,8.76356,1,0,0,benign
0.149832,10,5,929,943,677,0,92.9,210.97,805,0,188.6,349.721,12494,100.112,0.0107023,0.0170756,0.037949,3e-06,0.149832,0.016648,0.112294,0.0280735,0,0,0,0,1,0,0,65535,351,117,249.656,0,0,0,benign
0.049061,2,2,116,214,58,58,58,0,107,107,107,0,6726.32,81.5312,0.0163537,0.0283202,0.049055,1e-06,1e-06,1e-06,5e-06,5e-06,0,0,0,0,0,0,0,-1,-1,77.6,26.8384,1,0,0,benign
60.7745,14,13,980,3700,599,0,70,162.779,1520,0,284.615,562.135,77.006,0.444266,2.33748,4.28018,10,6e-05,60.8,4.67496,60.7,5.06031,0,0,0,0,1,0,0,8192,114,167.143,407.152,0,0.0717183,9.99955,benign
0.078287,3,0,18,0,6,6,6,0,0,0,0,0,229.923,38.3205,0.0391435,0.0552724,0.078227,6e-05,0.078287,0.0391435,0,0,0,0,0,0,0,1,0,258,-1,6,0,0,0,0,benign
9.2e-05,1,1,0,0,0,0,0,0,0,0,0,0,0,21739.1,9.2e-05,0,9.2e-05,9.2e-05,0,0,0,0,0,0,0,0,0,1,1,83,294,0,0,1,0,0,benign
4.9e-05,1,1,6,6,6,6,6,0,6,6,6,0,244898,40816.3,4.9e-05,0,4.9e-05,4.9e-05,0,0,0,0,0,0,0,0,0,1,1,79,256,6,0,1,0,0,benign
0.00023,2,2,62,274,31,31,31,0,137,137,137,0,1.46087e+06,17391.3,7.66667e-05,0.000126729,0.000223,3e-06,3e-06,3e-06,4e-06,4e-06,0,0,0,0,0,0,0,-1,-1,73.4,58.0586,1,0,0,benign
0.023908,2,2,76,206,38,38,38,0,103,103,103,0,11795.2,167.308,0.00796933,0.0137981,0.023902,3e-06,3e-06,3e-06,3e-06,3e-06,0,0,0,0,0,0,0,-1,-1,64,35.602,1,0,0,benign
0.032177,4,4,124,236,31,31,31,0,59,59,59,0,11188.1,248.625,0.00459671,0.0115071,0.030672,1e-06,0.031977,0.010659,0.001502,0.000500667,0,0,0,0,0,0,0,-1,-1,43.4444,14.7573,1,0,0,benign
0.031393,2,2,92,348,46,46,46,0,174,174,174,0,14015.9,127.417,0.0104643,0.0181213,0.031389,1e-06,3e-06,3e-06,1e-06,1e-06,0,0,0,0,0,0,0,-1,-1,97.2,70.1085,1,0,0,benign
0.000334,2,2,94,196,47,47,47,0,98,98,98,0,868263,11976,0.000111333,9.74902e-05,0.000192,3e-06,3e-06,3e-06,0.000192,0.000192,0,0,0,0,0,0,0,-1,-1,67.4,27.9339,1,0,0,benign
116.295,63,83,4327,116326,517,0,68.6825,166.326,2896,0,1401.52,857.948,1037.47,1.25543,0.802034,2.71329,10.2,0,116,1.87572,113,1.37903,0,0,0,0,1,0,0,29200,1207,820.769,930.368,1,0.0859786,10.2,benign
4e-06,3,0,43,0,31,6,14.3333,14.4338,0,0,0,0,1.075e+07,750000,2e-06,1.41421e-06,3e-06,1e-06,4e-06,2e-06,0,0,0,0,0,0,0,1,0,32901,-1,12.25,12.5,0,0,0,benign
0.20577,2,2,72,224,36,36,36,0,112,112,112,0,1438.5,19.4392,0.06859,0.118757,0.205719,3e-06,4.8e-05,4.8e-05,3e-06,3e-06,0,0,0,0,0,0,0,-1,-1,66.4,41.6269,1,0,0,benign
0.000323,3,0,18,0,6,6,6,0,0,0,0,0,55727.6,9287.93,0.0001615,0.000222739,0.000319,4e-06,0.000323,0.0001615,0,0,0,0,0,0,0,1,0,65535,-1,6,0,0,0,0,benign
0.030967,2,2,60,116,30,30,30,0,58,58,58,0,5683.47,129.17,0.0103223,0.0178727,0.03096,3e-06,3e-06,3e-06,4e-06,4e-06,0,0,0,0,0,0,0,-1,-1,41.2,15.3362,1,0,0,benign
0.190896,2,2,78,270,39,39,39,0,135,135,135,0,1822.98,20.9538,0.063632,0.110169,0.190844,4e-06,4.8e-05,4.8e-05,4e-06,4e-06,0,0,0,0,0,0,0,-1,-1,77.4,52.5814,1,0,0,benign
0.000294,2,2,84,256,42,42,42,0,128,128,128,0,1.15646e+06,13605.4,9.8e-05,0.000129457,0.000245,1e-06,1e-06,1e-06,4.8e-05,4.8e-05,0,0,0,0,0,0,0,-1,-1,76.4,47.1041,1,0,0,benign
0.000461,1,1,0,0,0,0,0,0,0,0,0,0,0,4338.39,0.000461,0,0.000461,0.000461,0,0,0,0,0,0,0,0,0,1,1,362,32832,0,0,1,0,0,benign
7e-05,1,1,0,0,0,0,0,0,0,0,0,0,0,28571.4,7e-05,0,7e-05,7e-05,0,0,0,0,0,0,0,0,0,1,1,58,257,0,0,1,0,0,benign
0.000388,2,2,60,264,30,30,30,0,132,132,132,0,835052,10309.3,0.000129333,0.000139141,0.00029,4.9e-05,4.9e-05,4.9e-05,4.9e-05,4.9e-05,0,0,0,0,0,0,0,-1,-1,70.8,55.8677,1,0,0,benign
0.059348,2,2,62,222,31,31,31,0,111,111,111,0,4785.33,67.3991,0.0197827,0.0342585,0.059341,3e-06,3e-06,3e-06,4e-06,4e-06,0,0,0,0,0,0,0,-1,-1,63,43.8178,1,0,0,benign
0.000237,2,2,140,396,70,70,70,0,198,198,198,0,2.2616e+06,16877.6,7.9e-05,0.000130771,0.00023,3e-06,4e-06,4e-06,3e-06,3e-06,0,0,0,0,0,0,0,-1,-1,121.2,70.1085,1,0,0,benign
0.199054,2,2,58,114,29,29,29,0,57,57,57,0,864.087,20.095,0.0663513,0.114833,0.198949,4.9e-05,5.6e-05,5.6e-05,4.9e-05,4.9e-05,0,0,0,0,0,0,0,-1,-1,40.2,15.3362,1,0,0,benign
36.7959,4,4,130,898,36,29,32.5,4.04145,285,164,224.5,69.8594,27.9379,0.217416,5.25655,13.9073,36.7953,3e-06,36.7955,12.2652,36.7956,12.2652,0,0,0,0,0,0,0,-1,-1,117.444,110.237,1,0.000219,36.7953,benign
0.071338,2,2,76,274,38,38,38,0,137,137,137,0,4906.22,56.0711,0.0237793,0.041142,0.071286,4e-06,4.8e-05,4.8e-05,4e-06,4e-06,0,0,0,0,0,0,0,-1,-1,77.6,54.2245,1,0,0,benign
8.2e-05,1,1,0,0,0,0,0,0,0,0,0,0,0,24390.2,8.2e-05,0,8.2e-05,8.2e-05,0,0,0,0,0,0,0,0,0,1,1,180,333,0,0,1,0,0,benign
0.060918,2,2,64,140,32,32,32,0,70,70,70,0,3348.76,65.662,0.020306,0.0351658,0.060912,3e-06,3e-06,3e-06,3e-06,3e-06,0,0,0,0,0,0,0,-1,-1,47.2,20.8135,1,0,0,benign
115.152,21,19,779,4280,395,0,37.0952,97.6765,1418,0,225.263,475.411,43.9334,0.347368,2.9526,4.53795,10,4e-06,115,5.75758,111,6.14361,0,0,0,0,1,0,0,29200,357,123.39,340.143,0,0.0441072,10,benign
0.031241,2,2,106,362,53,53,53,0,181,181,181,0,14980.3,128.037,0.0104137,0.0180309,0.031234,3e-06,4e-06,4e-06,3e-06,3e-06,0,0,0,0,0,0,0,-1,-1,104.2,70.1085,1,0,0,benign
0.024406,2,2,62,240,31,31,31,0,120,120,120,0,12374,163.894,0.00813533,0.0140493,0.024358,0,0,0,4.8e-05,4.8e-05,0,0,0,0,0,0,0,-1,-1,66.6,48.7473,1,0,0,benign
0.030865,2,2,66,166,33,33,33,0,83,83,83,0,7516.6,129.597,0.0102883,0.017813,0.030857,3e-06,3e-06,3e-06,5e-06,5e-06,0,0,0,0,0,0,0,-1,-1,53,27.3861,1,0,0,benign
115.864,32,39,868,35058,491,0,27.125,94.7999,1418,0,898.923,673.93,310.07,0.612787,1.6552,3.68459,10,2e-06,116,3.73755,111,2.91241,0,0,0,0,1,0,0,29200,357,498.972,662.363,1,0.050974,9.60436,benign
0.077811,2,2,116,248,58,58,58,0,124,124,124,0,4678,51.4066,0.025937,0.04488,0.07776,3e-06,4.8e-05,4.8e-05,3e-06,3e-06,0,0,0,0,0,0,0,-1,-1,84.4,36.1497,1,0,0,benign
9.00096,3,0,0,0,0,0,0,0,0,0,0,0,0,0.333298,4.50048,2.11733,5.99766,3.0033,9.00096,4.50048,0,0,0,0,0,0,1,0,0,8192,-1,0,0,0,3.0033,5.99766,benign
0.071626,2,2,66,150,33,33,33,0,75,75,75,0,3015.66,55.8456,0.0238753,0.0413464,0.071618,4e-06,4e-06,4e-06,4e-06,4e-06,0,0,0,0,0,0,0,-1,-1,49.8,23.0043,1,0,0,benign
1e-05,1,1,0,0,0,0,0,0,0,0,0,0,0,200000,1e-05,0,1e-05,1e-05,0,0,0,0,0,0,0,0,0,1,0,6013,62811,0,0,1,0,0,benign
4.8e-05,2,0,0,0,0,0,0,0,0,0,0,0,0,41666.7,4.8e-05,0,4.8e-05,4.8e-05,4.8e-05,4.8e-05,0,0,0,0,0,0,0,1,0,5001,-1,0,0,0,0,0,benign
0.061334,4,2,180,354,45,45,45,0,177,177,177,0,8706.43,97.825,0.0122668,0.0172761,0.036495,4e-06,0.024835,0.00827833,4e-06,4e-06,0,0,0,0,0,0,0,-1,-1,82.7143,64.4094,0,0,0,benign
0.151735,2,2,72,168,36,36,36,0,84,84,84,0,1581.7,26.3617,0.0505783,0.0876008,0.151731,1e-06,1e-06,1e-06,3e-06,3e-06,0,0,0,0,0,0,0,-1,-1,55.2,26.2907,1,0,0,benign
15.0625,6,7,2163,2016,1350,23,360.5,547.17,1350,27,288,502.269,277.445,0.863073,1.25521,4.29667,14.8988,4e-06,15,3.00001,15.0242,2.50403,0,0,0,0,0,0,0,-1,-1,394.929,555.388,1,0.101225,14.8988,benign
0.051403,1,1,101,158,101,101,101,0,158,158,158,0,5038.62,38.9082,0.051403,0,0.051403,0.051403,0,0,0,0,0,0,0,0,0,0,0,-1,-1,120,32.909,1,0,0,benign
0.000214,2,2,88,188,44,44,44,0,94,94,94,0,1.28972e+06,18691.6,7.13333e-05,3.95517e-05,0.000117,4.8e-05,4.9e-05,4.9e-05,4.8e-05,4.8e-05,0,0,0,0,0,0,0,-1,-1,64,27.3861,1,0,0,benign
0.094094,1,1,46,111,46,46,46,0,111,111,111,0,1668.54,21.2553,0.094094,0,0.094094,0.094094,0,0,0,0,0,0,0,0,0,0,0,-1,-1,67.6667,37.5278,1,0,0,benign
0.052735,2,1,0,0,0,0,0,0,0,0,0,0,0,56.8882,0.0263675,0.0372723,0.052723,1.2e-05,0.052735,0.052735,0,0,0,0,0,0,0,1,0,179,32832,0,0,0,0,0,benign
0.146817,2,2,84,310,42,42,42,0,155,155,155,0,2683.61,27.2448,0.048939,0.0847588,0.14681,3e-06,4e-06,4e-06,3e-06,3e-06,0,0,0,0,0,0,0,-1,-1,87.2,61.8926,1,0,0,benign
0.087952,2,2,72,338,36,36,36,0,169,169,169,0,4661.63,45.4794,0.0293173,0.0507358,0.087902,1e-06,1e-06,1e-06,4.9e-05,4.9e-05,0,0,0,0,0,0,0,-1,-1,89.2,72.8471,1,0,0,benign
0.999506,2,0,12,0,6,6,6,0,0,0,0,0,12.0059,2.00099,0.999506,0,0.999506,0.999506,0.999506,0.999506,0,0,0,0,0,0,0,1,0,4740,-1,6,0,0,0,0,benign
0.031096,2,2,94,350,47,47,47,0,175,175,175,0,14278.4,128.634,0.0103653,0.0179472,0.031089,3e-06,3e-06,3e-06,4e-06,4e-06,0,0,0,0,0,0,0,-1,-1,98.2,70.1085,1,0,0,benign
0.023411,1,1,46,62,46,46,46,0,62,62,62,0,4613.22,85.4299,0.023411,0,0.023411,0.023411,0,0,0,0,0,0,0,0,0,0,0,-1,-1,51.3333,9.2376,1,0,0,benign
0.000249,2,2,74,238,37,37,37,0,119,119,119,0,1.25301e+06,16064.3,8.3e-05,0.000136832,0.000241,4e-06,4e-06,4e-06,4e-06,4e-06,0,0,0,0,0,0,0,-1,-1,69.8,44.9132,1,0,0,benign
0.000148,2,2,76,108,38,38,38,0,54,54,54,0,1.24324e+06,27027,4.93333e-05,7.93872e-05,0.000141,3e-06,4e-06,4e-06,3e-06,3e-06,0,0,0,0,0,0,0,-1,-1,44.4,8.76356,1,0,0,benign
0.047303,1,1,44,114,44,44,44,0,114,114,114,0,3340.17,42.2806,0.047303,0,0.047303,0.047303,0,0,0,0,0,0,0,0,0,0,0,-1,-1,67.3333,40.4145,1,0,0,benign
0.000244,1,2,0,0,0,0,0,0,0,0,0,0,0,12295.1,0.000122,0.000166877,0.00024,4e-06,0,0,4e-06,4e-06,0,0,0,0,0,1,1,395,229,0,0,2,0,0,benign
0.000685,2,2,496,2820,248,248,248,0,1410,1410,1410,0,4.84088e+06,5839.42,0.000228333,0.000312346,0.000589,4.8e-05,4.8e-05,4.8e-05,4.8e-05,4.8e-05,0,0,0,0,0,0,0,-1,-1,712.8,636.454,1,0,0,benign
8.4e-05,1,1,0,0,0,0,0,0,0,0,0,0,0,23809.5,8.4e-05,0,8.4e-05,8.4e-05,0,0,0,0,0,0,0,0,0,1,1,413,383,0,0,1,0,0,benign
0.000215,2,2,66,264,33,33,33,0,132,132,132,0,1.53488e+06,18604.7,7.16667e-05,0.000118069,0.000208,3e-06,3e-06,3e-06,4e-06,4e-06,0,0,0,0,0,0,0,-1,-1,72.6,54.2245,1,0,0,benign
0.05166,2,2,90,196,45,45,45,0,98,98,98,0,5536.2,77.4293,0.01722,0.0298225,0.051656,1e-06,1e-06,1e-06,3e-06,3e-06,0,0,0,0,0,0,0,-1,-1,66.2,29.0293,1,0,0,benign
0.048262,2,2,62,176,31,31,31,0,88,88,88,0,4931.42,82.8809,0.0160873,0.0278597,0.048257,1e-06,1e-06,1e-06,4e-06,4e-06,0,0,0,0,0,0,0,-1,-1,53.8,31.2202,1,0,0,benign
3e-06,2,0,0,0,0,0,0,0,0,0,0,0,0,666667,3e-06,0,3e-06,3e-06,3e-06,3e-06,0,0,0,0,0,0,0,1,0,5400,-1,0,0,0,0,0,benign
0.048937,2,2,90,238,45,45,45,0,119,119,119,0,6702.5,81.7377,0.0163123,0.0280989,0.048758,4e-06,4e-06,4e-06,0.000175,0.000175,0,0,0,0,0,0,0,-1,-1,74.6,40.5315,1,0,0,benign
0.000939,4,0,55,0,37,6,13.75,15.5,0,0,0,0,58572.9,4259.85,0.000313,0.000380379,0.000749,4.9e-05,0.000939,0.000313,0,0,0,0,0,0,0,1,0,65535,-1,12.2,13.8636,0,0,0,benign
0.023746,2,2,66,98,33,33,33,0,49,49,49,0,6906.43,168.449,0.00791533,0.0137046,0.02374,3e-06,3e-06,3e-06,3e-06,3e-06,0,0,0,0,0,0,0,-1,-1,39.4,8.76356,1,0,0,benign
94.7658,15,8,1083,7634,515,0,72.2,140.466,1780,2,954.25,793.737,91.9846,0.242704,4.30754,7.08724,21,2.4e-05,94.6,6.75737,94.6,13.5,0,0,0,0,1,0,0,8192,30016,363.208,621.471,0,2.74787,14.4,benign
4e-05,1,1,6,6,6,6,6,0,6,6,6,0,300000,50000,4e-05,0,4e-05,4e-05,0,0,0,0,0,0,0,0,0,1,1,31440,63292,6,0,1,0,0,benign
0.000239,2,2,68,250,34,34,34,0,125,125,125,0,1.33054e+06,16736.4,7.96667e-05,5.57165e-05,0.000144,4.7e-05,4.8e-05,4.8e-05,4.7e-05,4.7e-05,0,0,0,0,0,0,0,-1,-1,70.4,49.8428,1,0,0,benign
0.000148,2,2,88,220,44,44,44,0,110,110,110,0,2.08108e+06,27027,4.93333e-05,7.93872e-05,0.000141,3e-06,3e-06,3e-06,4e-06,4e-06,0,0,0,0,0,0,0,-1,-1,70.4,36.1497,1,0,0,benign
0.061183,1,1,48,154,48,48,48,0,154,154,154,0,3301.57,32.6888,0.061183,0,0.061183,0.061183,0,0,0,0,0,0,0,0,0,0,0,-1,-1,83.3333,61.1991,1,0,0,benign
0.000251,2,2,78,204,39,39,39,0,102,102,102,0,1.12351e+06,15936.3,8.36667e-05,0.00010514,0.000202,1e-06,1e-06,1e-06,4.8e-05,4.8e-05,0,0,0,0,0,0,0,-1,-1,64.2,34.5065,1,0,0,benign
49.8313,2,2,104,201,55,49,52,4.24264,120,81,100.5,27.5772,6.12065,0.0802708,16.6,28.7,49.7,0.023633,49.8,49.8,49.8,49.8,0,0,0,0,0,0,0,-1,-1,72,29.5466,1,0.023633,49.7,benign
5.68864,9,5,372,3429,191,0,41.3333,68.9982,1867,0,685.8,904.279,668.173,2.46104,0.437588,1.4299,5.19314,4e-06,5.68864,0.711081,0.459777,0.114944,0,0,0,0,1,0,0,8192,60,253.4,580.196,0,0.495504,5.19314,benign
0.000312,2,0,0,0,0,0,0,0,0,0,0,0,0,6410.26,0.000312,0,0.000312,0.000312,0.000312,0.000312,0,0,0,0,0,0,0,1,0,756,-1,0,0,0,0,0,benign
0.032127,1,1,0,0,0,0,0,0,0,0,0,0,0,62.2529,0.032127,0,0.032127,0.032127,0,0,0,0,0,0,0,0,0,1,1,336,75,0,0,1,0,0,benign
0.060821,1,1,46,113,46,46,46,0,113,113,113,0,2614.23,32.8834,0.060821,0,0.060821,0.060821,0,0,0,0,0,0,0,0,0,0,0,-1,-1,68.3333,38.6825,1,0,0,benign
0.03135,2,2,132,296,66,66,66,0,148,148,148,0,13652.3,127.592,0.01045,0.0180947,0.031344,3e-06,3e-06,3e-06,3e-06,3e-06,0,0,0,0,0,0,0,-1,-1,98.8,44.9132,1,0,0,benign
5.9529,9,5,353,3117,196,0,39.2222,71.944,1618,0,623.4,832.78,582.909,2.35179,0.457915,1.58854,5.74435,4e-06,5.9529,0.744113,0.115008,0.028752,0,0,0,0,1,0,0,29200,118,231.333,532.498,0,0.208551,5.74435,benign
0.066713,2,2,72,136,36,36,36,0,68,68,68,0,3117.83,59.9583,0.0222377,0.0385098,0.066705,4e-06,4e-06,4e-06,4e-06,4e-06,0,0,0,0,0,0,0,-1,-1,48.8,17.5271,1,0,0,benign
5.5e-05,2,1,31,6,31,0,15.5,21.9203,6,6,6,0,672727,54545.5,2.75e-05,3.88909e-05,5.5e-05,0,0,0,0,0,1,0,1,0,0,1,0,1234,0,17,16.3503,0,0,0,benign
0.030755,2,2,122,286,61,61,61,0,143,143,143,0,13266.1,130.06,0.0102517,0.0177503,0.030748,3e-06,4e-06,4e-06,3e-06,3e-06,0,0,0,0,0,0,0,-1,-1,93.8,44.9132,1,0,0,benign
0.060198,7,5,368,3661,193,0,52.5714,76.2099,1460,0,732.2,728.505,66929.1,199.342,0.00547255,0.00656972,0.015121,4.9e-05,0.060198,0.010033,0.026081,0.00652025,0,0,0,0,1,0,0,8192,946,309.923,548.405,0,0,0,benign
0.000277,2,2,102,224,51,51,51,0,112,112,112,0,1.1769e+06,14440.4,9.23333e-05,0.000117925,0.000226,3e-06,3e-06,3e-06,4.8e-05,4.8e-05,0,0,0,0,0,0,0,-1,-1,75.4,33.4111,1,0,0,benign
0.093034,2,2,68,182,34,34,34,0,91,91,91,0,2687.19,42.995,0.0310113,0.0536682,0.092982,3e-06,4.9e-05,4.9e-05,3e-06,3e-06,0,0,0,0,0,0,0,-1,-1,56.8,31.2202,1,0,0,benign
4e-06,2,0,12,0,6,6,6,0,0,0,0,0,3e+06,500000,4e-06,0,4e-06,4e-06,4e-06,4e-06,0,0,0,0,0,0,0,1,0,8289,-1,6,0,0,0,0,benign
5.09465,5,1,135,46,46,6,27,20.1246,46,46,46,0,35.5274,1.17771,1.01893,2.23459,5.01604,3e-06,5.09465,1.27366,0,0,1,0,1,0,0,1,0,251,32,32.4286,18.8667,0,0.07788,5.01604,benign
0.000405,2,2,70,166,35,35,35,0,83,83,83,0,582716,9876.54,0.000135,0.000228631,0.000399,3e-06,3e-06,3e-06,3e-06,3e-06,0,0,0,0,0,0,0,-1,-1,54.2,26.2907,1,0,0,benign
1.33259,1,1,48,148,48,48,48,0,148,148,148,0,147.082,1.50084,1.33259,0,1.33259,1.33259,0,0,0,0,0,0,0,0,0,0,0,-1,-1,81.3333,57.735,1,0,0,benign
0.02332,1,1,0,0,0,0,0,0,0,0,0,0,0,85.7633,0.02332,0,0.02332,0.02332,0,0,0,0,0,0,0,0,0,1,1,229,29,0,0,1,0,0,benign
2.5e-05,1,1,0,0,0,0,0,0,0,0,0,0,0,80000,2.5e-05,0,2.5e-05,2.5e-05,0,0,0,0,0,0,0,0,0,1,1,939,241,0,0,1,0,0,benign
0.03099,4,2,180,146,45,45,45,0,73,73,73,0,10519.5,193.611,0.006198,0.0112728,0.026011,4e-06,0.026107,0.00870233,4e-06,4e-06,0,0,0,0,0,0,0,-1,-1,53,13.6626,0,0,0,benign
1.9e-05,1,1,0,0,0,0,0,0,0,0,0,0,0,105263,1.9e-05,0,1.9e-05,1.9e-05,0,0,0,0,0,0,0,0,0,1,1,413,375,0,0,1,0,0,benign
0.031385,3,4,92,19,86,0,30.6667,48.0139,7,0,4.75,3.20156,3536.72,223.036,0.00523083,0.00772896,0.015402,3e-06,0.016063,0.0080315,0.015983,0.00532767,0,0,0,0,1,0,0,65535,29,13.875,29.3084,1,0,0,benign
2.3e-05,1,1,0,0,0,0,0,0,0,0,0,0,0,86956.5,2.3e-05,0,2.3e-05,2.3e-05,0,0,0,0,0,0,0,0,0,1,1,59,443,0,0,1,0,0,benign
1.64611,3,3,0,0,0,0,0,0,0,0,0,0,0,3.64496,0.329222,0.152793,0.496691,0.217541,1.42844,0.71422,1.42841,0.714203,0,0,0,0,1,0,0,8192,0,0,0,1,0,0,benign
0.022982,1,1,0,0,0,0,0,0,0,0,0,0,0,87.0246,0.022982,0,0.022982,0.022982,0,0,0,0,0,0,0,0,0,1,1,305,972,0,0,1,0,0,benign
3.8e-05,2,0,12,0,6,6,6,0,0,0,0,0,315789,52631.6,3.8e-05,0,3.8e-05,3.8e-05,3.8e-05,3.8e-05,0,0,0,0,0,0,0,1,0,673,-1,6,0,0,0,0,benign
0.120409,2,2,70,232,35,35,35,0,116,116,116,0,2508.12,33.2201,0.0401363,0.0695052,0.120394,4e-06,1.1e-05,1.1e-05,4e-06,4e-06,0,0,0,0,0,0,0,-1,-1,67.4,44.3655,1,0,0,benign
0.146883,2,0,6,0,6,0,3,4.24264,0,0,0,0,40.8488,13.6163,0.146883,0,0.146883,0.146883,0.146883,0.146883,0,0,0,0,0,0,0,1,0,114,-1,2,3.4641,0,0,0,benign
0.000385,2,2,74,590,37,37,37,0,295,295,295,0,1.72468e+06,10389.6,0.000128333,0.000138276,0.000288,4.8e-05,4.9e-05,4.9e-05,4.8e-05,4.8e-05,0,0,0,0,0,0,0,-1,-1,140.2,141.312,1,0,0,benign
0.024542,2,2,78,110,39,39,39,0,55,55,55,0,7660.34,162.986,0.00818067,0.0141633,0.024535,3e-06,4e-06,4e-06,3e-06,3e-06,0,0,0,0,0,0,0,-1,-1,45.4,8.76356,1,0,0,benign
5.7e-05,1,1,0,0,0,0,0,0,0,0,0,0,0,35087.7,5.7e-05,0,5.7e-05,5.7e-05,0,0,0,0,0,0,0,0,0,1,1,122,368,0,0,1,0,0,benign
0.000595,1,1,49,177,49,49,49,0,177,177,177,0,379832,3361.34,0.000595,0,0.000595,0.000595,0,0,0,0,0,0,0,0,0,0,0,-1,-1,91.6667,73.9008,1,0,0,benign
0.024236,2,2,92,248,46,46,46,0,124,124,124,0,14028.7,165.044,0.00807867,0.0139892,0.024232,1e-06,1e-06,1e-06,3e-06,3e-06,0,0,0,0,0,0,0,-1,-1,77.2,42.7224,1,0,0,benign
0.000233,2,2,140,396,70,70,70,0,198,198,198,0,2.30043e+06,17167.4,7.76667e-05,9.43257e-05,0.000183,1e-06,1e-06,1e-06,4.9e-05,4.9e-05,0,0,0,0,0,0,0,-1,-1,121.2,70.1085,1,0,0,benign
0.189521,4,2,148,232,37,37,37,0,116,116,116,0,2005.05,31.6588,0.0379042,0.0690076,0.159078,4e-06,0.030439,0.0101463,4e-06,4e-06,0,0,0,0,0,0,0,-1,-1,59.5714,38.5481,0,0,0,benign
0.032245,2,0,12,0,6,6,6,0,0,0,0,0,372.151,62.0251,0.032245,0,0.032245,0.032245,0.032245,0.032245,0,0,0,0,0,0,0,1,0,256,-1,6,0,0,0,0,benign
0.000191,2,2,62,94,31,31,31,0,47,47,47,0,816754,20942.4,6.36667e-05,6.91761e-05,0.000139,3e-06,3e-06,3e-06,4.9e-05,4.9e-05,0,0,0,0,0,0,0,-1,-1,37.4,8.76356,1,0,0,benign
0.000808,1,1,0,0,0,0,0,0,0,0,0,0,0,2475.25,0.000808,0,0.000808,0.000808,0,0,0,0,0,0,0,0,0,1,1,227,229,0,0,1,0,0,benign
0.000114,1,1,0,0,0,0,0,0,0,0,0,0,0,17543.9,0.000114,0,0.000114,0.000114,0,0,0,0,0,0,0,0,0,1,1,939,33304,0,0,1,0,0,benign
0.050814,2,2,94,206,47,47,47,0,103,103,103,0,5903.88,78.7185,0.016938,0.0292933,0.050763,4e-06,4.7e-05,4.7e-05,4e-06,4e-06,0,0,0,0,0,0,0,-1,-1,69.4,30.6725,1,0,0,benign
6.48545,6,4,228,362,46,34,38,6.19677,131,50,90.5,46.7654,90.9728,1.54191,0.720606,2.10452,6.33217,3e-06,6.41777,1.28355,6.46176,2.15392,0,0,0,0,0,0,0,-1,-1,57.8182,36.7718,0,0.023701,6.33217,benign
0.073951,10,5,1029,479,789,0,102.9,245.309,341,0,95.8,149.53,20391.9,202.837,0.00528221,0.0091113,0.022285,4e-05,0.073951,0.00821678,0.048055,0.0120138,0,0,0,0,1,0,0,65535,247,94.25,206.667,0,0,0,benign
0.031005,2,2,64,120,32,32,32,0,60,60,60,0,5934.53,129.011,0.010335,0.0178955,0.030999,3e-06,3e-06,3e-06,3e-06,3e-06,0,0,0,0,0,0,0,-1,-1,43.2,15.3362,1,0,0,benign
0.000197,1,1,6,6,6,6,6,0,6,6,6,0,60913.7,10152.3,0.000197,0,0.000197,0.000197,0,0,0,0,0,0,0,0,0,1,1,62,256,6,0,1,0,0,benign
0.326437,2,2,94,350,47,47,47,0,175,175,175,0,1360.14,12.2535,0.108812,0.188423,0.326384,4e-06,4.9e-05,4.9e-05,4e-06,4e-06,0,0,0,0,0,0,0,-1,-1,98.2,70.1085,1,0,0,benign
6.6e-05,1,1,0,0,0,0,0,0,0,0,0,0,0,30303,6.6e-05,0,6.6e-05,6.6e-05,0,0,0,0,0,0,0,0,0,1,1,114,355,0,0,1,0,0,benign
0.050152,2,2,100,156,50,50,50,0,78,78,78,0,5104.48,79.7575,0.0167173,0.0289397,0.050134,3e-06,1.5e-05,1.5e-05,3e-06,3e-06,0,0,0,0,0,0,0,-1,-1,61.2,15.3362,1,0,0,benign
6.9e-05,1,2,0,0,0,0,0,0,0,0,0,0,0,43478.3,3.45e-05,2.05061e-05,4.9e-05,2e-05,0,0,4.9e-05,4.9e-05,0,0,0,0,0,1,1,2051,16245,0,0,2,0,0,benign
0.04914,2,2,66,240,33,33,33,0,120,120,120,0,6227.11,81.4001,0.01638,0.0283684,0.049137,0,0,0,3e-06,3e-06,0,0,0,0,0,0,0,-1,-1,67.8,47.6519,1,0,0,benign
0.000179,1,2,0,0,0,0,0,0,0,0,0,0,0,16759.8,8.95e-05,5.86899e-05,0.000131,4.8e-05,0,0,4.8e-05,4.8e-05,0,0,0,0,0,1,1,269,65535,0,0,2,0,0,benign
0.000111,5,1,0,0,0,0,0,0,0,0,0,0,0,54054.1,2.22e-05,2.8943e-05,6e-05,1e-06,5.1e-05,1.275e-05,0,0,0,0,0,0,0,1,1,408,65535,0,0,0,0,0,benign
0.12114,1,1,6,6,6,6,6,0,6,6,6,0,99.0589,16.5098,0.12114,0,0.12114,0.12114,0,0,0,0,0,0,0,0,0,1,1,30016,30016,6,0,1,0,0,benign
0.152426,4,2,140,102,35,35,35,0,51,51,51,0,1587.66,39.3634,0.0304852,0.0448369,0.099365,1e-06,0.053058,0.017686,3e-06,3e-06,0,0,0,0,0,0,0,-1,-1,39.5714,7.8072,0,0,0,benign
3.2e-05,1,1,0,0,0,0,0,0,0,0,0,0,0,62500,3.2e-05,0,3.2e-05,3.2e-05,0,0,0,0,0,0,0,0,0,1,1,29200,64240,0,0,1,0,0,benign
0.102751,2,1,12,6,6,6,6,0,6,6,6,0,175.181,29.1968,0.0513755,0.0726291,0.102732,1.9e-05,0.102751,0.102751,0,0,0,0,0,0,0,1,1,254,252,6,0,0,0,0,benign
0.031604,2,2,56,180,28,28,28,0,90,90,90,0,7467.41,126.566,0.0105347,0.0182431,0.0316,1e-06,1e-06,1e-06,3e-06,3e-06,0,0,0,0,0,0,0,-1,-1,52.8,33.9588,1,0,0,benign
0.031181,2,2,106,276,53,53,53,0,138,138,138,0,12251.1,128.283,0.0103937,0.0179989,0.031177,1e-06,3e-06,3e-06,1e-06,1e-06,0,0,0,0,0,0,0,-1,-1,87,46.5564,1,0,0,benign
0.105929,2,2,70,246,35,35,35,0,123,123,123,0,2983.13,37.7611,0.0353097,0.0611521,0.105922,3e-06,3e-06,3e-06,4e-06,4e-06,0,0,0,0,0,0,0,-1,-1,70.2,48.1996,1,0,0,benign
0.000377,2,2,94,220,47,47,47,0,110,110,110,0,832891,10610.1,0.000125667,0.000215929,0.000375,1e-06,1e-06,1e-06,1e-06,1e-06,0,0,0,0,0,0,0,-1,-1,72.2,34.5065,1,0,0,benign
0.000204,2,2,70,410,35,35,35,0,205,205,205,0,2.35294e+06,19607.8,6.8e-05,0.000112583,0.000198,3e-06,3e-06,3e-06,3e-06,3e-06,0,0,0,0,0,0,0,-1,-1,103,93.1128,1,0,0,benign
0.09955,2,2,66,170,33,33,33,0,85,85,85,0,2370.67,40.1808,0.0331833,0.0573912,0.099453,4.8e-05,4.8e-05,4.8e-05,4.9e-05,4.9e-05,0,0,0,0,0,0,0,-1,-1,53.8,28.4816,1,0,0,benign
0.060994,2,2,90,326,45,45,45,0,163,163,163,0,6820.34,65.5802,0.0203313,0.0351699,0.060942,3e-06,3e-06,3e-06,4.9e-05,4.9e-05,0,0,0,0,0,0,0,-1,-1,92.2,64.6313,1,0,0,benign
0.024164,2,2,60,188,30,30,30,0,94,94,94,0,10263.2,165.536,0.00805467,0.0139061,0.024112,3e-06,3e-06,3e-06,4.9e-05,4.9e-05,0,0,0,0,0,0,0,-1,-1,55.6,35.0542,1,0,0,benign
0.296215,4,2,132,174,33,33,33,0,87,87,87,0,1033.03,20.2556,0.059243,0.115884,0.265148,1e-06,0.031007,0.0103357,6e-05,6e-05,0,0,0,0,0,0,0,-1,-1,48.4286,26.3493,0,0,0,benign
0.623743,2,2,68,196,34,34,34,0,98,98,98,0,423.251,6.4129,0.207914,0.360114,0.623738,1e-06,4e-06,4e-06,1e-06,1e-06,0,0,0,0,0,0,0,-1,-1,59.6,35.0542,1,0,0,benign
0.061319,1,1,58,282,58,58,58,0,282,282,282,0,5544.77,32.6163,0.061319,0,0.061319,0.061319,0,0,0,0,0,0,0,0,0,0,0,-1,-1,132.667,129.326,1,0,0,benign
0.031602,2,2,112,276,56,56,56,0,138,138,138,0,12277.7,126.574,0.010534,0.0182385,0.031594,4e-06,4e-06,4e-06,4e-06,4e-06,0,0,0,0,0,0,0,-1,-1,88.8,44.9132,1,0,0,benign
0.000229,2,2,88,220,44,44,44,0,110,110,110,0,1.34498e+06,17467.2,7.63333e-05,4.73427e-05,0.000131,4.9e-05,4.9e-05,4.9e-05,4.9e-05,4.9e-05,0,0,0,0,0,0,0,-1,-1,70.4,36.1497,1,0,0,benign
6.5e-05,1,1,6,6,6,6,6,0,6,6,6,0,184615,30769.2,6.5e-05,0,6.5e-05,6.5e-05,0,0,0,0,0,0,0,0,0,1,1,121,256,6,0,1,0,0,benign
0.945497,10,4,809,253,517,0,80.9,162.612,146,0,63.25,61.9644,1123.22,14.807,0.0727305,0.124514,0.475591,4.8e-05,0.945497,0.105055,0.767774,0.255925,0,0,0,0,1,0,0,8192,31,70.8,135.162,0,0,0,benign
6.00047,7,4,635,157,517,0,90.7143,190.707,157,0,39.25,78.5,131.99,1.83319,0.600047,1.79031,5.69388,3e-06,6.00047,1.00008,0.227389,0.0757963,0,0,0,0,1,0,0,29200,9,66,150.211,0,0.306586,5.69388,benign
0.051286,1,1,0,0,0,0,0,0,0,0,0,0,0,38.997,0.051286,0,0.051286,0.051286,0,0,0,0,0,0,0,0,0,1,1,386,19,0,0,1,0,0,benign
2.99923,3,0,150,0,50,50,50,0,0,0,0,0,50.0129,1.00026,1.49961,0.000680237,1.50009,1.49913,2.99923,1.49961,0,0,0,0,0,0,0,0,0,-1,-1,50,0,0,0,0,benign
0.00045,1,1,43,87,43,43,43,0,87,87,87,0,288889,4444.44,0.00045,0,0.00045,0.00045,0,0,0,0,0,0,0,0,0,0,0,-1,-1,57.6667,25.4034,1,0,0,benign
0.031769,2,2,88,120,44,44,44,0,60,60,60,0,6547.26,125.909,0.0105897,0.0183366,0.031763,3e-06,3e-06,3e-06,3e-06,3e-06,0,0,0,0,0,0,0,-1,-1,50.4,8.76356,1,0,0,benign
0.000236,2,2,88,188,44,44,44,0,94,94,94,0,1.16949e+06,16949.2,7.86667e-05,0.000130193,0.000229,3e-06,3e-06,3e-06,4e-06,4e-06,0,0,0,0,0,0,0,-1,-1,64,27.3861,1,0,0,benign
0.047603,3,4,443,872,437,0,147.667,250.588,860,0,218,428.009,27624.3,147.05,0.00793383,0.0118252,0.023284,4e-06,0.023897,0.0119485,0.024319,0.00810633,0,0,0,0,1,0,0,8192,31,164.375,319.492,1,0,0,benign
0.002695,2,0,0,0,0,0,0,0,0,0,0,0,0,742.115,0.002695,0,0.002695,0.002695,0.002695,0.002695,0,0,0,0,0,0,0,1,0,237,-1,0,0,0,0,0,benign
0.050993,1,1,0,0,0,0,0,0,0,0,0,0,0,39.2211,0.050993,0,0.050993,0.050993,0,0,0,0,0,0,0,0,0,1,1,237,219,0,0,1,0,0,benign
0.063891,2,2,92,348,46,46,46,0,174,174,174,0,6886.73,62.6066,0.021297,0.0368035,0.063794,4.8e-05,4.9e-05,4.9e-05,4.8e-05,4.8e-05,0,0,0,0,0,0,0,-1,-1,97.2,70.1085,1,0,0,benign
0.000442,2,2,70,102,35,35,35,0,51,51,51,0,389140,9049.77,0.000147333,0.000249995,0.000436,2e-06,4e-06,4e-06,2e-06,2e-06,0,0,0,0,0,0,0,-1,-1,41.4,8.76356,1,0,0,benign
0.0008,2,2,76,164,38,38,38,0,82,82,82,0,300000,5000,0.000266667,0.000458417,0.000796,1e-06,1e-06,1e-06,3e-06,3e-06,0,0,0,0,0,0,0,-1,-1,55.6,24.0998,1,0,0,benign
0.0002,2,2,88,120,44,44,44,0,60,60,60,0,1.04e+06,20000,6.66667e-05,0.000109409,0.000193,3e-06,4e-06,4e-06,3e-06,3e-06,0,0,0,0,0,0,0,-1,-1,50.4,8.76356,1,0,0,benign
0.0914,2,2,74,200,37,37,37,0,100,100,100,0,2997.81,43.7637,0.0304667,0.0527672,0.091397,1e-06,1e-06,1e-06,2e-06,2e-06,0,0,0,0,0,0,0,-1,-1,62.2,34.5065,1,0,0,benign
0.146622,2,2,76,222,38,38,38,0,111,111,111,0,2032.44,27.281,0.048874,0.0845682,0.146525,4.8e-05,4.9e-05,4.9e-05,4.8e-05,4.8e-05,0,0,0,0,0,0,0,-1,-1,67.2,39.9837,1,0,0,benign
0.031334,2,2,64,120,32,32,32,0,60,60,60,0,5872.22,127.657,0.0104447,0.0180864,0.031329,1e-06,1e-06,1e-06,4e-06,4e-06,0,0,0,0,0,0,0,-1,-1,43.2,15.3362,1,0,0,benign
0.000251,2,2,88,188,44,44,44,0,94,94,94,0,1.0996e+06,15936.3,8.36667e-05,6.00444e-05,0.000153,4.9e-05,4.9e-05,4.9e-05,4.9e-05,4.9e-05,0,0,0,0,0,0,0,-1,-1,64,27.3861,1,0,0,benign
0.12653,4,2,120,326,30,30,30,0,163,163,163,0,3524.86,47.4196,0.025306,0.0417749,0.096269,3e-06,0.030253,0.0100843,8e-06,8e-06,0,0,0,0,0,0,0,-1,-1,68,64.8974,0,0,0,benign
0.00024,2,2,88,188,44,44,44,0,94,94,94,0,1.15e+06,16666.7,8e-05,9.96845e-05,0.000192,1e-06,4.7e-05,4.7e-05,1e-06,1e-06,0,0,0,0,0,0,0,-1,-1,64,27.3861,1,0,0,benign
3.34528,5,1,135,46,46,6,27,20.1246,46,46,46,0,54.106,1.79357,0.669057,1.44311,3.25021,3e-06,3.34528,0.836321,0,0,1,0,1,0,0,1,0,253,360,32.4286,18.8667,0,0,0,benign
0.000189,2,2,76,108,38,38,38,0,54,54,54,0,973545,21164,6.3e-05,6.80882e-05,0.000137,3e-06,4.9e-05,4.9e-05,3e-06,3e-06,0,0,0,0,0,0,0,-1,-1,44.4,8.76356,1,0,0,benign
0.0002,2,2,80,156,40,40,40,0,78,78,78,0,1.18e+06,20000,6.66667e-05,7.47685e-05,0.000149,3e-06,4.8e-05,4.8e-05,3e-06,3e-06,0,0,0,0,0,0,0,-1,-1,55.2,20.8135,1,0,0,benign
0.062034,2,2,72,136,36,36,36,0,68,68,68,0,3353,64.4808,0.020678,0.0357703,0.061982,3e-06,3e-06,3e-06,4.9e-05,4.9e-05,0,0,0,0,0,0,0,-1,-1,48.8,17.5271,1,0,0,benign
0.000857,3,1,31,6,31,0,10.3333,17.8979,6,6,6,0,43173.9,4667.44,0.000285667,0.000452964,0.000808,1e-06,0.000809,0.0004045,0,0,0,0,0,0,0,1,0,1073,0,7.4,13.4462,0,0,0,benign
5.27653,6,4,486,1598,235,0,81,118.538,796,0,399.5,457.845,394.956,1.89518,0.586282,1.63443,4.94179,3e-05,5.27653,1.05531,0.119608,0.0398693,0,0,0,0,1,0,0,8192,290,189.455,313.379,0,0,0,benign
0.040804,1,1,56,72,56,56,56,0,72,72,72,0,3136.95,49.0148,0.040804,0,0.040804,0.040804,0,0,0,0,0,0,0,0,0,0,0,-1,-1,61.3333,9.2376,1,0,0,benign
0.038985,2,1,0,0,0,0,0,0,0,0,0,0,0,76.9527,0.0194925,0.0275439,0.038969,1.6e-05,0.038985,0.038985,0,0,0,0,0,0,0,1,1,62,245,0,0,0,0,0,benign
0.191657,1,1,51,114,51,51,51,0,114,114,114,0,860.913,10.4353,0.191657,0,0.191657,0.191657,0,0,0,0,0,0,0,0,0,0,0,-1,-1,72,36.3731,1,0,0,benign
0.003638,2,0,6,0,6,0,3,4.24264,0,0,0,0,1649.26,549.753,0.003638,0,0.003638,0.003638,0.003638,0.003638,0,0,0,0,0,0,0,1,0,124,-1,2,3.4641,0,0,0,benign
0.000197,1,1,0,0,0,0,0,0,0,0,0,0,0,10152.3,0.000197,0,0.000197,0.000197,0,0,0,0,0,0,0,0,0,1,0,357,32832,0,0,1,0,0,benign
0.030973,4,2,164,152,41,41,41,0,76,76,76,0,10202.4,193.717,0.0061946,0.00880416,0.018844,4e-06,0.018852,0.006284,4e-06,4e-06,0,0,0,0,0,0,0,-1,-1,51,17.0783,0,0,0,benign
0.000561,1,1,44,60,44,44,44,0,60,60,60,0,185383,3565.06,0.000561,0,0.000561,0.000561,0,0,0,0,0,0,0,0,0,0,0,-1,-1,49.3333,9.2376,1,0,0,benign
0.061754,2,2,62,164,31,31,31,0,82,82,82,0,3659.68,64.7731,0.0205847,0.0356485,0.061748,3e-06,3e-06,3e-06,3e-06,3e-06,0,0,0,0,0,0,0,-1,-1,51.4,27.9339,1,0,0,benign
3.43806,3,3,0,0,0,0,0,0,0,0,0,0,0,1.74517,0.687613,0.957432,2.02417,5.1e-05,1.41389,0.706946,3.41461,1.70731,0,0,0,0,1,0,0,29200,29,0,0,1,0,0,benign
0.000211,2,2,70,326,35,35,35,0,163,163,163,0,1.87678e+06,18957.3,7.03333e-05,8.08476e-05,0.00016,3e-06,3e-06,3e-06,4.8e-05,4.8e-05,0,0,0,0,0,0,0,-1,-1,86.2,70.1085,1,0,0,benign
0.083955,2,2,64,166,32,32,32,0,83,83,83,0,2739.56,47.6446,0.027985,0.048468,0.083951,1e-06,1e-06,1e-06,3e-06,3e-06,0,0,0,0,0,0,0,-1,-1,52.4,27.9339,1,0,0,benign
2.3e-05,1,1,0,0,0,0,0,0,0,0,0,0,0,86956.5,2.3e-05,0,2.3e-05,2.3e-05,0,0,0,0,0,0,0,0,0,1,0,379,332,0,0,1,0,0,benign
20.6157,16,15,747,15933,335,0,46.6875,93.2035,2920,0,1062.2,991.925,809.093,1.50371,0.687189,2.52533,10,1e-06,20.6,1.37438,20.5,1.46278,0,0,0,0,1,0,0,8192,31,521.25,845.664,0,0.263406,9.97617,benign
5.17804,8,4,375,3152,194,0,46.875,72.7411,1460,0,788,776.507,681.146,2.31748,0.470731,1.40639,4.7069,3e-05,5.17804,0.73972,0.23177,0.0772567,0,0,0,0,1,0,0,8192,119,271.308,531.537,0,0,0,benign
0.151561,1,1,0,0,0,0,0,0,0,0,0,0,0,13.196,0.151561,0,0.151561,0.151561,0,0,0,0,0,0,0,0,0,1,1,319,3,0,0,1,0,0,benign
0.000212,2,2,62,158,31,31,31,0,79,79,79,0,1.03774e+06,18867.9,7.06667e-05,8.14023e-05,0.000161,3e-06,4.8e-05,4.8e-05,3e-06,3e-06,0,0,0,0,0,0,0,-1,-1,50.2,26.2907,1,0,0,benign
0.030926,2,2,70,102,35,35,35,0,51,51,51,0,5561.66,129.341,0.0103087,0.0178118,0.030876,3e-06,4.7e-05,4.7e-05,3e-06,3e-06,0,0,0,0,0,0,0,-1,-1,41.4,8.76356,1,0,0,benign
0.000126,2,0,12,0,6,6,6,0,0,0,0,0,95238.1,15873,0.000126,0,0.000126,0.000126,0.000126,0.000126,0,0,0,0,0,0,0,1,0,258,-1,6,0,0,0,0,benign
0.072487,1,1,44,114,44,44,44,0,114,114,114,0,2179.7,27.5912,0.072487,0,0.072487,0.072487,0,0,0,0,0,0,0,0,0,0,0,-1,-1,67.3333,40.4145,1,0,0,benign
0.000268,2,2,74,106,37,37,37,0,53,53,53,0,671642,14925.4,8.93333e-05,0.000148669,0.000261,3e-06,3e-06,3e-06,4e-06,4e-06,0,0,0,0,0,0,0,-1,-1,43.4,8.76356,1,0,0,benign
0.048704,2,2,60,234,30,30,30,0,117,117,117,0,6036.47,82.1288,0.0162347,0.0281132,0.048697,3e-06,3e-06,3e-06,4e-06,4e-06,0,0,0,0,0,0,0,-1,-1,64.8,47.6519,1,0,0,benign
0.337009,1,1,43,59,43,43,43,0,59,59,59,0,302.663,5.93456,0.337009,0,0.337009,0.337009,0,0,0,0,0,0,0,0,0,0,0,-1,-1,48.3333,9.2376,1,0,0,benign
0.041272,2,2,68,690,34,34,34,0,345,345,345,0,18366,96.918,0.0137573,0.0238223,0.041265,3e-06,3e-06,3e-06,4e-06,4e-06,0,0,0,0,0,0,0,-1,-1,158.4,170.342,1,0,0,benign
5.19147,3,1,0,0,0,0,0,0,0,0,0,0,0,0.770495,1.73049,2.97673,5.16769,5.6e-05,5.19147,2.59573,0,0,0,0,0,0,1,0,0,29200,65535,0,0,0,0,0,benign
0.000209,2,2,102,224,51,51,51,0,112,112,112,0,1.55981e+06,19138.8,6.96667e-05,0.000114605,0.000202,3e-06,4e-06,4e-06,3e-06,3e-06,0,0,0,0,0,0,0,-1,-1,75.4,33.4111,1,0,0,benign
0.000251,2,2,72,246,36,36,36,0,123,123,123,0,1.26693e+06,15936.3,8.36667e-05,0.000135412,0.00024,3e-06,8e-06,8e-06,3e-06,3e-06,0,0,0,0,0,0,0,-1,-1,70.8,47.6519,1,0,0,benign
0.024862,2,2,72,104,36,36,36,0,52,52,52,0,7079.08,160.888,0.00828733,0.014342,0.024848,3e-06,1.1e-05,1.1e-05,3e-06,3e-06,0,0,0,0,0,0,0,-1,-1,42.4,8.76356,1,0,0,benign
0.031219,2,2,70,250,35,35,35,0,125,125,125,0,10250.2,128.127,0.0104063,0.0180191,0.031213,3e-06,3e-06,3e-06,3e-06,3e-06,0,0,0,0,0,0,0,-1,-1,71,49.295,1,0,0,benign
0.000423,1,1,49,116,49,49,49,0,116,116,116,0,390071,4728.13,0.000423,0,0.000423,0.000423,0,0,0,0,0,0,0,0,0,0,0,-1,-1,71.3333,38.6825,1,0,0,benign
60.8162,69,45,19902,46938,1028,0,288.435,323.911,1581,0,1043.07,667.261,1099.05,1.8745,0.538197,1.04979,4.00388,5e-06,60.8,0.894356,60.1,1.36566,0,0,0,0,1,0,0,8192,568,581.217,611.126,0,0,0,benign
0.000334,2,2,78,212,39,39,39,0,106,106,106,0,868263,11976,0.000111333,0.000151447,0.000284,1e-06,1e-06,1e-06,4.9e-05,4.9e-05,0,0,0,0,0,0,0,-1,-1,65.8,36.6974,1,0,0,benign
0.099235,2,2,56,158,28,28,28,0,79,79,79,0,2156.5,40.3084,0.0330783,0.0572873,0.099228,3e-06,3e-06,3e-06,4e-06,4e-06,0,0,0,0,0,0,0,-1,-1,48.4,27.9339,1,0,0,benign
0.045323,2,2,90,196,45,45,45,0,98,98,98,0,6310.26,88.2554,0.0151077,0.0261612,0.045316,3e-06,3e-06,3e-06,4e-06,4e-06,0,0,0,0,0,0,0,-1,-1,66.2,29.0293,1,0,0,benign
0.078844,2,2,96,128,48,48,48,0,64,64,64,0,2841.05,50.7331,0.0262813,0.0454366,0.078747,4.8e-05,4.8e-05,4.8e-05,4.9e-05,4.9e-05,0,0,0,0,0,0,0,-1,-1,54.4,8.76356,1,0,0,benign
0.025538,2,2,64,536,32,32,32,0,268,268,268,0,23494.4,156.629,0.00851267,0.0147392,0.025532,3e-06,3e-06,3e-06,3e-06,3e-06,0,0,0,0,0,0,0,-1,-1,126.4,129.263,1,0,0,benign
0.000227,2,2,80,720,40,40,40,0,360,360,360,0,3.52423e+06,17621.1,7.56667e-05,0.000126729,0.000222,2e-06,3e-06,3e-06,2e-06,2e-06,0,0,0,0,0,0,0,-1,-1,168,175.271,1,0,0,benign
0.55448,9,8,529,3979,201,0,58.7778,80.2041,1430,0,497.375,620.507,8130.14,30.6594,0.034655,0.0847394,0.346952,3e-06,0.55448,0.06931,0.50179,0.0716843,0,0,0,0,1,0,0,8192,351,250.444,461.953,0,0,0,benign
0.008587,3,0,18,0,6,6,6,0,0,0,0,0,2096.19,349.365,0.0042935,0.00538462,0.008101,0.000486,0.008587,0.0042935,0,0,0,0,0,0,0,1,0,127,-1,6,0,0,0,0,benign
0.000178,2,2,74,154,37,37,37,0,77,77,77,0,1.2809e+06,22471.9,5.93333e-05,9.58401e-05,0.00017,4e-06,4e-06,4e-06,4e-06,4e-06,0,0,0,0,0,0,0,-1,-1,53,21.9089,1,0,0,benign
0.053891,2,2,68,224,34,34,34,0,112,112,112,0,5418.34,74.2239,0.0179637,0.0311088,0.053885,3e-06,3e-06,3e-06,3e-06,3e-06,0,0,0,0,0,0,0,-1,-1,65.2,42.7224,1,0,0,benign
4e-06,3,0,37,0,37,0,12.3333,21.362,0,0,0,0,9.25e+06,750000,2e-06,2.82843e-06,4e-06,0,4e-06,2e-06,0,0,0,0,0,0,0,1,0,276,-1,9.25,18.5,0,0,0,benign
0.000266,2,2,80,194,40,40,40,0,97,97,97,0,1.03008e+06,15037.6,8.86667e-05,0.000150114,0.000262,1e-06,1e-06,1e-06,3e-06,3e-06,0,0,0,0,0,0,0,-1,-1,62.8,31.2202,1,0,0,benign
20.7655,22,18,1115,25956,709,0,50.6818,157.169,2896,0,1442,1097.12,1303.65,1.92627,0.532448,2.23305,10,2e-06,20.8,0.988832,20.2,1.18924,0,0,0,0,1,0,0,29200,123,660.268,1007.37,0,0.10213,10,benign
0.000449,1,1,50,111,50,50,50,0,111,111,111,0,358575,4454.34,0.000449,0,0.000449,0.000449,0,0,0,0,0,0,0,0,0,0,0,-1,-1,70.3333,35.2184,1,0,0,benign
0.000153,1,1,0,0,0,0,0,0,0,0,0,0,0,13071.9,0.000153,0,0.000153,0.000153,0,0,0,0,0,0,0,0,0,1,1,219,255,0,0,1,0,0,benign
0.030563,1,1,48,64,48,48,48,0,64,64,64,0,3664.56,65.4386,0.030563,0,0.030563,0.030563,0,0,0,0,0,0,0,0,0,0,0,-1,-1,53.3333,9.2376,1,0,0,benign
0.158784,2,2,88,198,44,44,44,0,99,99,99,0,1801.19,25.1915,0.052928,0.0916679,0.158777,3e-06,3e-06,3e-06,4e-06,4e-06,0,0,0,0,0,0,0,-1,-1,66,30.1247,1,0,0,benign
0.000153,2,2,104,352,52,52,52,0,176,176,176,0,2.98039e+06,26143.8,5.1e-05,8.5738e-05,0.00015,1e-06,1e-06,1e-06,2e-06,2e-06,0,0,0,0,0,0,0,-1,-1,101.6,67.9176,1,0,0,benign
0.000163,2,2,82,182,41,41,41,0,91,91,91,0,1.61963e+06,24539.9,5.43333e-05,5.61902e-05,0.000113,1e-06,1e-06,1e-06,4.9e-05,4.9e-05,0,0,0,0,0,0,0,-1,-1,61,27.3861,1,0,0,benign
4.9e-05,2,1,0,0,0,0,0,0,0,0,0,0,0,61224.5,2.45e-05,2.89914e-05,4.5e-05,4e-06,4e-06,4e-06,0,0,0,0,0,0,0,1,1,780,345,0,0,0,0,0,benign
39.3797,2,2,118,246,66,52,59,9.89949,130,116,123,9.89949,9.24334,0.101575,13.1,22.7,39.3,0.040816,39.3,39.3,39.3,39.3,0,0,0,0,0,0,0,-1,-1,86,34.6121,1,0.04179,39.3,benign
1e-06,1,1,0,0,0,0,0,0,0,0,0,0,0,2e+06,1e-06,0,1e-06,1e-06,0,0,0,0,0,0,0,0,0,1,1,368,258,0,0,1,0,0,benign
0.048967,2,2,74,164,37,37,37,0,82,82,82,0,4860.42,81.6877,0.0163223,0.0282261,0.048915,4e-06,4e-06,4e-06,4.8e-05,4.8e-05,0,0,0,0,0,0,0,-1,-1,55,24.6475,1,0,0,benign
6.3e-05,1,1,0,0,0,0,0,0,0,0,0,0,0,31746,6.3e-05,0,6.3e-05,6.3e-05,0,0,0,0,0,0,0,0,0,1,1,126,408,0,0,1,0,0,benign
0.000222,2,2,72,146,36,36,36,0,73,73,73,0,981982,18018,7.4e-05,8.69655e-05,0.000171,3e-06,4.8e-05,4.8e-05,3e-06,3e-06,0,0,0,0,0,0,0,-1,-1,50.8,20.2657,1,0,0,benign
0.023228,1,1,44,121,44,44,44,0,121,121,121,0,7103.5,86.103,0.023228,0,0.023228,0.023228,0,0,0,0,0,0,0,0,0,0,0,-1,-1,69.6667,44.456,1,0,0,benign
0.076863,2,2,90,252,45,45,45,0,126,126,126,0,4449.48,52.0406,0.025621,0.0443396,0.07682,4e-06,3.9e-05,3.9e-05,4e-06,4e-06,0,0,0,0,0,0,0,-1,-1,77.4,44.3655,1,0,0,benign
0.02367,1,1,100,178,100,100,100,0,178,178,178,0,11744.8,84.4951,0.02367,0,0.02367,0.02367,0,0,0,0,0,0,0,0,0,0,0,-1,-1,126,45.0333,1,0,0,benign
0.049064,4,2,164,186,41,41,41,0,93,93,93,0,7133.54,122.289,0.0098128,0.0141706,0.030971,1e-06,0.03102,0.01034,3e-06,3e-06,0,0,0,0,0,0,0,-1,-1,55.8571,25.3734,0,0,0,benign
0.608498,6,7,1289,4828,1289,0,214.833,526.232,1448,0,689.714,707.354,10052.6,21.3641,0.0507082,0.0888716,0.29099,4e-06,0.505056,0.101011,0.502663,0.0837772,0,0,0,0,1,0,0,29200,5669,436.929,639.764,1,0,0,benign
6.7e-05,1,1,0,0,0,0,0,0,0,0,0,0,0,29850.7,6.7e-05,0,6.7e-05,6.7e-05,0,0,0,0,0,0,0,0,0,1,1,118,328,0,0,1,0,0,benign
0.094882,2,1,0,0,0,0,0,0,0,0,0,0,0,31.6182,0.047441,0.0670875,0.094879,3e-06,3e-06,3e-06,0,0,0,0,0,0,0,1,1,304,252,0,0,0,0,0,benign
0.000229,2,2,64,158,32,32,32,0,79,79,79,0,969432,17467.2,7.63333e-05,9.44793e-05,0.000182,0,0,0,4.7e-05,4.7e-05,0,0,0,0,0,0,0,-1,-1,50.8,25.743,1,0,0,benign
0.00018,2,2,68,166,34,34,34,0,83,83,83,0,1.3e+06,22222.2,6e-05,9.78621e-05,0.000173,3e-06,3e-06,3e-06,4e-06,4e-06,0,0,0,0,0,0,0,-1,-1,53.6,26.8384,1,0,0,benign
0.0402,2,0,12,0,6,6,6,0,0,0,0,0,298.507,49.7512,0.0402,0,0.0402,0.0402,0.0402,0.0402,0,0,0,0,0,0,0,1,0,16210,-1,6,0,0,0,0,benign
0.032134,1,1,0,0,0,0,0,0,0,0,0,0,0,62.2394,0.032134,0,0.032134,0.032134,0,0,0,0,0,0,0,0,0,1,1,325,126,0,0,1,0,0,benign
0.069169,2,2,70,150,35,35,35,0,75,75,75,0,3180.62,57.8294,0.0230563,0.0399313,0.069165,1e-06,1e-06,1e-06,3e-06,3e-06,0,0,0,0,0,0,0,-1,-1,51,21.9089,1,0,0,benign
0.03217,2,2,78,180,39,39,39,0,90,90,90,0,8019.89,124.339,0.0107233,0.0185682,0.032164,3e-06,3e-06,3e-06,3e-06,3e-06,0,0,0,0,0,0,0,-1,-1,59.4,27.9339,1,0,0,benign
0.000214,1,1,0,0,0,0,0,0,0,0,0,0,0,9345.79,0.000214,0,0.000214,0.000214,0,0,0,0,0,0,0,0,0,1,1,286,256,0,0,1,0,0,benign
0.03168,2,2,74,352,37,37,37,0,176,176,176,0,13447,126.263,0.01056,0.0182861,0.031675,1e-06,1e-06,1e-06,4e-06,4e-06,0,0,0,0,0,0,0,-1,-1,92.6,76.1334,1,0,0,benign
116.067,25,33,425,41079,287,0,17,56.2628,4380,0,1244.82,1272.08,357.586,0.499711,2.03627,4.00086,10,7e-06,116,4.83613,110,3.44721,0,0,0,0,1,0,0,8192,946,703.458,1128.05,1,0.0288303,9.99936,benign
0.063878,2,2,80,180,40,40,40,0,90,90,90,0,4070.26,62.6194,0.0212927,0.0368367,0.063828,3e-06,3e-06,3e-06,4.7e-05,4.7e-05,0,0,0,0,0,0,0,-1,-1,60,27.3861,1,0,0,benign
0.000178,2,2,72,200,36,36,36,0,100,100,100,0,1.52809e+06,22471.9,5.93333e-05,6.27721e-05,0.000127,3e-06,3e-06,3e-06,4.8e-05,4.8e-05,0,0,0,0,0,0,0,-1,-1,61.6,35.0542,1,0,0,benign
0.031253,2,2,94,206,47,47,47,0,103,103,103,0,9599.08,127.988,0.0104177,0.0180379,0.031246,3e-06,3e-06,3e-06,4e-06,4e-06,0,0,0,0,0,0,0,-1,-1,69.4,30.6725,1,0,0,benign
1.7e-05,1,1,0,0,0,0,0,0,0,0,0,0,0,117647,1.7e-05,0,1.7e-05,1.7e-05,0,0,0,0,0,0,0,0,0,1,1,227,229,0,0,1,0,0,benign
2.8e-05,1,1,6,6,6,6,6,0,6,6,6,0,428571,71428.6,2.8e-05,0,2.8e-05,2.8e-05,0,0,0,0,0,0,0,0,0,1,1,152,16417,6,0,1,0,0,benign
0.000228,2,1,0,0,0,0,0,0,0,0,0,0,0,13157.9,0.000114,4.6669e-05,0.000147,8.1e-05,0.000228,0.000228,0,0,0,0,0,0,0,1,1,8192,355,0,0,0,0,0,benign
0.069037,1,1,50,148,50,50,50,0,148,148,148,0,2868.03,28.97,0.069037,0,0.069037,0.069037,0,0,0,0,0,0,0,0,0,0,0,-1,-1,82.6667,56.5803,1,0,0,benign
0.000763,2,2,86,142,43,43,43,0,71,71,71,0,298820,5242.46,0.000254333,0.00043359,0.000755,4e-06,4e-06,4e-06,4e-06,4e-06,0,0,0,0,0,0,0,-1,-1,54.2,15.3362,1,0,0,benign
0.052703,1,1,0,0,0,0,0,0,0,0,0,0,0,37.9485,0.052703,0,0.052703,0.052703,0,0,0,0,0,0,0,0,0,1,1,364,237,0,0,1,0,0,benign
0.024456,2,2,70,254,35,35,35,0,127,127,127,0,13248.3,163.559,0.008152,0.0140755,0.024405,3e-06,4.8e-05,4.8e-05,3e-06,3e-06,0,0,0,0,0,0,0,-1,-1,71.8,50.3905,1,0,0,benign
0.048251,2,2,170,334,85,85,85,0,167,167,167,0,10445.4,82.8998,0.0160837,0.0278517,0.048244,3e-06,4e-06,4e-06,3e-06,3e-06,0,0,0,0,0,0,0,-1,-1,117.8,44.9132,1,0,0,benign
0.000212,2,1,31,6,31,0,15.5,21.9203,6,6,6,0,174528,14150.9,0.000106,2.82843e-05,0.000126,8.6e-05,0.000212,0.000212,0,0,1,0,1,0,0,1,0,1006,0,17,16.3503,0,0,0,benign
0.000276,2,2,86,118,43,43,43,0,59,59,59,0,739130,14492.8,9.2e-05,0.000117358,0.000225,3e-06,4.8e-05,4.8e-05,3e-06,3e-06,0,0,0,0,0,0,0,-1,-1,49.4,8.76356,1,0,0,benign
0.019701,1,1,6,6,6,6,6,0,6,6,6,0,609.106,101.518,0.019701,0,0.019701,0.019701,0,0,0,0,0,0,0,0,0,1,1,261,30,6,0,1,0,0,benign
0.061386,2,2,70,358,35,35,35,0,179,179,179,0,6972.27,65.1614,0.020462,0.0353962,0.061334,4e-06,4.8e-05,4.8e-05,4e-06,4e-06,0,0,0,0,0,0,0,-1,-1,92.6,78.872,1,0,0,benign
0.000191,2,2,104,136,52,52,52,0,68,68,68,0,1.25654e+06,20942.4,6.36667e-05,7.11641e-05,0.000142,3e-06,3e-06,3e-06,4.6e-05,4.6e-05,0,0,0,0,0,0,0,-1,-1,58.4,8.76356,1,0,0,benign
0.000181,2,2,88,120,44,44,44,0,60,60,60,0,1.14917e+06,22099.4,6.03333e-05,6.376e-05,0.000129,3e-06,4.9e-05,4.9e-05,3e-06,3e-06,0,0,0,0,0,0,0,-1,-1,50.4,8.76356,1,0,0,benign
3.5e-05,1,1,0,0,0,0,0,0,0,0,0,0,0,57142.9,3.5e-05,0,3.5e-05,3.5e-05,0,0,0,0,0,0,0,0,0,1,1,384,378,0,0,1,0,0,benign
0.025959,1,1,0,0,0,0,0,0,0,0,0,0,0,77.0446,0.025959,0,0.025959,0.025959,0,0,0,0,0,0,0,0,0,1,1,350,1006,0,0,1,0,0,benign
0.079876,2,2,88,232,45,43,44,1.41421,173,59,116,80.6102,4006.21,50.0776,0.0266253,0.027339,0.054918,0.000352,0.000352,0.000352,0.054918,0.054918,0,0,0,0,0,0,0,-1,-1,72.6,56.5226,1,0,0,benign
0.048179,1,1,55,55,55,55,55,0,55,55,55,0,2283.15,41.5119,0.048179,0,0.048179,0.048179,0,0,0,0,0,0,0,0,0,0,0,-1,-1,55,0,1,0,0,benign
0.000451,1,1,60,115,60,60,60,0,115,115,115,0,388027,4434.59,0.000451,0,0.000451,0.000451,0,0,0,0,0,0,0,0,0,0,0,-1,-1,78.3333,31.7543,1,0,0,benign
0.06156,2,2,88,214,44,44,44,0,107,107,107,0,4905.78,64.9773,0.02052,0.0355348,0.061552,4e-06,4e-06,4e-06,4e-06,4e-06,0,0,0,0,0,0,0,-1,-1,69.2,34.5065,1,0,0,benign
0.031493,2,2,66,172,33,33,33,0,86,86,86,0,7557.23,127.012,0.0104977,0.0181756,0.031485,4e-06,4e-06,4e-06,4e-06,4e-06,0,0,0,0,0,0,0,-1,-1,54.2,29.0293,1,0,0,benign
0.000244,2,2,150,406,75,75,75,0,203,203,203,0,2.27869e+06,16393.4,8.13333e-05,5.7735e-05,0.000148,4.8e-05,4.8e-05,4.8e-05,4.8e-05,4.8e-05,0,0,0,0,0,0,0,-1,-1,126.2,70.1085,1,0,0,benign
0.023737,2,2,64,226,32,32,32,0,113,113,113,0,12217.2,168.513,0.00791233,0.0136613,0.023687,2e-06,2e-06,2e-06,4.8e-05,4.8e-05,0,0,0,0,0,0,0,-1,-1,64.4,44.3655,1,0,0,benign
0.000188,2,2,70,166,35,35,35,0,83,83,83,0,1.25532e+06,21276.6,6.26667e-05,0.000103346,0.000182,3e-06,3e-06,3e-06,3e-06,3e-06,0,0,0,0,0,0,0,-1,-1,54.2,26.2907,1,0,0,benign
0.023793,1,1,0,0,0,0,0,0,0,0,0,0,0,84.0583,0.023793,0,0.023793,0.023793,0,0,0,0,0,0,0,0,0,1,1,241,285,0,0,1,0,0,benign
111.369,24,19,4802,4528,1052,0,200.083,402.161,1170,0,238.316,456.005,83.7756,0.386104,2.65164,4.44203,10,3e-06,111,4.83995,111,6.18439,0,0,0,0,1,0,0,29200,301,212.045,418.311,0,0.100695,10,benign
0.030668,1,1,48,144,48,48,48,0,144,144,144,0,6260.6,65.2146,0.030668,0,0.030668,0.030668,0,0,0,0,0,0,0,0,0,0,0,-1,-1,80,55.4256,1,0,0,benign
0.061419,2,2,90,326,45,45,45,0,163,163,163,0,6773.15,65.1264,0.020473,0.0354482,0.061405,4e-06,4e-06,4e-06,1e-05,1e-05,0,0,0,0,0,0,0,-1,-1,92.2,64.6313,1,0,0,benign
0.02216,2,1,0,0,0,0,0,0,0,0,0,0,0,135.379,0.01108,0.0156681,0.022159,1e-06,1e-06,1e-06,0,0,0,0,0,0,0,1,1,33304,122,0,0,0,0,0,benign
0.032369,2,2,62,378,31,31,31,0,189,189,189,0,13593.3,123.575,0.0107897,0.0186432,0.032317,4e-06,4e-06,4e-06,4.8e-05,4.8e-05,0,0,0,0,0,0,0,-1,-1,94.2,86.5402,1,0,0,benign
0.958137,1,1,58,106,58,58,58,0,106,106,106,0,171.166,2.08738,0.958137,0,0.958137,0.958137,0,0,0,0,0,0,0,0,0,0,0,-1,-1,74,27.7128,1,0,0,benign
0.025827,2,2,62,318,31,31,31,0,159,159,159,0,14713.3,154.877,0.008609,0.0148991,0.025813,3e-06,3e-06,3e-06,1.1e-05,1.1e-05,0,0,0,0,0,0,0,-1,-1,82.2,70.1085,1,0,0,benign
0.000189,2,2,98,374,49,49,49,0,187,187,187,0,2.49735e+06,21164,6.3e-05,0.000103058,0.000182,3e-06,3e-06,3e-06,4e-06,4e-06,0,0,0,0,0,0,0,-1,-1,104.2,75.5857,1,0,0,benign
0.146625,2,2,60,262,30,30,30,0,131,131,131,0,2196.08,27.2805,0.048875,0.0846471,0.146617,4e-06,4e-06,4e-06,4e-06,4e-06,0,0,0,0,0,0,0,-1,-1,70.4,55.32,1,0,0,benign
0.030864,2,2,86,142,43,43,43,0,71,71,71,0,7387.25,129.601,0.010288,0.0178133,0.030857,3e-06,3e-06,3e-06,4e-06,4e-06,0,0,0,0,0,0,0,-1,-1,54.2,15.3362,1,0,0,benign
0.000198,2,2,88,120,44,44,44,0,60,60,60,0,1.05051e+06,20202,6.6e-05,3.11769e-05,0.000102,4.8e-05,4.8e-05,4.8e-05,4.8e-05,4.8e-05,0,0,0,0,0,0,0,-1,-1,50.4,8.76356,1,0,0,benign
0.024735,2,2,64,228,32,32,32,0,114,114,114,0,11805.1,161.714,0.008245,0.0141968,0.024638,4.8e-05,4.8e-05,4.8e-05,4.9e-05,4.9e-05,0,0,0,0,0,0,0,-1,-1,64.8,44.9132,1,0,0,benign
0.000215,2,2,136,392,68,68,68,0,196,196,196,0,2.45581e+06,18604.7,7.16667e-05,0.000118069,0.000208,3e-06,4e-06,4e-06,3e-06,3e-06,0,0,0,0,0,0,0,-1,-1,119.2,70.1085,1,0,0,benign
0.031477,2,2,76,196,38,38,38,0,98,98,98,0,8641.23,127.077,0.0104923,0.0181308,0.031428,1e-06,1e-06,1e-06,4.8e-05,4.8e-05,0,0,0,0,0,0,0,-1,-1,62,32.8634,1,0,0,benign
0.00016,2,2,84,228,42,42,42,0,114,114,114,0,1.95e+06,25000,5.33333e-05,9.0644e-05,0.000158,1e-06,1e-06,1e-06,1e-06,1e-06,0,0,0,0,0,0,0,-1,-1,70.8,39.436,1,0,0,benign
5.2e-05,1,1,0,0,0,0,0,0,0,0,0,0,0,38461.5,5.2e-05,0,5.2e-05,5.2e-05,0,0,0,0,0,0,0,0,0,1,1,61,305,0,0,1,0,0,benign
0.000211,3,1,18,0,6,6,6,0,0,0,0,0,85308.1,18957.3,7.03333e-05,9.18767e-05,0.000175,3e-06,0.000211,0.0001055,0,0,0,1,0,0,0,0,0,0,972,4.8,2.68328,0,0,0,benign
0.000149,2,2,88,188,44,44,44,0,94,94,94,0,1.85235e+06,26845.6,4.96667e-05,8.34286e-05,0.000146,1e-06,2e-06,2e-06,1e-06,1e-06,0,0,0,0,0,0,0,-1,-1,64,27.3861,1,0,0,benign
18.5935,8,7,3510,2102,1350,35,438.75,530.561,1350,30,300.286,484.413,301.826,0.806734,1.32811,4.90164,18.3582,4e-06,18.5935,2.65621,18.5312,3.08854,0,0,0,0,0,0,0,-1,-1,435.125,538.069,0,0.099573,18.3582,benign
0.024396,2,2,112,276,56,56,56,0,138,138,138,0,15904.2,163.961,0.008132,0.0140798,0.02439,3e-06,3e-06,3e-06,3e-06,3e-06,0,0,0,0,0,0,0,-1,-1,88.8,44.9132,1,0,0,benign
0.224748,1,1,0,0,0,0,0,0,0,0,0,0,0,8.89886,0.224748,0,0.224748,0.224748,0,0,0,0,0,0,0,0,1,0,0,29200,0,0,0,1,0,0,benign
0.031283,2,2,84,196,42,42,42,0,98,98,98,0,8950.55,127.865,0.0104277,0.0180561,0.031277,3e-06,3e-06,3e-06,3e-06,3e-06,0,0,0,0,0,0,0,-1,-1,64.4,30.6725,1,0,0,benign
0.04793,1,1,55,55,55,55,55,0,55,55,55,0,2295.01,41.7275,0.04793,0,0.04793,0.04793,0,0,0,0,0,0,0,0,0,0,0,-1,-1,55,0,1,0,0,benign
117.228,16,16,1889,3750,524,0,118.062,194.177,1418,0,234.375,470.378,48.1029,0.272973,3.78154,14.6,58.4,1e-06,117,7.81519,117,7.81167,0,0,0,0,1,0,0,29200,183,170.879,354.557,1,0.288432,58.3,benign
60.6818,36,33,3826,11881,1765,0,106.278,390.97,1460,0,360.03,486.13,258.842,1.13708,0.89238,2.73753,10,0,60.7,1.73377,60.3,1.88482,0,0,0,0,1,0,0,29200,1609,224.386,451.6,0,0.54299,9.57062,benign
6.2e-05,1,1,6,6,6,6,6,0,6,6,6,0,193548,32258.1,6.2e-05,0,6.2e-05,6.2e-05,0,0,0,0,0,0,0,0,0,1,1,160,253,6,0,1,0,0,benign
0.000438,2,2,360,358,180,180,180,0,179,179,179,0,1.63927e+06,9132.42,0.000146,0.000246818,0.000431,3e-06,3e-06,3e-06,4e-06,4e-06,0,0,0,0,0,0,0,-1,-1,179.6,0.547723,1,0,0,benign
0.000698,2,2,496,2820,248,248,248,0,1410,1410,1410,0,4.75072e+06,5730.66,0.000232667,0.000319852,0.000602,4.8e-05,4.8e-05,4.8e-05,4.8e-05,4.8e-05,0,0,0,0,0,0,0,-1,-1,712.8,636.454,1,0,0,benign
0.033538,1,1,6,6,6,6,6,0,6,6,6,0,357.803,59.6338,0.033538,0,0.033538,0.033538,0,0,0,0,0,0,0,0,0,1,1,237,131,6,0,1,0,0,benign
0.000163,2,2,102,224,51,51,51,0,112,112,112,0,2e+06,24539.9,5.43333e-05,8.80473e-05,0.000156,3e-06,4e-06,4e-06,3e-06,3e-06,0,0,0,0,0,0,0,-1,-1,75.4,33.4111,1,0,0,benign
0.000193,2,2,64,256,32,32,32,0,128,128,128,0,1.65803e+06,20725.4,6.43333e-05,7.02662e-05,0.000141,3e-06,3e-06,3e-06,4.9e-05,4.9e-05,0,0,0,0,0,0,0,-1,-1,70.4,52.5814,1,0,0,benign
0.023613,1,1,52,120,52,52,52,0,120,120,120,0,7284.12,84.6991,0.023613,0,0.023613,0.023613,0,0,0,0,0,0,0,0,0,0,0,-1,-1,74.6667,39.2598,1,0,0,benign
0.186106,2,2,58,146,29,29,29,0,73,73,73,0,1096.15,21.4931,0.0620353,0.107442,0.186099,3e-06,4e-06,4e-06,3e-06,3e-06,0,0,0,0,0,0,0,-1,-1,46.6,24.0998,1,0,0,benign
0.049686,2,2,66,234,33,33,33,0,117,117,117,0,6037.92,80.5056,0.016562,0.0286828,0.049682,1e-06,3e-06,3e-06,1e-06,1e-06,0,0,0,0,0,0,0,-1,-1,66.6,46.0087,1,0,0,benign
0.023493,1,1,6,6,6,6,6,0,6,6,6,0,510.79,85.1317,0.023493,0,0.023493,0.023493,0,0,0,0,0,0,0,0,0,1,1,237,60,6,0,1,0,0,benign
0.263092,2,2,84,228,42,42,42,0,114,114,114,0,1185.9,15.2038,0.0876973,0.151891,0.263086,2e-06,2e-06,2e-06,4e-06,4e-06,0,0,0,0,0,0,0,-1,-1,70.8,39.436,1,0,0,benign
0.031255,2,2,66,578,33,33,33,0,289,289,289,0,20604.7,127.98,0.0104183,0.0180399,0.031249,3e-06,3e-06,3e-06,3e-06,3e-06,0,0,0,0,0,0,0,-1,-1,135.4,140.217,1,0,0,benign
0.000192,2,1,37,6,31,6,18.5,17.6777,6,6,6,0,223958,15625,9.6e-05,1.41421e-05,0.000106,8.6e-05,0.000192,0.000192,0,0,1,0,1,0,0,1,0,31,0,18.5,14.4338,0,0,0,benign
0.000224,2,2,66,184,33,33,33,0,92,92,92,0,1.11607e+06,17857.1,7.46667e-05,8.64079e-05,0.000171,4e-06,4.9e-05,4.9e-05,4e-06,4e-06,0,0,0,0,0,0,0,-1,-1,56.6,32.3156,1,0,0,benign
116.295,21,18,880,4193,435,0,41.9048,101.643,1778,0,232.944,535.02,43.6218,0.335354,3.0604,4.58012,10,4.9e-05,116,5.81475,111,6.50625,0,0,0,0,1,0,0,8192,980,126.825,373.584,0,0.0527152,9.63853,benign
0.999083,3,3,0,18,0,0,0,0,6,6,6,0,18.0165,6.00551,0.199817,0.272756,0.499462,0.000516,0.998293,0.499146,0.998567,0.499283,0,0,0,0,1,0,0,8192,0,2.57143,3.20713,1,0,0,benign
0.000115,1,1,6,6,6,6,6,0,6,6,6,0,104348,17391.3,0.000115,0,0.000115,0.000115,0,0,0,0,0,0,0,0,0,1,1,60,255,6,0,1,0,0,benign
0.000753,3,1,18,6,6,6,6,0,6,6,6,0,31872.5,5312.08,0.000251,0.000384095,0.000694,1.1e-05,0.000753,0.0003765,0,0,0,1,0,0,0,0,0,0,292,6,0,0,0,0,benign
0.060197,2,2,96,180,48,48,48,0,90,90,90,0,4584.95,66.4485,0.0200657,0.0347513,0.060193,1e-06,3e-06,3e-06,1e-06,1e-06,0,0,0,0,0,0,0,-1,-1,64.8,23.0043,1,0,0,benign
0.061352,2,2,66,316,33,33,33,0,158,158,158,0,6226.37,65.1975,0.0204507,0.0354181,0.061348,1e-06,3e-06,3e-06,1e-06,1e-06,0,0,0,0,0,0,0,-1,-1,83,68.4653,1,0,0,benign
0.050647,2,2,94,206,47,47,47,0,103,103,103,0,5923.35,78.978,0.0168823,0.0292359,0.050641,3e-06,3e-06,3e-06,3e-06,3e-06,0,0,0,0,0,0,0,-1,-1,69.4,30.6725,1,0,0,benign
0.039031,1,1,0,0,0,0,0,0,0,0,0,0,0,51.2413,0.039031,0,0.039031,0.039031,0,0,0,0,0,0,0,0,0,1,1,411,1073,0,0,1,0,0,benign
0.000271,2,2,80,720,40,40,40,0,360,360,360,0,2.95203e+06,14760.1,9.03333e-05,0.000114527,0.00022,3e-06,3e-06,3e-06,4.8e-05,4.8e-05,0,0,0,0,0,0,0,-1,-1,168,175.271,1,0,0,benign
0.000295,2,2,64,158,32,32,32,0,79,79,79,0,752542,13559.3,9.83333e-05,0.000168586,0.000293,1e-06,1e-06,1e-06,1e-06,1e-06,0,0,0,0,0,0,0,-1,-1,50.8,25.743,1,0,0,benign
0.076744,1,1,46,103,46,46,46,0,103,103,103,0,1941.52,26.0607,0.076744,0,0.076744,0.076744,0,0,0,0,0,0,0,0,0,0,0,-1,-1,65,32.909,1,0,0,benign
0.061293,2,2,72,242,36,36,36,0,121,121,121,0,5122.93,65.2603,0.020431,0.0353815,0.061286,3e-06,3e-06,3e-06,4e-06,4e-06,0,0,0,0,0,0,0,-1,-1,70,46.5564,1,0,0,benign
0.062185,2,2,70,182,35,35,35,0,91,91,91,0,4052.42,64.3242,0.0207283,0.0358991,0.062181,1e-06,1e-06,1e-06,3e-06,3e-06,0,0,0,0,0,0,0,-1,-1,57.4,30.6725,1,0,0,benign
0.006854,2,0,0,0,0,0,0,0,0,0,0,0,0,291.8,0.006854,0,0.006854,0.006854,0.006854,0.006854,0,0,0,0,0,0,0,1,0,237,-1,0,0,0,0,0,benign
0.000168,2,2,92,222,46,46,46,0,111,111,111,0,1.86905e+06,23809.5,5.6e-05,9.0934e-05,0.000161,3e-06,3e-06,3e-06,4e-06,4e-06,0,0,0,0,0,0,0,-1,-1,72,35.602,1,0,0,benign
0.06002,2,2,72,104,36,36,36,0,52,52,52,0,2932.36,66.6445,0.0200067,0.0346093,0.05997,3e-06,4.7e-05,4.7e-05,3e-06,3e-06,0,0,0,0,0,0,0,-1,-1,42.4,8.76356,1,0,0,benign
0.062417,2,2,90,202,45,45,45,0,101,101,101,0,4678.21,64.0851,0.0208057,0.0359525,0.06232,4.8e-05,4.9e-05,4.9e-05,4.8e-05,4.8e-05,0,0,0,0,0,0,0,-1,-1,67.4,30.6725,1,0,0,benign
0.000413,11,4,172,326,79,0,15.6364,31.4492,163,0,81.5,94.1081,1.20581e+06,36319.6,2.95e-05,2.79168e-05,8.7e-05,1e-06,0.000413,4.13e-05,0.000258,8.6e-05,0,0,0,0,1,0,0,29200,2081,31.125,57.8606,0,0,0,benign
0.090869,2,2,60,326,30,30,30,0,163,163,163,0,4247.87,44.0194,0.0302897,0.052458,0.090863,2e-06,2e-06,2e-06,4e-06,4e-06,0,0,0,0,0,0,0,-1,-1,83.2,72.8471,1,0,0,benign
0.000232,2,2,64,96,32,32,32,0,48,48,48,0,689655,17241.4,7.73333e-05,9.15933e-05,0.00018,4e-06,4e-06,4e-06,4.8e-05,4.8e-05,0,0,0,0,0,0,0,-1,-1,38.4,8.76356,1,0,0,benign
0.000169,2,2,96,96,48,48,48,0,48,48,48,0,1.13609e+06,23668.6,5.63333e-05,5.6959e-05,0.000117,4e-06,4e-06,4e-06,4.8e-05,4.8e-05,0,0,0,0,0,0,0,-1,-1,48,0,1,0,0,benign
0.061847,4,2,132,248,33,33,33,0,124,124,124,0,6144.19,97.0136,0.0123694,0.0169348,0.030934,1e-06,0.030909,0.010303,4e-06,4e-06,0,0,0,0,0,0,0,-1,-1,59,44.4035,0,0,0,benign
117.935,27,36,3590,6187,460,0,132.963,161.482,1418,0,171.861,348.767,82.9018,0.534194,1.90217,10.4,58.7,1e-06,118,4.53595,118,3.36851,0,0,0,0,1,0,0,29200,416,152.766,281.221,1,0.288954,58.7,benign
0.000734,3,0,0,0,0,0,0,0,0,0,0,0,0,4087.19,0.000367,0.000514774,0.000731,3e-06,0.000734,0.000367,0,0,0,0,0,0,0,1,0,65535,-1,0,0,0,0,0,benign
0.049378,2,2,70,198,35,35,35,0,99,99,99,0,5427.52,81.0077,0.0164593,0.0285049,0.049374,1e-06,1e-06,1e-06,3e-06,3e-06,0,0,0,0,0,0,0,-1,-1,60.6,35.0542,1,0,0,benign
0.071799,2,2,66,150,33,33,33,0,75,75,75,0,3008.4,55.7111,0.023933,0.0414081,0.071747,4e-06,4e-06,4e-06,4.8e-05,4.8e-05,0,0,0,0,0,0,0,-1,-1,49.8,23.0043,1,0,0,benign
0.41719,24,0,2160,0,90,90,90,0,0,0,0,0,5177.5,57.5277,0.0181387,0.086974,0.417116,1e-06,0.41719,0.0181387,0,0,0,0,0,0,0,0,0,-1,-1,90,0,0,0,0,benign
0.000942,2,2,2944,630,1472,1472,1472,0,315,315,315,0,3.79406e+06,4246.28,0.000314,0.000536937,0.000934,3e-06,5e-06,5e-06,3e-06,3e-06,0,0,0,0,0,0,0,-1,-1,1009.2,633.715,1,0,0,benign
0.108908,2,2,78,138,39,39,39,0,69,69,69,0,1983.33,36.7282,0.0363027,0.0628711,0.1089,4e-06,4e-06,4e-06,4e-06,4e-06,0,0,0,0,0,0,0,-1,-1,51,16.4317,1,0,0,benign
30.8738,11,13,2366,4167,1374,0,215.091,428.936,1460,0,320.538,523.765,211.603,0.777358,1.34234,3.41968,10,2e-06,20.9,2.09107,30.8,2.56983,0,0,0,0,1,0,0,8192,68,261.32,468.562,1,0.315308,9.97596,benign
0.011055,3,1,31,6,31,0,10.3333,17.8979,6,6,6,0,3346.9,361.827,0.003685,0.00635664,0.011025,3e-06,0.011028,0.005514,0,0,0,0,0,0,0,1,0,1039,0,7.4,13.4462,0,0,0,benign
0.030833,2,2,68,280,34,34,34,0,140,140,140,0,11286.6,129.731,0.0102777,0.0177954,0.030826,3e-06,3e-06,3e-06,4e-06,4e-06,0,0,0,0,0,0,0,-1,-1,76.4,58.0586,1,0,0,benign
0.02318,1,1,55,71,55,55,55,0,71,71,71,0,5435.72,86.2813,0.02318,0,0.02318,0.02318,0,0,0,0,0,0,0,0,0,0,0,-1,-1,60.3333,9.2376,1,0,0,benign
0.000954,2,2,70,174,35,35,35,0,87,87,87,0,255765,4192.87,0.000318,0.000545596,0.000948,3e-06,3e-06,3e-06,3e-06,3e-06,0,0,0,0,0,0,0,-1,-1,55.8,28.4816,1,0,0,benign
0.095306,1,1,53,218,53,53,53,0,218,218,218,0,2843.47,20.985,0.095306,0,0.095306,0.095306,0,0,0,0,0,0,0,0,0,0,0,-1,-1,108,95.2628,1,0,0,benign
3.3e-05,1,1,0,0,0,0,0,0,0,0,0,0,0,60606.1,3.3e-05,0,3.3e-05,3.3e-05,0,0,0,0,0,0,0,0,0,1,1,112,33304,0,0,1,0,0,benign
0.00029,2,2,78,110,39,39,39,0,55,55,55,0,648276,13793.1,9.66667e-05,0.00016137,0.000283,3e-06,4e-06,4e-06,3e-06,3e-06,0,0,0,0,0,0,0,-1,-1,45.4,8.76356,1,0,0,benign
1.0476,1,1,54,82,54,54,54,0,82,82,82,0,129.82,1.90912,1.0476,0,1.0476,1.0476,0,0,0,0,0,0,0,0,0,0,0,-1,-1,63.3333,16.1658,1,0,0,benign
0.674855,9,10,1059,8563,538,0,117.667,196.576,1685,0,856.3,713.268,14257.9,28.1542,0.0374919,0.0641076,0.159953,4e-06,0.674845,0.0843556,0.52665,0.0585167,0,0,0,0,1,0,0,29200,35,481.1,637.258,1,0,0,benign
20.8052,16,16,747,17342,335,0,46.6875,93.2035,2920,0,1083.88,825.515,869.445,1.53808,0.671136,2.49207,10,3e-06,20.8,1.38701,20.5,1.3638,0,0,0,0,1,0,0,8192,31,548.152,775.974,1,0.224527,10,benign
0.061338,2,2,58,304,29,29,29,0,152,152,152,0,5901.72,65.2124,0.020446,0.0353685,0.061286,4e-06,4e-06,4e-06,4.8e-05,4.8e-05,0,0,0,0,0,0,0,-1,-1,78.2,67.3699,1,0,0,benign
0.050189,2,2,58,314,29,29,29,0,157,157,157,0,7411.98,79.6987,0.0167297,0.0289714,0.050183,3e-06,3e-06,3e-06,3e-06,3e-06,0,0,0,0,0,0,0,-1,-1,80.2,70.1085,1,0,0,benign
0.056174,2,2,104,228,52,52,52,0,114,114,114,0,5910.21,71.2073,0.0187247,0.0324277,0.056169,2e-06,3e-06,3e-06,2e-06,2e-06,0,0,0,0,0,0,0,-1,-1,76.8,33.9588,1,0,0,benign
4.7e-05,1,1,0,0,0,0,0,0,0,0,0,0,0,42553.2,4.7e-05,0,4.7e-05,4.7e-05,0,0,0,0,0,0,0,0,0,1,0,5202,51528,0,0,1,0,0,benign
0.000291,2,2,88,250,44,44,44,0,125,125,125,0,1.16151e+06,13745.7,9.7e-05,0.000163686,0.000286,1e-06,1e-06,1e-06,4e-06,4e-06,0,0,0,0,0,0,0,-1,-1,76.4,44.3655,1,0,0,benign
0.030632,2,2,90,222,45,45,45,0,111,111,111,0,10185.4,130.582,0.0102107,0.0176802,0.030626,3e-06,3e-06,3e-06,3e-06,3e-06,0,0,0,0,0,0,0,-1,-1,71.4,36.1497,1,0,0,benign
0.051425,2,2,70,232,35,35,35,0,116,116,116,0,5872.63,77.7832,0.0171417,0.029608,0.05133,4.7e-05,4.8e-05,4.8e-05,4.7e-05,4.7e-05,0,0,0,0,0,0,0,-1,-1,67.4,44.3655,1,0,0,benign
0.000212,2,2,80,156,40,40,40,0,78,78,78,0,1.11321e+06,18867.9,7.06667e-05,8.14023e-05,0.000161,3e-06,3e-06,3e-06,4.8e-05,4.8e-05,0,0,0,0,0,0,0,-1,-1,55.2,20.8135,1,0,0,benign
0.031898,2,2,68,422,34,34,34,0,211,211,211,0,15361.5,125.4,0.0106327,0.0183713,0.031846,4e-06,4.8e-05,4.8e-05,4e-06,4e-06,0,0,0,0,0,0,0,-1,-1,104.8,96.9469,1,0,0,benign
0.047195,1,1,48,105,48,48,48,0,105,105,105,0,3241.87,42.3774,0.047195,0,0.047195,0.047195,0,0,0,0,0,0,0,0,0,0,0,-1,-1,67,32.909,1,0,0,benign
0.316306,1,1,43,135,43,43,43,0,135,135,135,0,562.746,6.32299,0.316306,0,0.316306,0.316306,0,0,0,0,0,0,0,0,0,0,0,-1,-1,73.6667,53.1162,1,0,0,benign
0.024204,2,2,60,448,30,30,30,0,224,224,224,0,20988.3,165.262,0.008068,0.01393,0.024153,3e-06,3e-06,3e-06,4.8e-05,4.8e-05,0,0,0,0,0,0,0,-1,-1,107.6,106.258,1,0,0,benign
0.121549,2,2,76,452,38,38,38,0,226,226,226,0,4343.93,32.9085,0.0405163,0.0701729,0.121545,1e-06,1e-06,1e-06,3e-06,3e-06,0,0,0,0,0,0,0,-1,-1,113.2,102.972,1,0,0,benign
0.060333,2,2,82,200,41,41,41,0,100,100,100,0,4674.06,66.2987,0.020111,0.0347891,0.060282,3e-06,4.8e-05,4.8e-05,3e-06,3e-06,0,0,0,0,0,0,0,-1,-1,64.6,32.3156,1,0,0,benign
0.00012,2,2,86,142,43,43,43,0,71,71,71,0,1.9e+06,33333.3,4e-05,6.49538e-05,0.000115,2e-06,3e-06,3e-06,2e-06,2e-06,0,0,0,0,0,0,0,-1,-1,54.2,15.3362,1,0,0,benign
0.000103,1,1,0,0,0,0,0,0,0,0,0,0,0,19417.5,0.000103,0,0.000103,0.000103,0,0,0,0,0,0,0,0,0,1,1,31,255,0,0,1,0,0,benign
0.023264,1,1,0,0,0,0,0,0,0,0,0,0,0,85.9697,0.023264,0,0.023264,0.023264,0,0,0,0,0,0,0,0,0,1,1,327,677,0,0,1,0,0,benign
5.04925,6,4,611,164,517,0,101.833,204.305,152,0,41,74.054,153.488,1.98049,0.561028,1.64198,4.93929,3e-06,5.04925,1.00985,0.086973,0.028991,0,0,0,0,1,0,0,8192,946,70.4545,154.757,0,0,0,benign
0.00016,2,2,60,188,30,30,30,0,94,94,94,0,1.55e+06,25000,5.33333e-05,8.54478e-05,0.000152,4e-06,4e-06,4e-06,4e-06,4e-06,0,0,0,0,0,0,0,-1,-1,55.6,35.0542,1,0,0,benign
0.023827,1,1,51,112,51,51,51,0,112,112,112,0,6840.98,83.9384,0.023827,0,0.023827,0.023827,0,0,0,0,0,0,0,0,0,0,0,-1,-1,71.3333,35.2184,1,0,0,benign
0.00014,2,2,64,120,32,32,32,0,60,60,60,0,1.31429e+06,28571.4,4.66667e-05,7.56329e-05,0.000134,3e-06,3e-06,3e-06,3e-06,3e-06,0,0,0,0,0,0,0,-1,-1,43.2,15.3362,1,0,0,benign
0.023308,1,1,61,122,61,61,61,0,122,122,122,0,7851.38,85.8074,0.023308,0,0.023308,0.023308,0,0,0,0,0,0,0,0,0,0,0,-1,-1,81.3333,35.2184,1,0,0,benign
0.086522,1,1,47,79,47,47,47,0,79,79,79,0,1456.28,23.1155,0.086522,0,0.086522,0.086522,0,0,0,0,0,0,0,0,0,0,0,-1,-1,57.6667,18.4752,1,0,0,benign
0.000217,2,2,74,212,37,37,37,0,106,106,106,0,1.31797e+06,18433.2,7.23333e-05,4.12836e-05,0.00012,4.8e-05,4.8e-05,4.8e-05,4.9e-05,4.9e-05,0,0,0,0,0,0,0,-1,-1,64.6,37.7929,1,0,0,benign
0.000472,2,2,64,158,32,32,32,0,79,79,79,0,470339,8474.58,0.000157333,0.000231271,0.000423,1e-06,1e-06,1e-06,4.8e-05,4.8e-05,0,0,0,0,0,0,0,-1,-1,50.8,25.743,1,0,0,benign
0.026342,2,2,94,158,47,47,47,0,79,79,79,0,9566.47,151.849,0.00878067,0.0151635,0.02629,3e-06,4.9e-05,4.9e-05,3e-06,3e-06,0,0,0,0,0,0,0,-1,-1,59.8,17.5271,1,0,0,benign
0.023222,1,1,42,114,42,42,42,0,114,114,114,0,6717.77,86.1252,0.023222,0,0.023222,0.023222,0,0,0,0,0,0,0,0,0,0,0,-1,-1,66,41.5692,1,0,0,benign
0.031433,1,1,76,160,76,76,76,0,160,160,160,0,7508.03,63.6274,0.031433,0,0.031433,0.031433,0,0,0,0,0,0,0,0,0,0,0,-1,-1,104,48.4974,1,0,0,benign
0.000114,2,2,78,110,39,39,39,0,55,55,55,0,1.64912e+06,35087.7,3.8e-05,6.23618e-05,0.00011,1e-06,1e-06,1e-06,3e-06,3e-06,0,0,0,0,0,0,0,-1,-1,45.4,8.76356,1,0,0,benign
0.031659,2,2,88,222,44,44,44,0,111,111,111,0,9791.84,126.346,0.010553,0.0182723,0.031652,3e-06,3e-06,3e-06,4e-06,4e-06,0,0,0,0,0,0,0,-1,-1,70.8,36.6974,1,0,0,benign
0.000213,2,2,110,174,55,55,55,0,87,87,87,0,1.33333e+06,18779.3,7.1e-05,8.26559e-05,0.000163,3e-06,4.7e-05,4.7e-05,3e-06,3e-06,0,0,0,0,0,0,0,-1,-1,67.8,17.5271,1,0,0,benign
4.8e-05,1,1,0,0,0,0,0,0,0,0,0,0,0,41666.7,4.8e-05,0,4.8e-05,4.8e-05,0,0,0,0,0,0,0,0,0,1,1,980,1024,0,0,1,0,0,benign
0.031405,2,2,72,280,36,36,36,0,140,140,140,0,11208.4,127.368,0.0104683,0.0181291,0.031402,0,0,0,3e-06,3e-06,0,0,0,0,0,0,0,-1,-1,77.6,56.9631,1,0,0,benign
0.000488,1,1,53,113,53,53,53,0,113,113,113,0,340164,4098.36,0.000488,0,0.000488,0.000488,0,0,0,0,0,0,0,0,0,0,0,-1,-1,73,34.641,1,0,0,benign
78.4235,14,16,916,4821,345,0,65.4286,105.357,1460,0,301.312,493.166,73.1541,0.382539,2.70426,11.3,58.3,1e-06,78.4,6.03257,58.7,3.91525,0,0,0,0,1,0,0,8192,127,185.065,376.091,1,0.266177,38.9,benign
8e-05,1,1,6,6,6,6,6,0,6,6,6,0,150000,25000,8e-05,0,8e-05,8e-05,0,0,0,0,0,0,0,0,0,1,1,15544,37752,6,0,1,0,0,benign
0.000186,2,2,128,288,64,64,64,0,144,144,144,0,2.23656e+06,21505.4,6.2e-05,6.61211e-05,0.000134,4e-06,4e-06,4e-06,4.8e-05,4.8e-05,0,0,0,0,0,0,0,-1,-1,96,43.8178,1,0,0,benign
5.3e-05,2,1,31,0,31,0,15.5,21.9203,0,0,0,0,584906,56603.8,2.65e-05,3.3234e-05,5e-05,3e-06,3e-06,3e-06,0,0,1,0,1,0,0,1,0,1006,0,15.5,17.8979,0,0,0,benign
5.3e-05,1,1,0,0,0,0,0,0,0,0,0,0,0,37735.8,5.3e-05,0,5.3e-05,5.3e-05,0,0,0,0,0,0,0,0,0,1,1,3763,1252,0,0,1,0,0,benign
0.000217,2,2,84,384,42,42,42,0,192,192,192,0,2.15668e+06,18433.2,7.23333e-05,0.000120089,0.000211,3e-06,3e-06,3e-06,3e-06,3e-06,0,0,0,0,0,0,0,-1,-1,102,82.1584,1,0,0,benign
0.000165,2,2,78,208,39,39,39,0,104,104,104,0,1.73333e+06,24242.4,5.5e-05,9.00666e-05,0.000159,3e-06,3e-06,3e-06,3e-06,3e-06,0,0,0,0,0,0,0,-1,-1,65,35.602,1,0,0,benign
117.825,24,23,2134,23424,1513,0,88.9167,308.457,2896,0,1018.43,940.11,216.914,0.398896,2.56142,12.1,58.7,1e-06,118,5.12284,118,5.35462,0,0,0,0,1,0,0,29200,1063,532.458,826.027,0,0.382287,58.5,benign
0.031005,2,2,72,168,36,36,36,0,84,84,84,0,7740.69,129.011,0.010335,0.0178938,0.030997,4e-06,4e-06,4e-06,4e-06,4e-06,0,0,0,0,0,0,0,-1,-1,55.2,26.2907,1,0,0,benign
0.053492,2,1,0,0,0,0,0,0,0,0,0,0,0,56.0832,0.026746,0.0378231,0.053491,1e-06,1e-06,1e-06,0,0,0,0,0,0,0,1,1,32832,357,0,0,0,0,0,benign
2e-06,1,1,6,6,6,6,6,0,6,6,6,0,6e+06,1e+06,2e-06,0,2e-06,2e-06,0,0,0,0,0,0,0,0,0,1,1,279,251,6,0,1,0,0,benign
0.00014,2,2,46,46,23,23,23,0,23,23,23,0,657143,28571.4,4.66667e-05,7.82326e-05,0.000137,1e-06,2e-06,2e-06,1e-06,1e-06,0,0,0,0,0,0,0,-1,-1,23,0,1,0,0,benign
0.000199,2,2,78,160,39,39,39,0,80,80,80,0,1.19598e+06,20100.5,6.63333e-05,3.177e-05,0.000103,4.7e-05,4.7e-05,4.7e-05,4.9e-05,4.9e-05,0,0,0,0,0,0,0,-1,-1,55.4,22.4566,1,0,0,benign
0.0001,1,1,6,6,6,6,6,0,6,6,6,0,120000,20000,0.0001,0,0.0001,0.0001,0,0,0,0,0,0,0,0,0,1,1,127,253,6,0,1,0,0,benign
0.086459,2,2,62,244,31,31,31,0,122,122,122,0,3539.25,46.2647,0.0288197,0.0499111,0.086452,3e-06,3e-06,3e-06,4e-06,4e-06,0,0,0,0,0,0,0,-1,-1,67.4,49.8428,1,0,0,benign
0.000154,2,2,86,204,43,43,43,0,102,102,102,0,1.88312e+06,25974,5.13333e-05,8.19837e-05,0.000146,4e-06,4e-06,4e-06,4e-06,4e-06,0,0,0,0,0,0,0,-1,-1,66.6,32.3156,1,0,0,benign
0.000117,3,1,43,6,31,6,14.3333,14.4338,6,6,6,0,418803,34188,3.9e-05,6.40937e-05,0.000113,1e-06,4e-06,2e-06,0,0,0,0,0,0,0,1,0,31,0,11,11.1803,0,0,0,benign
0.000157,2,2,88,120,44,44,44,0,60,60,60,0,1.32484e+06,25477.7,5.23333e-05,5.16366e-05,0.000106,3e-06,3e-06,3e-06,4.8e-05,4.8e-05,0,0,0,0,0,0,0,-1,-1,50.4,8.76356,1,0,0,benign
0.027083,2,2,70,126,35,35,35,0,63,63,63,0,7237.01,147.694,0.00902767,0.0156312,0.027077,3e-06,3e-06,3e-06,3e-06,3e-06,0,0,0,0,0,0,0,-1,-1,46.2,15.3362,1,0,0,benign
8.4e-05,1,1,6,6,6,6,6,0,6,6,6,0,142857,23809.5,8.4e-05,0,8.4e-05,8.4e-05,0,0,0,0,0,0,0,0,0,1,0,980,0,6,0,1,0,0,benign
0.03088,2,2,90,146,45,45,45,0,73,73,73,0,7642.49,129.534,0.0102933,0.0178225,0.030873,3e-06,4e-06,4e-06,3e-06,3e-06,0,0,0,0,0,0,0,-1,-1,56.2,15.3362,1,0,0,benign
36.6838,22,0,4686,0,354,72,213,144.318,0,0,0,0,127.74,0.59972,1.74685,8.00505,36.7,0,36.7,1.74685,0,0,0,0,0,0,0,0,0,-1,-1,206.87,144.033,0,1.4e-05,36.7,benign
0.040667,4,4,212,896,53,53,53,0,224,224,224,0,27245.7,196.72,0.00580957,0.0117161,0.031243,1e-06,0.040445,0.0134817,0.009423,0.003141,0,0,0,0,0,0,0,-1,-1,129,90.1249,1,0,0,benign
0.048181,2,2,58,134,29,29,29,0,67,67,67,0,3984.97,83.0203,0.0160603,0.0278121,0.048175,3e-06,3e-06,3e-06,3e-06,3e-06,0,0,0,0,0,0,0,-1,-1,44.2,20.8135,1,0,0,benign
14.8028,2,2,126,229,76,50,63,18.3848,137,92,114.5,31.8198,23.9819,0.270219,4.93427,8.42872,14.7,0.034113,14.7,14.7,14.8,14.8,0,0,0,0,0,0,0,-1,-1,86.2,32.1434,1,0.034113,14.7,benign
9.1e-05,1,1,0,0,0,0,0,0,0,0,0,0,0,21978,9.1e-05,0,9.1e-05,9.1e-05,0,0,0,0,0,0,0,0,0,1,1,288,255,0,0,1,0,0,benign
0.567095,17,19,824,18005,207,0,48.4706,70.6383,2860,0,947.632,824.559,33202.5,63.4814,0.0162027,0.0373792,0.175557,2e-06,0.567095,0.0354434,0.52534,0.0291856,0,0,0,0,1,0,0,8192,360,508.892,742.333,1,0,0,benign
0.108951,11,8,800,5317,357,0,72.7273,125.336,1941,0,664.625,811.33,56144.5,174.39,0.00605283,0.00938543,0.023787,4e-06,0.108951,0.0108951,0.08684,0.0124057,0,0,0,0,1,0,0,65535,122,305.85,584.267,0,0,0,benign
0.248432,2,2,78,236,39,39,39,0,118,118,118,0,1263.93,16.101,0.0828107,0.143429,0.248428,1e-06,1e-06,1e-06,3e-06,3e-06,0,0,0,0,0,0,0,-1,-1,70.6,43.2701,1,0,0,benign
0.000165,2,2,80,204,40,40,40,0,102,102,102,0,1.72121e+06,24242.4,5.5e-05,9.18041e-05,0.000161,1e-06,3e-06,3e-06,1e-06,1e-06,0,0,0,0,0,0,0,-1,-1,64.8,33.9588,1,0,0,benign
0.024096,2,2,80,124,40,40,40,0,62,62,62,0,8466.14,166.003,0.008032,0.0139084,0.024092,1e-06,1e-06,1e-06,3e-06,3e-06,0,0,0,0,0,0,0,-1,-1,48.8,12.0499,1,0,0,benign
0.260094,2,2,68,256,34,34,34,0,128,128,128,0,1245.7,15.3791,0.086698,0.150162,0.26009,1e-06,3e-06,3e-06,1e-06,1e-06,0,0,0,0,0,0,0,-1,-1,71.6,51.4859,1,0,0,benign
0.138891,2,2,102,438,51,51,51,0,219,219,219,0,3887.94,28.7996,0.046297,0.0801818,0.138883,4e-06,4e-06,4e-06,4e-06,4e-06,0,0,0,0,0,0,0,-1,-1,118.2,92.0174,1,0,0,benign
0.034855,2,2,64,196,32,32,32,0,98,98,98,0,7459.47,114.761,0.0116183,0.0200785,0.034803,4e-06,4e-06,4e-06,4.8e-05,4.8e-05,0,0,0,0,0,0,0,-1,-1,58.4,36.1497,1,0,0,benign
116.561,112,262,3826,408275,386,0,34.1607,106.759,4344,0,1558.3,641.724,3535.5,3.20862,0.312496,1.71292,10,2e-06,117,1.0501,111,0.426945,0,0,0,0,1,0,0,29200,78,1098.94,883.934,2,0.114656,9.59875,benign
0.000226,2,2,84,362,42,42,42,0,181,181,181,0,1.97345e+06,17699.1,7.53333e-05,4.73427e-05,0.00013,4.8e-05,4.8e-05,4.8e-05,4.8e-05,4.8e-05,0,0,0,0,0,0,0,-1,-1,97.6,76.1334,1,0,0,benign
0.135239,4,2,168,310,42,42,42,0,155,155,155,0,3534.48,44.3659,0.0270478,0.0371585,0.071945,3e-06,0.063291,0.021097,3e-06,3e-06,0,0,0,0,0,0,0,-1,-1,74.2857,55.1384,0,0,0,benign
0.000201,2,2,70,126,35,35,35,0,63,63,63,0,975124,19900.5,6.7e-05,3.20468e-05,0.000104,4.8e-05,4.8e-05,4.8e-05,4.9e-05,4.9e-05,0,0,0,0,0,0,0,-1,-1,46.2,15.3362,1,0,0,benign
0.000241,2,2,92,262,46,46,46,0,131,131,131,0,1.46888e+06,16597.5,8.03333e-05,5.51392e-05,0.000144,4.8e-05,4.9e-05,4.9e-05,4.8e-05,4.8e-05,0,0,0,0,0,0,0,-1,-1,80,46.5564,1,0,0,benign
0.04744,2,2,88,214,44,44,44,0,107,107,107,0,6365.94,84.317,0.0158133,0.0273843,0.047434,3e-06,3e-06,3e-06,3e-06,3e-06,0,0,0,0,0,0,0,-1,-1,69.2,34.5065,1,0,0,benign
2e-05,1,1,6,6,6,6,6,0,6,6,6,0,600000,100000,2e-05,0,2e-05,2e-05,0,0,0,0,0,0,0,0,0,1,1,265,254,6,0,1,0,0,benign
0.031387,2,2,66,166,33,33,33,0,83,83,83,0,7391.6,127.441,0.0104623,0.0180754,0.031334,4e-06,4e-06,4e-06,4.9e-05,4.9e-05,0,0,0,0,0,0,0,-1,-1,53,27.3861,1,0,0,benign
0.061493,2,2,92,348,46,46,46,0,174,174,174,0,7155.29,65.0481,0.0204977,0.035458,0.061441,4e-06,4.8e-05,4.8e-05,4e-06,4e-06,0,0,0,0,0,0,0,-1,-1,97.2,70.1085,1,0,0,benign
0.675373,2,2,70,102,35,35,35,0,51,51,51,0,254.674,5.92265,0.225124,0.389884,0.675324,3e-06,4.6e-05,4.6e-05,3e-06,3e-06,0,0,0,0,0,0,0,-1,-1,41.4,8.76356,1,0,0,benign
0.082414,2,2,76,418,38,38,38,0,209,209,209,0,5994.13,48.5354,0.0274713,0.0475765,0.082408,3e-06,3e-06,3e-06,3e-06,3e-06,0,0,0,0,0,0,0,-1,-1,106.4,93.6606,1,0,0,benign
0.000223,2,2,94,196,47,47,47,0,98,98,98,0,1.30045e+06,17937.2,7.43333e-05,8.65583e-05,0.000171,4e-06,4.8e-05,4.8e-05,4e-06,4e-06,0,0,0,0,0,0,0,-1,-1,67.4,27.9339,1,0,0,benign
0.012313,5,1,4898,6,2066,6,979.6,928.244,6,6,6,0,398278,487.29,0.0024626,0.00335886,0.007228,5e-05,0.012313,0.00307825,0,0,0,0,0,0,0,1,0,58,0,701.429,894.491,0,0,0,benign
0.000245,2,2,72,328,36,36,36,0,164,164,164,0,1.63265e+06,16326.5,8.16667e-05,9.88956e-05,0.000193,4e-06,4.8e-05,4.8e-05,4e-06,4e-06,0,0,0,0,0,0,0,-1,-1,87.2,70.1085,1,0,0,benign
0.000221,2,0,12,0,6,6,6,0,0,0,0,0,54298.6,9049.77,0.000221,0,0.000221,0.000221,0.000221,0.000221,0,0,0,0,0,0,0,1,0,673,-1,6,0,0,0,0,benign
5.3e-05,1,1,0,0,0,0,0,0,0,0,0,0,0,37735.8,5.3e-05,0,5.3e-05,5.3e-05,0,0,0,0,0,0,0,0,0,1,1,944,33304,0,0,1,0,0,benign
0.004482,2,0,12,0,6,6,6,0,0,0,0,0,2677.38,446.229,0.004482,0,0.004482,0.004482,0.004482,0.004482,0,0,0,0,0,0,0,1,0,255,-1,6,0,0,0,0,benign
0.265165,2,2,102,348,51,51,51,0,174,174,174,0,1697.06,15.0849,0.0883883,0.15309,0.265161,2e-06,2e-06,2e-06,2e-06,2e-06,0,0,0,0,0,0,0,-1,-1,100.2,67.3699,1,0,0,benign
0.000189,2,2,102,224,51,51,51,0,112,112,112,0,1.72487e+06,21164,6.3e-05,0.000107387,0.000187,1e-06,1e-06,1e-06,1e-06,1e-06,0,0,0,0,0,0,0,-1,-1,75.4,33.4111,1,0,0,benign
0.101895,2,1,6,6,6,0,3,4.24264,6,6,6,0,117.768,29.4421,0.0509475,0.0719927,0.101854,4.1e-05,0.101895,0.101895,0,0,0,0,0,0,0,1,1,10231,32850,4.5,3,0,0,0,benign
0.00015,2,2,76,132,38,38,38,0,66,66,66,0,1.38667e+06,26666.7,5e-05,8.05419e-05,0.000143,3e-06,3e-06,3e-06,4e-06,4e-06,0,0,0,0,0,0,0,-1,-1,49.2,15.3362,1,0,0,benign
0.201822,4,4,148,540,37,37,37,0,135,135,135,0,3408.94,39.6389,0.0288317,0.0761079,0.201428,3e-06,0.201607,0.0672023,0.201649,0.0672163,0,0,0,0,0,0,0,-1,-1,80.5556,51.6505,1,0,0,benign
0.024201,2,2,70,326,35,35,35,0,163,163,163,0,16363,165.282,0.008067,0.0139664,0.024194,3e-06,4e-06,4e-06,3e-06,3e-06,0,0,0,0,0,0,0,-1,-1,86.2,70.1085,1,0,0,benign
0.00025,2,2,142,398,71,71,71,0,199,199,199,0,2.16e+06,16000,8.33333e-05,5.94671e-05,0.000152,4.9e-05,4.9e-05,4.9e-05,4.9e-05,4.9e-05,0,0,0,0,0,0,0,-1,-1,122.2,70.1085,1,0,0,benign
5.14077,3,1,12,0,6,0,4,3.4641,0,0,0,0,2.33428,0.778094,1.71359,2.95478,5.12546,4.9e-05,5.14077,2.57038,0,0,0,0,0,0,1,0,0,29200,29200,2.4,3.28634,0,0,0,benign
0.024248,2,2,78,134,39,39,39,0,67,67,67,0,8742.99,164.962,0.00808267,0.0139572,0.024199,1e-06,1e-06,1e-06,4.8e-05,4.8e-05,0,0,0,0,0,0,0,-1,-1,50.2,15.3362,1,0,0,benign
0.056351,1,1,64,117,64,64,64,0,117,117,117,0,3212.01,35.4918,0.056351,0,0.056351,0.056351,0,0,0,0,0,0,0,0,0,0,0,-1,-1,81.6667,30.5996,1,0,0,benign
0.046804,2,2,68,380,34,34,34,0,190,190,190,0,9571.83,85.4628,0.0156013,0.0270171,0.046798,3e-06,3e-06,3e-06,3e-06,3e-06,0,0,0,0,0,0,0,-1,-1,96.4,85.4447,1,0,0,benign
2.6e-05,1,1,0,0,0,0,0,0,0,0,0,0,0,76923.1,2.6e-05,0,2.6e-05,2.6e-05,0,0,0,0,0,0,0,0,0,1,1,354,256,0,0,1,0,0,benign
0.035548,2,0,12,0,6,6,6,0,0,0,0,0,337.572,56.262,0.035548,0,0.035548,0.035548,0.035548,0.035548,0,0,0,0,0,0,0,1,0,17520,-1,6,0,0,0,0,benign
0.000103,1,1,0,0,0,0,0,0,0,0,0,0,0,19417.5,0.000103,0,0.000103,0.000103,0,0,0,0,0,0,0,0,0,1,1,332,229,0,0,1,0,0,benign
0.000151,2,2,54,86,27,27,27,0,43,43,43,0,927152,26490.1,5.03333e-05,4.80139e-05,9.9e-05,3e-06,3e-06,3e-06,4.9e-05,4.9e-05,0,0,0,0,0,0,0,-1,-1,33.4,8.76356,1,0,0,benign
0.048588,2,2,64,160,32,32,32,0,80,80,80,0,4610.19,82.3249,0.016196,0.0280081,0.048537,3e-06,3e-06,3e-06,4.8e-05,4.8e-05,0,0,0,0,0,0,0,-1,-1,51.2,26.2907,1,0,0,benign
0.000445,2,2,90,654,45,45,45,0,327,327,327,0,1.67191e+06,8988.76,0.000148333,0.000251725,0.000439,3e-06,3e-06,3e-06,3e-06,3e-06,0,0,0,0,0,0,0,-1,-1,157.8,154.458,1,0,0,benign
3e-06,1,1,0,0,0,0,0,0,0,0,0,0,0,666667,3e-06,0,3e-06,3e-06,0,0,0,0,0,0,0,0,0,1,1,980,251,0,0,1,0,0,benign
0.050358,2,2,86,142,43,43,43,0,71,71,71,0,4527.58,79.4313,0.016786,0.0290292,0.050306,3e-06,3e-06,3e-06,4.9e-05,4.9e-05,0,0,0,0,0,0,0,-1,-1,54.2,15.3362,1,0,0,benign
53.0013,2,2,96,245,53,43,48,7.07107,136,109,122.5,19.0919,6.43381,0.0754699,17.7,30.2,52.5,0.078021,52.6,52.6,52.9,52.9,0,0,0,0,0,0,0,-1,-1,76.8,42.9907,1,0.078021,52.5,benign
3.2e-05,2,1,31,6,31,0,15.5,21.9203,6,6,6,0,1.15625e+06,93750,1.6e-05,1.69706e-05,2.8e-05,4e-06,4e-06,4e-06,0,0,1,0,1,0,0,1,0,1006,0,17,16.3503,0,0,0,benign
1.7e-05,1,1,187,6,187,187,187,0,6,6,6,0,1.13529e+07,117647,1.7e-05,0,1.7e-05,1.7e-05,0,0,0,0,0,0,0,0,0,1,1,11,0,126.667,104.5,1,0,0,benign
2.2e-05,1,1,0,0,0,0,0,0,0,0,0,0,0,90909.1,2.2e-05,0,2.2e-05,2.2e-05,0,0,0,0,0,0,0,0,0,1,1,357,626,0,0,1,0,0,benign
6.7e-05,1,2,6,12,6,6,6,0,6,6,6,0,268657,44776.1,3.35e-05,2.05061e-05,4.8e-05,1.9e-05,0,0,4.8e-05,4.8e-05,0,0,0,0,0,1,0,2047,0,6,0,2,0,0,benign
63.8919,17,16,1625,4274,517,0,95.5882,179.862,1460,0,267.125,493.699,92.3279,0.516498,1.99662,3.93382,10,2e-06,63.9,3.99324,60.8,4.05488,0,0,0,0,1,0,0,8192,5120,173.5,367.103,0,0.154225,9.983,benign
0.030966,2,2,66,222,33,33,33,0,111,111,111,0,9300.52,129.174,0.010322,0.0178332,0.030914,4e-06,4.8e-05,4.8e-05,4e-06,4e-06,0,0,0,0,0,0,0,-1,-1,64.2,42.7224,1,0,0,benign
2.6e-05,1,1,0,0,0,0,0,0,0,0,0,0,0,76923.1,2.6e-05,0,2.6e-05,2.6e-05,0,0,0,0,0,0,0,0,0,1,1,243,323,0,0,1,0,0,benign
0.048141,4,2,340,326,85,85,85,0,163,163,163,0,13834.4,124.634,0.0096282,0.0138796,0.030286,3e-06,0.030293,0.0100977,4.8e-05,4.8e-05,0,0,0,0,0,0,0,-1,-1,107.286,38.0601,0,0,0,benign
0.037626,4,1,18,0,6,0,4.5,3,0,0,0,0,478.393,132.887,0.0094065,0.0187803,0.037577,1e-06,0.037626,0.012542,0,0,0,0,0,0,0,1,1,32853,118,3,3.28634,0,0,0,benign
0.041296,1,1,41,105,41,41,41,0,105,105,105,0,3535.45,48.4308,0.041296,0,0.041296,0.041296,0,0,0,0,0,0,0,0,0,0,0,-1,-1,62.3333,36.9504,1,0,0,benign
0.066906,4,4,160,672,40,40,40,0,168,168,168,0,12435.4,119.571,0.009558,0.0250194,0.066296,1e-06,0.06652,0.0221733,0.066686,0.0222287,0,0,0,0,0,0,0,-1,-1,96.8889,67.4619,1,0,0,benign
3.5e-05,1,1,6,6,6,6,6,0,6,6,6,0,342857,57142.9,3.5e-05,0,3.5e-05,3.5e-05,0,0,0,0,0,0,0,0,0,1,1,115,16425,6,0,1,0,0,benign
0.000293,2,2,76,132,38,38,38,0,66,66,66,0,709898,13651.9,9.76667e-05,0.000166566,0.00029,1e-06,2e-06,2e-06,1e-06,1e-06,0,0,0,0,0,0,0,-1,-1,49.2,15.3362,1,0,0,benign
5.7e-05,1,1,0,0,0,0,0,0,0,0,0,0,0,35087.7,5.7e-05,0,5.7e-05,5.7e-05,0,0,0,0,0,0,0,0,0,1,1,250,256,0,0,1,0,0,benign
0.000606,5,4,422,24,303,6,84.4,124.969,6,6,6,0,735974,14851.5,7.575e-05,0.000106777,0.000257,1e-06,0.000606,0.0001515,0.000284,9.46667e-05,1,0,1,0,0,1,0,343,0,74.9,121.992,0,0,0,benign
0.001373,1,1,52,129,52,52,52,0,129,129,129,0,131828,1456.66,0.001373,0,0.001373,0.001373,0,0,0,0,0,0,0,0,0,0,0,-1,-1,77.6667,44.456,1,0,0,benign
51.9031,12,12,2871,1215,1120,0,239.25,440.123,418,0,101.25,183.231,78.7237,0.462401,2.25665,4.13872,10,5e-05,42.3,3.84461,51.9,4.71635,0,0,0,0,1,0,0,8192,7247,163.44,331.8,1,0.460802,9.91981,benign
0.000169,2,2,70,102,35,35,35,0,51,51,51,0,1.01775e+06,23668.6,5.63333e-05,9.2376e-05,0.000163,3e-06,3e-06,3e-06,3e-06,3e-06,0,0,0,0,0,0,0,-1,-1,41.4,8.76356,1,0,0,benign
1.2e-05,1,4,0,0,0,0,0,0,0,0,0,0,0,416667,3e-06,3.16228e-06,7e-06,0,0,0,5e-06,1.66667e-06,0,0,0,0,0,1,1,254,0,0,0,4,0,0,benign
0.000171,2,2,84,204,42,42,42,0,102,102,102,0,1.68421e+06,23391.8,5.7e-05,5.90169e-05,0.00012,3e-06,3e-06,3e-06,4.8e-05,4.8e-05,0,0,0,0,0,0,0,-1,-1,66,32.8634,1,0,0,benign
0.047626,2,2,60,158,30,30,30,0,79,79,79,0,4577.33,83.9877,0.0158753,0.0274536,0.047576,4e-06,4.6e-05,4.6e-05,4e-06,4e-06,0,0,0,0,0,0,0,-1,-1,49.6,26.8384,1,0,0,benign
0.062321,2,2,70,148,35,35,35,0,74,74,74,0,3498.02,64.1838,0.0207737,0.0359776,0.062317,1e-06,1e-06,1e-06,3e-06,3e-06,0,0,0,0,0,0,0,-1,-1,50.6,21.3612,1,0,0,benign
6.6e-05,1,1,6,6,6,6,6,0,6,6,6,0,181818,30303,6.6e-05,0,6.6e-05,6.6e-05,0,0,0,0,0,0,0,0,0,1,1,115,253,6,0,1,0,0,benign
0.030897,2,2,66,154,33,33,33,0,77,77,77,0,7120.43,129.462,0.010299,0.0177544,0.0308,4.8e-05,4.9e-05,4.9e-05,4.8e-05,4.8e-05,0,0,0,0,0,0,0,-1,-1,50.6,24.0998,1,0,0,benign
46.2126,19,19,529,16674,427,0,27.8421,96.6703,1460,0,877.579,712.942,372.257,0.822286,1.24899,3.26326,10.2,1e-06,40.9,2.27327,46.2,2.56653,0,0,0,0,1,0,0,29200,30,441.103,656.477,1,0.0666497,10.2,benign
0.02387,2,2,78,280,39,39,39,0,140,140,140,0,14997.9,167.574,0.00795667,0.0137762,0.023864,3e-06,3e-06,3e-06,3e-06,3e-06,0,0,0,0,0,0,0,-1,-1,79.4,55.32,1,0,0,benign
8.4e-05,1,1,6,6,6,6,6,0,6,6,6,0,142857,23809.5,8.4e-05,0,8.4e-05,8.4e-05,0,0,0,0,0,0,0,0,0,1,1,351,257,6,0,1,0,0,benign
0.000192,2,2,70,230,35,35,35,0,115,115,115,0,1.5625e+06,20833.3,6.4e-05,7.03776e-05,0.000141,3e-06,4.8e-05,4.8e-05,3e-06,3e-06,0,0,0,0,0,0,0,-1,-1,67,43.8178,1,0,0,benign
6.8e-05,1,1,0,0,0,0,0,0,0,0,0,0,0,29411.8,6.8e-05,0,6.8e-05,6.8e-05,0,0,0,0,0,0,0,0,0,1,1,357,1733,0,0,1,0,0,benign
0.000191,2,2,64,120,32,32,32,0,60,60,60,0,963351,20942.4,6.36667e-05,0.000107677,0.000188,1e-06,2e-06,2e-06,1e-06,1e-06,0,0,0,0,0,0,0,-1,-1,43.2,15.3362,1,0,0,benign
0.100921,2,2,80,396,40,40,40,0,198,198,198,0,4716.56,39.635,0.0336403,0.0582616,0.100915,3e-06,3e-06,3e-06,3e-06,3e-06,0,0,0,0,0,0,0,-1,-1,103.2,86.5402,1,0,0,benign
3.83284,3,3,145,342,51,45,48.3333,3.05505,148,77,114,35.5949,127.06,1.56542,0.766568,1.30485,3.05089,0.030553,3.77187,1.88594,3.80208,1.90104,0,0,0,0,0,0,0,-1,-1,76,41.1137,1,0,0,benign
0.062174,2,2,88,202,44,44,44,0,101,101,101,0,4664.33,64.3356,0.0207247,0.0358537,0.062125,1e-06,1e-06,1e-06,4.8e-05,4.8e-05,0,0,0,0,0,0,0,-1,-1,66.8,31.2202,1,0,0,benign
0.000196,2,2,76,228,38,38,38,0,114,114,114,0,1.55102e+06,20408.2,6.53333e-05,2.82902e-05,9.8e-05,4.9e-05,4.9e-05,4.9e-05,4.9e-05,4.9e-05,0,0,0,0,0,0,0,-1,-1,68.4,41.6269,1,0,0,benign
115.64,82,81,1550,96360,1196,0,18.9024,134.45,2836,0,1189.63,600.904,846.681,1.40955,0.713826,2.54571,10,1e-06,116,1.4272,116,1.44504,0,0,0,0,1,0,0,29200,370,597.012,728.725,0,0.497314,10,benign
60.3903,10,10,861,398,419,0,86.1,170.516,193,0,39.8,80.7806,20.8477,0.331179,3.17844,4.68234,10.1,5.4e-05,50.9,5.65132,60.3,6.69853,0,0,0,0,1,0,0,8192,114,59.9524,129.403,1,0.196591,9.97579,benign
0.000102,1,2,6,12,6,6,6,0,6,6,6,0,176471,29411.8,5.1e-05,4.24264e-06,5.4e-05,4.8e-05,0,0,4.8e-05,4.8e-05,0,0,0,0,0,1,1,2049,252,6,0,2,0,0,benign
11.0457,8,9,2234,4821,1653,0,279.25,570.022,1451,0,535.667,624.67,638.712,1.53907,0.690354,2.19975,8.76372,4e-06,2.28194,0.325992,11,1.37783,0,0,0,0,1,0,0,8192,16060,391.944,585.979,1,0,0,benign
4.1e-05,2,2,88,188,44,44,44,0,94,94,94,0,6.73171e+06,97561,1.36667e-05,1.93993e-05,3.6e-05,1e-06,1e-06,1e-06,4e-06,4e-06,0,0,0,0,0,0,0,-1,-1,64,27.3861,1,0,0,benign
0.101333,4,2,196,286,49,49,49,0,143,143,143,0,4756.59,59.2107,0.0202666,0.0311029,0.070537,3e-06,0.030792,0.010264,4e-06,4e-06,0,0,0,0,0,0,0,-1,-1,75.8571,45.8673,0,0,0,benign
0.999722,1,1,56,338,56,56,56,0,338,338,338,0,394.11,2.00056,0.999722,0,0.999722,0.999722,0,0,0,0,0,0,0,0,0,0,0,-1,-1,150,162.813,1,0,0,benign
0.776047,7,12,696,8809,360,0,99.4286,137.384,1819,0,734.083,761.271,12248,24.4831,0.0431137,0.0789106,0.21522,1e-06,0.775899,0.129317,0.600652,0.0546047,0,0,0,0,1,0,0,8192,33,475.25,669.116,1,0,0,benign
0.213827,2,2,68,158,34,34,34,0,79,79,79,0,1056.93,18.7067,0.0712757,0.123369,0.21373,4.8e-05,4.9e-05,4.9e-05,4.8e-05,4.8e-05,0,0,0,0,0,0,0,-1,-1,52,24.6475,1,0,0,benign
0.000117,2,2,86,142,43,43,43,0,71,71,71,0,1.94872e+06,34188,3.9e-05,6.40937e-05,0.000113,1e-06,3e-06,3e-06,1e-06,1e-06,0,0,0,0,0,0,0,-1,-1,54.2,15.3362,1,0,0,benign
0.000188,2,2,54,310,27,27,27,0,155,155,155,0,1.93617e+06,21276.6,6.26667e-05,6.81934e-05,0.000137,3e-06,3e-06,3e-06,4.8e-05,4.8e-05,0,0,0,0,0,0,0,-1,-1,78.2,70.1085,1,0,0,benign
4.9e-05,1,1,0,0,0,0,0,0,0,0,0,0,0,40816.3,4.9e-05,0,4.9e-05,4.9e-05,0,0,0,0,0,0,0,0,0,1,1,118,651,0,0,1,0,0,benign
0.048634,2,2,72,310,36,36,36,0,155,155,155,0,7854.59,82.247,0.0162113,0.0280754,0.04863,1e-06,1e-06,1e-06,3e-06,3e-06,0,0,0,0,0,0,0,-1,-1,83.6,65.179,1,0,0,benign
0.045658,2,3,0,18,0,0,0,0,6,6,6,0,394.235,109.51,0.0114145,0.022767,0.045565,2e-06,0.045658,0.045658,7.8e-05,3.9e-05,0,0,0,0,0,1,0,118,0,3,3.28634,1,0,0,benign
0.000695,2,1,12,6,6,6,6,0,6,6,6,0,25899.3,4316.55,0.0003475,0.000487197,0.000692,3e-06,0.000695,0.000695,0,0,0,0,0,0,0,1,0,156,256,6,0,0,0,0,benign
0.416323,3,4,604,930,604,0,201.333,348.72,930,0,232.5,465,3684.64,16.8139,0.0693872,0.106801,0.207266,4e-06,0.207869,0.103934,0.209057,0.0696857,0,0,0,0,1,0,0,65535,4984,191.75,365.586,1,0,0,benign
20.9297,15,14,735,15250,363,0,49,105.221,2896,0,1089.29,941.573,763.745,1.38559,0.747491,2.61492,10,4e-06,20.9,1.49498,20.5,1.57656,0,0,0,0,1,0,0,29200,32,532.833,826.512,0,0.246476,10,benign
0.188681,2,2,70,102,35,35,35,0,51,51,51,0,911.592,21.1998,0.0628937,0.108891,0.18863,3e-06,4.8e-05,4.8e-05,3e-06,3e-06,0,0,0,0,0,0,0,-1,-1,41.4,8.76356,1,0,0,benign
1.9e-05,1,1,0,0,0,0,0,0,0,0,0,0,0,105263,1.9e-05,0,1.9e-05,1.9e-05,0,0,0,0,0,0,0,0,0,1,1,126,395,0,0,1,0,0,benign
0.000109,1,1,0,0,0,0,0,0,0,0,0,0,0,18348.6,0.000109,0,0.000109,0.000109,0,0,0,0,0,0,0,0,0,1,1,114,229,0,0,1,0,0,benign
0.044622,4,4,148,380,37,37,37,0,95,95,95,0,11832.7,179.284,0.00637457,0.0167157,0.044282,1e-06,0.04446,0.01482,0.044494,0.0148313,0,0,0,0,0,0,0,-1,-1,62.7778,30.5687,1,0,0,benign
0.04771,4,2,152,208,38,38,38,0,104,104,104,0,7545.59,125.76,0.009542,0.0170328,0.039311,3e-06,0.039318,0.013106,4e-06,4e-06,0,0,0,0,0,0,0,-1,-1,56.8571,32.2047,0,0,0,benign
0.087795,4,2,176,200,44,44,44,0,100,100,100,0,4282.7,68.341,0.017559,0.0271885,0.061857,4e-06,0.061865,0.0206217,4e-06,4e-06,0,0,0,0,0,0,0,-1,-1,60,27.3252,0,0,0,benign
0.002452,3,0,43,0,31,6,14.3333,14.4338,0,0,0,0,17536.7,1223.49,0.001226,0.00172817,0.002448,4e-06,0.002452,0.001226,0,0,0,0,0,0,0,1,0,254,-1,12.25,12.5,0,0,0,benign
0.000191,2,2,64,96,32,32,32,0,48,48,48,0,837696,20942.4,6.36667e-05,6.88501e-05,0.000139,4e-06,4.8e-05,4.8e-05,4e-06,4e-06,0,0,0,0,0,0,0,-1,-1,38.4,8.76356,1,0,0,benign
0.795445,6,2,11607,26,7300,0,1934.5,3139.53,20,6,13,9.89949,14624.5,10.0573,0.113635,0.300234,0.794502,4e-06,0.795445,0.159089,9.8e-05,9.8e-05,0,0,0,0,1,0,0,8192,256,1292.56,2662.26,0,0,0,benign
0.032298,1,2,0,0,0,0,0,0,0,0,0,0,0,92.885,0.016149,0.0198697,0.030199,0.002099,0,0,0.002099,0.002099,0,0,0,0,0,1,1,346,73,0,0,2,0,0,benign
0.02396,2,2,76,140,38,38,38,0,70,70,70,0,9015.03,166.945,0.00798667,0.0138273,0.023953,3e-06,3e-06,3e-06,4e-06,4e-06,0,0,0,0,0,0,0,-1,-1,50.8,17.5271,1,0,0,benign
0.0004,1,1,44,44,44,44,44,0,44,44,44,0,220000,5000,0.0004,0,0.0004,0.0004,0,0,0,0,0,0,0,0,0,0,0,-1,-1,44,0,1,0,0,benign
0.000172,2,2,68,100,34,34,34,0,50,50,50,0,976744,23255.8,5.73333e-05,5.95511e-05,0.000121,3e-06,4.8e-05,4.8e-05,3e-06,3e-06,0,0,0,0,0,0,0,-1,-1,40.4,8.76356,1,0,0,benign
0.024413,2,2,58,232,29,29,29,0,116,116,116,0,11878.9,163.847,0.00813767,0.0140022,0.024306,4.8e-05,4.8e-05,4.8e-05,5.9e-05,5.9e-05,0,0,0,0,0,0,0,-1,-1,63.8,47.6519,1,0,0,benign
0.111559,1,1,0,0,0,0,0,0,0,0,0,0,0,17.9277,0.111559,0,0.111559,0.111559,0,0,0,0,0,0,0,0,0,1,1,237,249,0,0,1,0,0,benign
0.000185,2,2,90,172,45,45,45,0,86,86,86,0,1.41622e+06,21621.6,6.16667e-05,0.000101614,0.000179,3e-06,3e-06,3e-06,3e-06,3e-06,0,0,0,0,0,0,0,-1,-1,61.4,22.4566,1,0,0,benign
0.000205,2,2,500,326,250,250,250,0,163,163,163,0,4.02927e+06,19512.2,6.83333e-05,0.000111429,0.000197,4e-06,4e-06,4e-06,4e-06,4e-06,0,0,0,0,0,0,0,-1,-1,215.2,47.6519,1,0,0,benign
0.0003,2,2,78,152,39,39,39,0,76,76,76,0,766667,13333.3,0.0001,0.000167144,0.000293,3e-06,4e-06,4e-06,3e-06,3e-06,0,0,0,0,0,0,0,-1,-1,53.8,20.2657,1,0,0,benign
5.1e-05,1,1,0,0,0,0,0,0,0,0,0,0,0,39215.7,5.1e-05,0,5.1e-05,5.1e-05,0,0,0,0,0,0,0,0,0,1,1,1095,262,0,0,1,0,0,benign
0.145778,1,1,49,110,49,49,49,0,110,110,110,0,1090.7,13.7195,0.145778,0,0.145778,0.145778,0,0,0,0,0,0,0,0,0,0,0,-1,-1,69.3333,35.2184,1,0,0,benign
0.030867,4,2,128,96,32,32,32,0,48,48,48,0,7256.94,194.382,0.0061734,0.0104646,0.024178,4e-06,0.024186,0.008062,4.7e-05,4.7e-05,0,0,0,0,0,0,0,-1,-1,36.5714,7.8072,0,0,0,benign
0.060656,2,2,82,284,41,41,41,0,142,142,142,0,6034.03,65.9457,0.0202187,0.0350146,0.06065,3e-06,3e-06,3e-06,3e-06,3e-06,0,0,0,0,0,0,0,-1,-1,81.4,55.32,1,0,0,benign
0.014698,1,1,6,0,6,6,6,0,0,0,0,0,408.219,136.073,0.014698,0,0.014698,0.014698,0,0,0,0,0,0,0,0,0,1,0,32850,32,4,3.4641,1,0,0,benign
0.000196,2,2,72,306,36,36,36,0,153,153,153,0,1.92857e+06,20408.2,6.53333e-05,0.000107965,0.00019,3e-06,3e-06,3e-06,3e-06,3e-06,0,0,0,0,0,0,0,-1,-1,82.8,64.0835,1,0,0,benign
6.6e-05,1,1,6,6,6,6,6,0,6,6,6,0,181818,30303,6.6e-05,0,6.6e-05,6.6e-05,0,0,0,0,0,0,0,0,0,1,1,23,365,6,0,1,0,0,benign
3e-06,2,0,0,0,0,0,0,0,0,0,0,0,0,666667,3e-06,0,3e-06,3e-06,3e-06,3e-06,0,0,0,0,0,0,0,1,0,7872,-1,0,0,0,0,0,benign
0.023739,2,2,72,188,36,36,36,0,94,94,94,0,10952.4,168.499,0.007913,0.0136988,0.023731,4e-06,4e-06,4e-06,4e-06,4e-06,0,0,0,0,0,0,0,-1,-1,59.2,31.7679,1,0,0,benign
0.286116,2,2,58,130,29,29,29,0,65,65,65,0,657.076,13.9803,0.095372,0.165184,0.28611,3e-06,3e-06,3e-06,3e-06,3e-06,0,0,0,0,0,0,0,-1,-1,43.4,19.718,1,0,0,benign
0.11466,4,2,204,322,51,51,51,0,161,161,161,0,4587.48,52.3286,0.022932,0.0374021,0.086094,3e-06,0.028518,0.009506,4.8e-05,4.8e-05,0,0,0,0,0,0,0,-1,-1,82.4286,53.6745,0,0,0,benign
0.00021,1,1,6,6,6,6,6,0,6,6,6,0,57142.9,9523.81,0.00021,0,0.00021,0.00021,0,0,0,0,0,1,0,0,0,1,0,0,946,6,0,1,0,0,benign
0.031084,2,2,68,182,34,34,34,0,91,91,91,0,8042.72,128.684,0.0103613,0.017942,0.031079,2e-06,2e-06,2e-06,3e-06,3e-06,0,0,0,0,0,0,0,-1,-1,56.8,31.2202,1,0,0,benign
0.000209,2,2,104,352,52,52,52,0,176,176,176,0,2.18182e+06,19138.8,6.96667e-05,3.58097e-05,0.000111,4.8e-05,5e-05,5e-05,4.8e-05,4.8e-05,0,0,0,0,0,0,0,-1,-1,101.6,67.9176,1,0,0,benign
1.21714,23,26,887,26181,229,0,38.5652,66.511,1460,0,1006.96,620.197,22239.1,40.2584,0.025357,0.0635276,0.228457,1e-06,1.21714,0.0553245,0.973619,0.0389448,0,0,0,0,1,0,0,8192,32,541.36,661.744,1,0,0,benign
0.210048,2,2,56,220,28,28,28,0,110,110,110,0,1313.99,19.0433,0.070016,0.121188,0.209952,4.8e-05,4.8e-05,4.8e-05,4.8e-05,4.8e-05,0,0,0,0,0,0,0,-1,-1,60.8,44.9132,1,0,0,benign
0.405004,1,1,57,109,57,57,57,0,109,109,109,0,409.872,4.93822,0.405004,0,0.405004,0.405004,0,0,0,0,0,0,0,0,0,0,0,-1,-1,74.3333,30.0222,1,0,0,benign
22.5423,6,6,448,1824,424,0,74.6667,171.155,1812,0,304,738.772,100.788,0.532332,2.0493,3.99201,10,4.3e-05,20.1,4.02769,22.5,4.49979,0,0,0,0,1,0,0,8192,946,174.769,505.492,1,0.0694295,9.99979,benign
0.143201,4,2,136,128,34,34,34,0,64,64,64,0,1843.56,41.8991,0.0286402,0.0489407,0.11301,3e-06,0.030187,0.0100623,4e-06,4e-06,0,0,0,0,0,0,0,-1,-1,42.5714,14.6385,0,0,0,benign
3.15995,3,3,0,0,0,0,0,0,0,0,0,0,0,1.89877,0.631989,0.913373,2.02362,2.6e-05,1.13633,0.568164,3.13657,1.56829,0,0,0,0,1,0,0,29200,29,0,0,1,0,0,benign
8.5e-05,1,1,6,6,6,6,6,0,6,6,6,0,141176,23529.4,8.5e-05,0,8.5e-05,8.5e-05,0,0,0,0,0,0,0,0,0,1,1,29200,29200,6,0,1,0,0,benign
0.179211,4,4,140,204,35,35,35,0,51,51,51,0,1919.53,44.6401,0.0256016,0.0676045,0.178914,3e-06,0.179073,0.059691,0.179059,0.0596863,0,0,0,0,0,0,0,-1,-1,42.1111,8.43274,1,0,0,benign
0.000219,2,2,90,230,45,45,45,0,115,115,115,0,1.46119e+06,18264.8,7.3e-05,4.24382e-05,0.000122,4.8e-05,4.9e-05,4.9e-05,4.8e-05,4.8e-05,0,0,0,0,0,0,0,-1,-1,73,38.3406,1,0,0,benign
0.047283,2,2,90,354,45,45,45,0,177,177,177,0,9390.27,84.597,0.015761,0.0272937,0.047277,3e-06,3e-06,3e-06,3e-06,3e-06,0,0,0,0,0,0,0,-1,-1,97.8,72.2994,1,0,0,benign
0.00014,2,2,94,126,47,47,47,0,63,63,63,0,1.57143e+06,28571.4,4.66667e-05,7.56329e-05,0.000134,3e-06,3e-06,3e-06,3e-06,3e-06,0,0,0,0,0,0,0,-1,-1,53.4,8.76356,1,0,0,benign
0.00016,2,0,0,0,0,0,0,0,0,0,0,0,0,12500,0.00016,0,0.00016,0.00016,0.00016,0.00016,0,0,0,0,0,0,0,1,0,385,-1,0,0,0,0,0,benign
0.030919,4,4,176,400,44,44,44,0,100,100,100,0,18629.3,258.741,0.004417,0.0116136,0.030754,1e-06,0.030761,0.0102537,0.000156,5.2e-05,0,0,0,0,0,0,0,-1,-1,68.8889,29.5146,1,0,0,benign
0.067866,4,4,184,500,46,46,46,0,125,125,125,0,10078.7,117.879,0.00969514,0.0251577,0.066742,3e-06,0.067715,0.0225717,0.001121,0.000373667,0,0,0,0,0,0,0,-1,-1,81.1111,41.6367,1,0,0,benign
0.031943,2,2,66,144,33,33,33,0,72,72,72,0,6574.21,125.223,0.0106477,0.0183592,0.031847,4.8e-05,4.8e-05,4.8e-05,4.8e-05,4.8e-05,0,0,0,0,0,0,0,-1,-1,48.6,21.3612,1,0,0,benign
0.000562,1,3,0,18,0,0,0,0,6,6,6,0,32028.5,7117.44,0.000187333,0.000321008,0.000558,1e-06,0,0,4e-06,2e-06,0,0,0,0,0,1,0,972,0,3.6,3.28634,3,0,0,benign
117.561,13,12,616,4649,194,0,47.3846,64.2632,1430,0,387.417,602.694,44.7852,0.212655,4.89839,16.5,58.7,1e-06,118,9.79677,117,10.7,0,0,0,0,1,0,0,8192,351,202.5,438.603,0,0.246051,58.5,benign
0.000198,2,2,70,166,35,35,35,0,83,83,83,0,1.19192e+06,20202,6.6e-05,7.36682e-05,0.000147,3e-06,4.8e-05,4.8e-05,3e-06,3e-06,0,0,0,0,0,0,0,-1,-1,54.2,26.2907,1,0,0,benign
0.000292,2,2,88,662,44,44,44,0,331,331,331,0,2.56849e+06,13698.6,9.73333e-05,0.000161661,0.000284,3e-06,5e-06,5e-06,3e-06,3e-06,0,0,0,0,0,0,0,-1,-1,158.8,157.196,1,0,0,benign
0.051185,2,2,84,228,42,42,42,0,114,114,114,0,6095.54,78.1479,0.0170617,0.0295049,0.051131,4e-06,5e-05,5e-05,4e-06,4e-06,0,0,0,0,0,0,0,-1,-1,70.8,39.436,1,0,0,benign
0.030884,2,2,88,200,44,44,44,0,100,100,100,0,9325.22,129.517,0.0102947,0.0177876,0.030834,2e-06,4.8e-05,4.8e-05,2e-06,2e-06,0,0,0,0,0,0,0,-1,-1,66.4,30.6725,1,0,0,benign
4e-06,2,0,12,0,6,6,6,0,0,0,0,0,3e+06,500000,4e-06,0,4e-06,4e-06,4e-06,4e-06,0,0,0,0,0,0,0,1,0,5658,-1,6,0,0,0,0,benign
0.723059,7,10,901,8574,362,0,128.714,163.034,1661,0,857.4,714.13,13104,23.5112,0.0451912,0.0651426,0.16009,2e-06,0.573147,0.0955245,0.574498,0.0638331,0,0,0,0,1,0,0,8192,18,526.389,652.105,1,0,0,benign
0.031269,2,2,78,184,39,39,39,0,92,92,92,0,8378.91,127.922,0.010423,0.0180462,0.031261,4e-06,4e-06,4e-06,4e-06,4e-06,0,0,0,0,0,0,0,-1,-1,60.2,29.0293,1,0,0,benign
0.048508,2,2,84,116,42,42,42,0,58,58,58,0,4123.03,82.4606,0.0161693,0.0279619,0.048457,3e-06,4.8e-05,4.8e-05,3e-06,3e-06,0,0,0,0,0,0,0,-1,-1,48.4,8.76356,1,0,0,benign
0.031151,2,2,66,180,33,33,33,0,90,90,90,0,7897.02,128.407,0.0103837,0.017979,0.031144,3e-06,3e-06,3e-06,4e-06,4e-06,0,0,0,0,0,0,0,-1,-1,55.8,31.2202,1,0,0,benign
0.000284,2,2,82,196,41,41,41,0,98,98,98,0,978873,14084.5,9.46667e-05,0.000123783,0.000235,1e-06,1e-06,1e-06,4.8e-05,4.8e-05,0,0,0,0,0,0,0,-1,-1,63.8,31.2202,1,0,0,benign
0.000166,2,2,94,222,47,47,47,0,111,111,111,0,1.90361e+06,24096.4,5.53333e-05,9.15114e-05,0.000161,2e-06,3e-06,3e-06,2e-06,2e-06,0,0,0,0,0,0,0,-1,-1,72.6,35.0542,1,0,0,benign
0.000204,2,2,84,228,42,42,42,0,114,114,114,0,1.52941e+06,19607.8,6.8e-05,3.46554e-05,0.000108,4.7e-05,4.9e-05,4.9e-05,4.7e-05,4.7e-05,0,0,0,0,0,0,0,-1,-1,70.8,39.436,1,0,0,benign
0.000695,1,1,49,114,49,49,49,0,114,114,114,0,234532,2877.7,0.000695,0,0.000695,0.000695,0,0,0,0,0,0,0,0,0,0,0,-1,-1,70.6667,37.5278,1,0,0,benign
0.031246,1,1,52,114,52,52,52,0,114,114,114,0,5312.68,64.0082,0.031246,0,0.031246,0.031246,0,0,0,0,0,0,0,0,0,0,0,-1,-1,72.6667,35.7957,1,0,0,benign
0.050027,1,1,62,78,62,62,62,0,78,78,78,0,2798.49,39.9784,0.050027,0,0.050027,0.050027,0,0,0,0,0,0,0,0,0,0,0,-1,-1,67.3333,9.2376,1,0,0,benign
9e-05,1,1,6,6,6,6,6,0,6,6,6,0,133333,22222.2,9e-05,0,9e-05,9e-05,0,0,0,0,0,0,0,0,0,1,1,60,254,6,0,1,0,0,benign
0.000285,2,2,66,98,33,33,33,0,49,49,49,0,575439,14035.1,9.5e-05,0.000159349,0.000279,3e-06,3e-06,3e-06,3e-06,3e-06,0,0,0,0,0,0,0,-1,-1,39.4,8.76356,1,0,0,benign
4.3e-05,1,1,0,0,0,0,0,0,0,0,0,0,0,46511.6,4.3e-05,0,4.3e-05,4.3e-05,0,0,0,0,0,0,0,0,0,1,1,288,256,0,0,1,0,0,benign
6.8e-05,1,1,6,6,6,6,6,0,6,6,6,0,176471,29411.8,6.8e-05,0,6.8e-05,6.8e-05,0,0,0,0,0,0,0,0,0,1,1,509,256,6,0,1,0,0,benign
0.083782,2,2,70,330,35,35,35,0,165,165,165,0,4774.3,47.743,0.0279273,0.0483646,0.083774,4e-06,4e-06,4e-06,4e-06,4e-06,0,0,0,0,0,0,0,-1,-1,87,71.2039,1,0,0,benign
0.092843,2,2,96,356,48,48,48,0,178,178,178,0,4868.43,43.0835,0.0309477,0.0535882,0.092826,4e-06,1.3e-05,1.3e-05,4e-06,4e-06,0,0,0,0,0,0,0,-1,-1,100,71.2039,1,0,0,benign
0.000289,2,2,78,254,39,39,39,0,127,127,127,0,1.14879e+06,13840.8,9.63333e-05,0.000124733,0.000238,3e-06,3e-06,3e-06,4.8e-05,4.8e-05,0,0,0,0,0,0,0,-1,-1,74.2,48.1996,1,0,0,benign
3.3e-05,1,1,6,6,6,6,6,0,6,6,6,0,363636,60606.1,3.3e-05,0,3.3e-05,3.3e-05,0,0,0,0,0,0,0,0,0,1,1,46,815,6,0,1,0,0,benign
0.000288,2,2,78,142,39,39,39,0,71,71,71,0,763889,13888.9,9.6e-05,8.22739e-05,0.000191,4.8e-05,4.9e-05,4.9e-05,4.8e-05,4.8e-05,0,0,0,0,0,0,0,-1,-1,51.8,17.5271,1,0,0,benign
0.023349,1,1,52,113,52,52,52,0,113,113,113,0,7066.68,85.6568,0.023349,0,0.023349,0.023349,0,0,0,0,0,0,0,0,0,0,0,-1,-1,72.3333,35.2184,1,0,0,benign
0.030945,2,2,90,146,45,45,45,0,73,73,73,0,7626.43,129.262,0.010315,0.017822,0.030894,3e-06,3e-06,3e-06,4.8e-05,4.8e-05,0,0,0,0,0,0,0,-1,-1,56.2,15.3362,1,0,0,benign
6.1e-05,1,1,6,6,6,6,6,0,6,6,6,0,196721,32786.9,6.1e-05,0,6.1e-05,6.1e-05,0,0,0,0,0,0,0,0,0,1,1,115,256,6,0,1,0,0,benign
1.49513,12,14,628,12839,263,0,52.3333,88.1191,2195,0,917.071,837.054,9007.26,17.3898,0.0598051,0.175604,0.675225,2.3e-05,1.49513,0.135921,0.796944,0.0613034,0,0,0,0,1,0,0,8192,980,498.778,741.207,1,0,0,benign
0.06114,4,2,184,300,46,46,46,0,150,150,150,0,7916.26,98.1354,0.012228,0.0172133,0.036238,3e-06,0.024899,0.00829967,3e-06,3e-06,0,0,0,0,0,0,0,-1,-1,75.7143,50.7468,0,0,0,benign
0.000368,2,2,78,180,39,39,39,0,90,90,90,0,701087,10869.6,0.000122667,0.000205537,0.00036,4e-06,4e-06,4e-06,4e-06,4e-06,0,0,0,0,0,0,0,-1,-1,59.4,27.9339,1,0,0,benign
6.3e-05,1,1,0,0,0,0,0,0,0,0,0,0,0,31746,6.3e-05,0,6.3e-05,6.3e-05,0,0,0,0,0,0,0,0,0,1,1,1073,3064,0,0,1,0,0,benign
0.004663,2,0,12,0,6,6,6,0,0,0,0,0,2573.45,428.908,0.004663,0,0.004663,0.004663,0.004663,0.004663,0,0,0,0,0,0,0,1,0,135,-1,6,0,0,0,0,benign
0.060788,2,2,84,284,42,42,42,0,142,142,142,0,6053.83,65.8025,0.0202627,0.0350518,0.060737,4e-06,4.7e-05,4.7e-05,4e-06,4e-06,0,0,0,0,0,0,0,-1,-1,82,54.7723,1,0,0,benign
0.053875,2,0,12,0,6,6,6,0,0,0,0,0,222.738,37.123,0.053875,0,0.053875,0.053875,0.053875,0.053875,0,0,0,0,0,0,0,1,0,31088,-1,6,0,0,0,0,benign
0.000177,2,2,102,134,51,51,51,0,67,67,67,0,1.33333e+06,22598.9,5.9e-05,9.69948e-05,0.000171,3e-06,3e-06,3e-06,3e-06,3e-06,0,0,0,0,0,0,0,-1,-1,57.4,8.76356,1,0,0,benign
0.000196,2,2,64,188,32,32,32,0,94,94,94,0,1.28571e+06,20408.2,6.53333e-05,0.000111429,0.000194,1e-06,1e-06,1e-06,1e-06,1e-06,0,0,0,0,0,0,0,-1,-1,56.8,33.9588,1,0,0,benign
9.9e-05,1,1,0,0,0,0,0,0,0,0,0,0,0,20202,9.9e-05,0,9.9e-05,9.9e-05,0,0,0,0,0,0,0,0,0,1,0,5422,38864,0,0,1,0,0,benign
0.060514,1,1,43,85,43,43,43,0,85,85,85,0,2115.21,33.0502,0.060514,0,0.060514,0.060514,0,0,0,0,0,0,0,0,0,0,0,-1,-1,57,24.2487,1,0,0,benign
6e-05,1,1,0,0,0,0,0,0,0,0,0,0,0,33333.3,6e-05,0,6e-05,6e-05,0,0,0,0,0,0,0,0,0,1,1,939,442,0,0,1,0,0,benign
0.000571,2,1,37,6,37,0,18.5,26.163,6,6,6,0,75306.5,5253.94,0.0002855,0.000358503,0.000539,3.2e-05,0.000571,0.000571,0,0,1,0,1,0,0,1,0,247,0,20,19.7821,0,0,0,benign
0.00019,2,2,72,136,36,36,36,0,68,68,68,0,1.09474e+06,21052.6,6.33333e-05,2.5697e-05,9.3e-05,4.8e-05,4.9e-05,4.9e-05,4.8e-05,4.8e-05,0,0,0,0,0,0,0,-1,-1,48.8,17.5271,1,0,0,benign
0.068749,4,4,132,244,33,33,33,0,61,61,61,0,5469.17,116.365,0.00982129,0.0168523,0.037781,2e-06,0.068641,0.0228803,0.037895,0.0126317,0,0,0,0,0,0,0,-1,-1,45.4444,14.7573,1,0,0,benign
2.5e-05,1,1,0,0,0,0,0,0,0,0,0,0,0,80000,2.5e-05,0,2.5e-05,2.5e-05,0,0,0,0,0,0,0,0,0,1,1,360,334,0,0,1,0,0,benign
6.5e-05,2,1,0,0,0,0,0,0,0,0,0,0,0,46153.8,3.25e-05,1.48492e-05,4.3e-05,2.2e-05,4.3e-05,4.3e-05,0,0,0,0,0,0,0,1,1,369,65535,0,0,0,0,0,benign
0.000156,2,2,54,86,27,27,27,0,43,43,43,0,897436,25641,5.2e-05,5.11175e-05,0.000105,3e-06,3e-06,3e-06,4.8e-05,4.8e-05,0,0,0,0,0,0,0,-1,-1,33.4,8.76356,1,0,0,benign
0.048602,2,2,56,220,28,28,28,0,110,110,110,0,5678.78,82.3011,0.0162007,0.0280569,0.048598,1e-06,3e-06,3e-06,1e-06,1e-06,0,0,0,0,0,0,0,-1,-1,60.8,44.9132,1,0,0,benign
0.274495,2,2,66,98,33,33,33,0,49,49,49,0,597.461,14.5722,0.0914983,0.158475,0.274489,3e-06,3e-06,3e-06,3e-06,3e-06,0,0,0,0,0,0,0,-1,-1,39.4,8.76356,1,0,0,benign
0.024591,2,2,62,228,31,31,31,0,114,114,114,0,11792.9,162.661,0.008197,0.0141924,0.024585,3e-06,3e-06,3e-06,3e-06,3e-06,0,0,0,0,0,0,0,-1,-1,64.2,45.461,1,0,0,benign
0.000199,2,2,80,112,40,40,40,0,56,56,56,0,964824,20100.5,6.63333e-05,3.26241e-05,0.000104,4.7e-05,4.8e-05,4.8e-05,4.7e-05,4.7e-05,0,0,0,0,0,0,0,-1,-1,46.4,8.76356,1,0,0,benign
8.3e-05,1,1,0,0,0,0,0,0,0,0,0,0,0,24096.4,8.3e-05,0,8.3e-05,8.3e-05,0,0,0,0,0,0,0,0,0,1,1,115,260,0,0,1,0,0,benign
0.000305,2,2,82,832,41,41,41,0,416,416,416,0,2.99672e+06,13114.8,0.000101667,0.000133061,0.000253,3e-06,3e-06,3e-06,4.9e-05,4.9e-05,0,0,0,0,0,0,0,-1,-1,191,205.396,1,0,0,benign
0.04894,2,2,64,214,32,32,32,0,107,107,107,0,5680.43,81.7327,0.0163133,0.0282512,0.048935,1e-06,1e-06,1e-06,4e-06,4e-06,0,0,0,0,0,0,0,-1,-1,62,41.0792,1,0,0,benign
0.030314,1,1,47,98,47,47,47,0,98,98,98,0,4783.27,65.9761,0.030314,0,0.030314,0.030314,0,0,0,0,0,0,0,0,0,0,0,-1,-1,64,29.4449,1,0,0,benign
0.046633,1,1,72,137,72,72,72,0,137,137,137,0,4481.8,42.8881,0.046633,0,0.046633,0.046633,0,0,0,0,0,0,0,0,0,0,0,-1,-1,93.6667,37.5278,1,0,0,benign
0.000306,2,2,66,166,33,33,33,0,83,83,83,0,758170,13071.9,0.000102,0.000169741,0.000298,4e-06,4e-06,4e-06,4e-06,4e-06,0,0,0,0,0,0,0,-1,-1,53,27.3861,1,0,0,benign
0.000247,2,2,70,484,35,35,35,0,242,242,242,0,2.24291e+06,16194.3,8.23333e-05,0.000100977,0.000196,3e-06,4.8e-05,4.8e-05,3e-06,3e-06,0,0,0,0,0,0,0,-1,-1,117.8,113.379,1,0,0,benign
1.21622,14,12,845,5879,241,0,60.3571,81.2608,2920,0,489.917,869.496,5528.62,21.3778,0.0486487,0.102187,0.414896,1e-06,1.21622,0.0935552,0.967721,0.0879746,0,0,0,0,1,0,0,8192,32,249.037,609.502,0,0,0,benign
0.000196,2,2,62,164,31,31,31,0,82,82,82,0,1.15306e+06,20408.2,6.53333e-05,7.25695e-05,0.000145,3e-06,3e-06,3e-06,4.8e-05,4.8e-05,0,0,0,0,0,0,0,-1,-1,51.4,27.9339,1,0,0,benign
0.00027,2,2,94,230,47,47,47,0,115,115,115,0,1.2e+06,14814.8,9e-05,0.000155019,0.000269,0,0,0,1e-06,1e-06,0,0,0,0,0,0,0,-1,-1,74.2,37.2451,1,0,0,benign
4.42835,5,1,135,46,46,6,27,20.1246,46,46,46,0,40.873,1.35491,0.885669,1.87335,4.23585,4.7e-05,4.42835,1.10709,0,0,1,0,1,0,0,1,0,254,410,32.4286,18.8667,0,0,0,benign
6.2e-05,2,1,31,6,31,0,15.5,21.9203,6,6,6,0,596774,48387.1,3.1e-05,3.9598e-05,5.9e-05,3e-06,3e-06,3e-06,0,0,1,0,1,0,0,1,0,1475,0,17,16.3503,0,0,0,benign
9.9e-05,1,4,0,12,0,0,0,0,6,0,3,3.4641,121212,50505.1,2.475e-05,3.34701e-05,7.2e-05,1e-06,0,0,7.4e-05,2.46667e-05,0,0,0,0,0,1,1,253,0,2,3.09839,4,0,0,benign
60.6571,14,15,815,5331,436,0,58.2143,122.831,1460,2,355.4,573.178,101.324,0.478097,2.16633,4.14885,10,4.9e-05,60.7,4.66593,60.6,4.32903,0,0,0,0,1,0,0,8192,31088,204.867,434.645,1,0.120621,9.96702,benign
8.3e-05,1,1,0,0,0,0,0,0,0,0,0,0,0,24096.4,8.3e-05,0,8.3e-05,8.3e-05,0,0,0,0,0,0,0,0,0,1,1,3456,33304,0,0,1,0,0,benign
0.023815,1,1,0,0,0,0,0,0,0,0,0,0,0,83.9807,0.023815,0,0.023815,0.023815,0,0,0,0,0,0,0,0,0,1,1,1145,63,0,0,1,0,0,benign
0.023654,2,2,84,214,42,42,42,0,107,107,107,0,12598.3,169.105,0.00788467,0.0136497,0.023646,4e-06,4e-06,4e-06,4e-06,4e-06,0,0,0,0,0,0,0,-1,-1,68,35.602,1,0,0,benign
0.116107,1,1,0,0,0,0,0,0,0,0,0,0,0,17.2255,0.116107,0,0.116107,0.116107,0,0,0,0,0,0,0,0,0,1,1,400,243,0,0,1,0,0,benign
5.90398,2,0,106,0,53,53,53,0,0,0,0,0,17.954,0.338754,5.90398,0,5.90398,5.90398,5.90398,5.90398,0,0,1,0,1,0,0,1,1,328,-1,53,0,0,0,0,benign
0.048188,4,2,188,228,47,47,47,0,114,114,114,0,8632.85,124.512,0.0096376,0.0155262,0.035694,3e-06,0.035708,0.0119027,4.6e-05,4.6e-05,0,0,0,0,0,0,0,-1,-1,66.1429,32.6927,0,0,0,benign
0.047768,2,2,90,122,45,45,45,0,61,61,61,0,4438.12,83.7381,0.0159227,0.0275737,0.047762,3e-06,3e-06,3e-06,3e-06,3e-06,0,0,0,0,0,0,0,-1,-1,51.4,8.76356,1,0,0,benign
7.2e-05,1,4,0,0,0,0,0,0,0,0,0,0,0,69444.4,1.8e-05,2.30217e-05,4.9e-05,0,0,0,5e-05,1.66667e-05,0,0,0,0,0,1,1,237,0,0,0,4,0,0,benign
0.212826,2,2,60,344,30,30,30,0,172,172,172,0,1898.26,18.7947,0.070942,0.122871,0.212821,1e-06,1e-06,1e-06,4e-06,4e-06,0,0,0,0,0,0,0,-1,-1,86.8,77.7766,1,0,0,benign
0.000188,2,2,70,134,35,35,35,0,67,67,67,0,1.08511e+06,21276.6,6.26667e-05,2.45425e-05,9.1e-05,4.8e-05,4.9e-05,4.9e-05,4.8e-05,4.8e-05,0,0,0,0,0,0,0,-1,-1,47.8,17.5271,1,0,0,benign
0.083395,2,2,60,264,30,30,30,0,132,132,132,0,3885.13,47.9645,0.0277983,0.0479793,0.0832,4e-06,0.000191,0.000191,4e-06,4e-06,0,0,0,0,0,0,0,-1,-1,70.8,55.8677,1,0,0,benign
3.08036,11,8,1276,4776,959,0,116,287.058,1348,0,597,625.916,1964.71,6.16811,0.171131,0.466405,2.0017,1e-06,3.08036,0.308036,2.90066,0.41438,0,0,0,0,1,0,0,29200,129,302.6,499.177,0,0,0,benign
0.000167,2,2,78,256,39,39,39,0,128,128,128,0,2e+06,23952.1,5.56667e-05,9.03567e-05,0.00016,3e-06,4e-06,4e-06,3e-06,3e-06,0,0,0,0,0,0,0,-1,-1,74.6,48.7473,1,0,0,benign
0.060925,4,2,148,202,37,37,37,0,101,101,101,0,5744.77,98.4817,0.012185,0.0167308,0.032292,3e-06,0.032299,0.0107663,3e-06,3e-06,0,0,0,0,0,0,0,-1,-1,55.2857,31.2288,0,0,0,benign
0.113548,2,2,64,204,32,32,32,0,102,102,102,0,2360.24,35.2274,0.0378493,0.0655509,0.113541,3e-06,3e-06,3e-06,4e-06,4e-06,0,0,0,0,0,0,0,-1,-1,60,38.3406,1,0,0,benign
0.000135,2,2,46,46,23,23,23,0,23,23,23,0,681481,29629.6,4.5e-05,3.91535e-05,8.2e-05,4e-06,4e-06,4e-06,4.9e-05,4.9e-05,0,0,0,0,0,0,0,-1,-1,23,0,1,0,0,benign
0.000219,2,2,60,414,30,30,30,0,207,207,207,0,2.16438e+06,18264.8,7.3e-05,0.000120379,0.000212,3e-06,4e-06,4e-06,3e-06,3e-06,0,0,0,0,0,0,0,-1,-1,100.8,96.9469,1,0,0,benign
2e-06,1,1,6,6,6,6,6,0,6,6,6,0,6e+06,1e+06,2e-06,0,2e-06,2e-06,0,0,0,0,0,0,0,0,0,1,1,51100,63846,6,0,1,0,0,benign
0.060941,4,2,180,354,45,45,45,0,177,177,177,0,8762.57,98.4559,0.0121882,0.0167232,0.032057,3e-06,0.032063,0.0106877,3e-06,3e-06,0,0,0,0,0,0,0,-1,-1,82.7143,64.4094,0,0,0,benign
0.061412,2,2,58,446,29,29,29,0,223,223,223,0,8206.87,65.1339,0.0204707,0.0354502,0.061405,3e-06,3e-06,3e-06,4e-06,4e-06,0,0,0,0,0,0,0,-1,-1,106.6,106.258,1,0,0,benign
0.003108,3,6,0,0,0,0,0,0,0,0,0,0,0,2895.75,0.0003885,0.000662747,0.001927,3e-06,0.002121,0.0010605,0.001181,0.0002362,0,0,0,0,0,1,1,65535,0,0,0,2,0,0,benign
0.050962,1,1,56,88,56,56,56,0,88,88,88,0,2825.63,39.2449,0.050962,0,0.050962,0.050962,0,0,0,0,0,0,0,0,0,0,0,-1,-1,66.6667,18.4752,1,0,0,benign
0.000368,2,2,62,94,31,31,31,0,47,47,47,0,423913,10869.6,0.000122667,0.000196088,0.000349,4e-06,4e-06,4e-06,1.5e-05,1.5e-05,0,0,0,0,0,0,0,-1,-1,37.4,8.76356,1,0,0,benign
0.000261,2,2,76,420,38,38,38,0,210,210,210,0,1.90038e+06,15325.7,8.7e-05,0.000148956,0.000259,1e-06,1e-06,1e-06,1e-06,1e-06,0,0,0,0,0,0,0,-1,-1,106.8,94.2083,1,0,0,benign
0.000215,2,2,86,198,43,43,43,0,99,99,99,0,1.32093e+06,18604.7,7.16667e-05,0.000118069,0.000208,3e-06,3e-06,3e-06,4e-06,4e-06,0,0,0,0,0,0,0,-1,-1,65.4,30.6725,1,0,0,benign
0.089846,1,1,0,0,0,0,0,0,0,0,0,0,0,22.2603,0.089846,0,0.089846,0.089846,0,0,0,0,0,0,0,0,0,1,1,256,939,0,0,1,0,0,benign
0.061468,2,2,60,164,30,30,30,0,82,82,82,0,3644.17,65.0745,0.0204893,0.0354435,0.061416,4e-06,4.8e-05,4.8e-05,4e-06,4e-06,0,0,0,0,0,0,0,-1,-1,50.8,28.4816,1,0,0,benign
0.772636,2,2,76,236,38,38,38,0,118,118,118,0,403.812,5.17708,0.257545,0.446039,0.772587,1e-06,1e-06,1e-06,4.8e-05,4.8e-05,0,0,0,0,0,0,0,-1,-1,70,43.8178,1,0,0,benign
9.7e-05,1,1,0,0,0,0,0,0,0,0,0,0,0,20618.6,9.7e-05,0,9.7e-05,9.7e-05,0,0,0,0,0,0,0,0,0,1,1,383,245,0,0,1,0,0,benign
0.000313,2,2,90,200,45,45,45,0,100,100,100,0,926518,12779.6,0.000104333,0.000137449,0.000261,4e-06,4.8e-05,4.8e-05,4e-06,4e-06,0,0,0,0,0,0,0,-1,-1,67,30.1247,1,0,0,benign
0.032005,2,2,58,232,29,29,29,0,116,116,116,0,9061.08,124.98,0.0106683,0.0184738,0.032,1e-06,1e-06,1e-06,4e-06,4e-06,0,0,0,0,0,0,0,-1,-1,63.8,47.6519,1,0,0,benign
0.000191,2,2,94,220,47,47,47,0,110,110,110,0,1.64398e+06,20942.4,6.36667e-05,0.000107677,0.000188,1e-06,2e-06,2e-06,1e-06,1e-06,0,0,0,0,0,0,0,-1,-1,72.2,34.5065,1,0,0,benign
0.024229,2,2,68,158,34,34,34,0,79,79,79,0,9327.67,165.091,0.00807633,0.0139834,0.024223,3e-06,3e-06,3e-06,3e-06,3e-06,0,0,0,0,0,0,0,-1,-1,52,24.6475,1,0,0,benign
0.031113,2,2,130,294,65,65,65,0,147,147,147,0,13627.7,128.564,0.010371,0.0177988,0.030923,3e-06,3e-06,3e-06,0.000187,0.000187,0,0,0,0,0,0,0,-1,-1,97.8,44.9132,1,0,0,benign
5.17894,8,6,390,3716,209,0,48.75,77.1358,1460,0,619.333,679.909,792.827,2.70326,0.39838,1.37298,4.96739,6e-06,5.17894,0.739848,0.130344,0.0260688,0,0,0,0,1,0,0,8192,119,273.733,503.526,0,0,0,benign
0.001021,1,1,6,6,6,6,6,0,6,6,6,0,11753.2,1958.86,0.001021,0,0.001021,0.001021,0,0,0,0,0,1,0,0,0,1,0,0,0,6,0,1,0,0,benign
0.030995,2,2,44,108,22,22,22,0,54,54,54,0,4904.02,129.053,0.0103317,0.0178491,0.030942,4e-06,4e-06,4e-06,4.9e-05,4.9e-05,0,0,0,0,0,0,0,-1,-1,34.8,17.5271,1,0,0,benign
0.000171,2,2,78,134,39,39,39,0,67,67,67,0,1.23977e+06,23391.8,5.7e-05,5.80259e-05,0.000119,4e-06,4e-06,4e-06,4.8e-05,4.8e-05,0,0,0,0,0,0,0,-1,-1,50.2,15.3362,1,0,0,benign
5.92894,8,6,371,3858,190,0,46.375,71.59,1460,0,643,680.765,713.282,2.3613,0.456072,1.57784,5.70671,4e-06,5.92894,0.846991,0.096497,0.0192994,0,0,0,0,1,0,0,8192,946,281.933,511.209,0,0.222217,5.70671,benign
8.4e-05,1,1,0,0,0,0,0,0,0,0,0,0,0,23809.5,8.4e-05,0,8.4e-05,8.4e-05,0,0,0,0,0,0,0,0,0,1,1,235,308,0,0,1,0,0,benign
0.000207,2,2,94,350,47,47,47,0,175,175,175,0,2.14493e+06,19323.7,6.9e-05,7.76595e-05,0.000155,4e-06,4e-06,4e-06,4.8e-05,4.8e-05,0,0,0,0,0,0,0,-1,-1,98.2,70.1085,1,0,0,benign
0.000855,2,2,92,216,46,46,46,0,108,108,108,0,360234,4678.36,0.000285,0.00044919,0.000803,3e-06,3e-06,3e-06,4.9e-05,4.9e-05,0,0,0,0,0,0,0,-1,-1,70.8,33.9588,1,0,0,benign
0.039063,2,2,84,148,42,42,42,0,74,74,74,0,5939.12,102.399,0.013021,0.0223921,0.038877,3e-06,0.000183,0.000183,3e-06,3e-06,0,0,0,0,0,0,0,-1,-1,54.8,17.5271,1,0,0,benign
2.8e-05,1,1,6,6,6,6,6,0,6,6,6,0,428571,71428.6,2.8e-05,0,2.8e-05,2.8e-05,0,0,0,0,0,0,0,0,0,1,1,440,255,6,0,1,0,0,benign
0.151476,20,25,212,478,43,0,10.6,11.6366,50,0,19.12,14.0188,4555.18,297.077,0.00344264,0.0141674,0.083063,1e-06,0.151471,0.00797216,0.151336,0.00630567,0,0,0,0,1,0,0,8192,229,15,13.6023,1,0,0,benign
0.036475,1,1,6,6,6,6,6,0,6,6,6,0,328.992,54.8321,0.036475,0,0.036475,0.036475,0,0,0,0,0,0,0,0,0,1,1,255,377,6,0,1,0,0,benign
0.000258,2,2,76,652,38,38,38,0,326,326,326,0,2.82171e+06,15503.9,8.6e-05,0.000142895,0.000251,3e-06,4e-06,4e-06,3e-06,3e-06,0,0,0,0,0,0,0,-1,-1,153.2,157.744,1,0,0,benign
0.131726,4,4,180,404,45,45,45,0,101,101,101,0,4433.45,60.7321,0.018818,0.0335547,0.082849,3e-06,0.131545,0.0438483,0.083036,0.0276787,0,0,0,0,0,0,0,-1,-1,69.8889,29.5146,1,0,0,benign
0.000259,2,2,70,456,35,35,35,0,228,228,228,0,2.03089e+06,15444,8.63333e-05,0.000106049,0.000206,4e-06,4.9e-05,4.9e-05,4e-06,4e-06,0,0,0,0,0,0,0,-1,-1,112.2,105.71,1,0,0,benign
6.24453,11,10,3892,6571,3221,0,353.818,957.881,1400,0,657.1,674.629,1675.55,3.36294,0.312226,1.2696,5.70365,3e-06,6.24453,0.624453,0.480521,0.0533912,0,0,0,0,1,0,0,8192,18980,475.591,816.212,0,0.540873,5.70365,benign
0.003461,1,1,6,6,6,6,6,0,6,6,6,0,3467.21,577.868,0.003461,0,0.003461,0.003461,0,0,0,0,0,1,0,0,0,1,0,0,0,6,0,1,0,0,benign
4.4e-05,1,1,6,6,6,6,6,0,6,6,6,0,272727,45454.5,4.4e-05,0,4.4e-05,4.4e-05,0,0,0,0,0,0,0,0,0,1,1,31,320,6,0,1,0,0,benign
0.024547,2,2,68,388,34,34,34,0,194,194,194,0,18576.6,162.953,0.00818233,0.0141272,0.024495,4e-06,4e-06,4e-06,4.8e-05,4.8e-05,0,0,0,0,0,0,0,-1,-1,98,87.6356,1,0,0,benign
0.05476,1,1,56,133,56,56,56,0,133,133,133,0,3451.42,36.523,0.05476,0,0.05476,0.05476,0,0,0,0,0,0,0,0,0,0,0,-1,-1,81.6667,44.456,1,0,0,benign
0.161233,2,2,70,186,35,35,35,0,93,93,93,0,1587.76,24.8088,0.0537443,0.0930845,0.161229,1e-06,1e-06,1e-06,3e-06,3e-06,0,0,0,0,0,0,0,-1,-1,58.2,31.7679,1,0,0,benign
0.000234,2,2,72,350,36,36,36,0,175,175,175,0,1.80342e+06,17094,7.8e-05,0.00013164,0.00023,1e-06,1e-06,1e-06,3e-06,3e-06,0,0,0,0,0,0,0,-1,-1,91.6,76.1334,1,0,0,benign
5.41256,8,5,379,3096,198,0,47.375,73.9014,1577,2,619.2,822.211,642.025,2.40182,0.451047,1.30561,4.57898,4.7e-05,5.41256,0.773223,0.684948,0.171237,0,0,0,0,1,0,0,8192,30016,248.214,541.707,0,0,0,benign
0.000212,2,2,102,134,51,51,51,0,67,67,67,0,1.11321e+06,18867.9,7.06667e-05,8.26579e-05,0.000162,1e-06,1e-06,1e-06,4.9e-05,4.9e-05,0,0,0,0,0,0,0,-1,-1,57.4,8.76356,1,0,0,benign
0.001799,1,1,0,0,0,0,0,0,0,0,0,0,0,1111.73,0.001799,0,0.001799,0.001799,0,0,0,0,0,0,0,0,0,1,1,119,33304,0,0,1,0,0,benign
0.060713,4,2,120,264,30,30,30,0,132,132,132,0,6324.84,98.8256,0.0121426,0.0166252,0.030846,4e-06,0.030854,0.0102847,4e-06,4e-06,0,0,0,0,0,0,0,-1,-1,59.1429,49.7709,0,0,0,benign
5.08556,9,8,752,3728,517,0,83.5556,173.345,1448,0,466,636.753,880.925,3.3428,0.317848,1.2276,4.92092,3e-06,5.08556,0.635695,0.086919,0.012417,0,0,0,0,1,0,0,29200,12579,248.889,470.521,0,0,0,benign
2.99938,3,0,150,0,50,50,50,0,0,0,0,0,50.0103,1.00021,1.49969,0.000551543,1.50008,1.4993,2.99938,1.49969,0,0,0,0,0,0,0,0,0,-1,-1,50,0,0,0,0,benign
61.3179,13,12,1291,1737,470,0,99.3077,182.981,621,0,144.75,260.234,49.382,0.407711,2.55491,4.38979,10,0.000147,60.8,5.06576,61.3,5.56972,0,0,0,0,1,0,0,8192,118,116.462,216.676,0,0.135449,9.99607,benign
0.000281,2,2,60,344,30,30,30,0,172,172,172,0,1.43772e+06,14234.9,9.36667e-05,0.000160503,0.000279,1e-06,1e-06,1e-06,1e-06,1e-06,0,0,0,0,0,0,0,-1,-1,86.8,77.7766,1,0,0,benign
0.031657,4,2,156,152,39,39,39,0,76,76,76,0,9729.29,189.532,0.0063314,0.0136438,0.030728,4e-06,0.030736,0.0102453,4e-06,4e-06,0,0,0,0,0,0,0,-1,-1,49.5714,18.0542,0,0,0,benign
3.7e-05,1,1,6,6,6,6,6,0,6,6,6,0,324324,54054.1,3.7e-05,0,3.7e-05,3.7e-05,0,0,0,0,0,0,0,0,0,1,1,780,254,6,0,1,0,0,benign
0.000238,2,2,66,190,33,33,33,0,95,95,95,0,1.07563e+06,16806.7,7.93333e-05,9.78383e-05,0.000189,1e-06,1e-06,1e-06,4.8e-05,4.8e-05,0,0,0,0,0,0,0,-1,-1,57.8,33.9588,1,0,0,benign
0.09037,1,1,48,131,48,48,48,0,131,131,131,0,1980.75,22.1312,0.09037,0,0.09037,0.09037,0,0,0,0,0,0,0,0,0,0,0,-1,-1,75.6667,47.9201,1,0,0,benign
0.000383,2,2,64,332,32,32,32,0,166,166,166,0,1.03394e+06,10443.9,0.000127667,0.000136255,0.000285,4.9e-05,4.9e-05,4.9e-05,4.9e-05,4.9e-05,0,0,0,0,0,0,0,-1,-1,85.6,73.3948,1,0,0,benign
0.031218,2,2,60,264,30,30,30,0,132,132,132,0,10378.6,128.131,0.010406,0.0179804,0.031168,3e-06,3e-06,3e-06,4.7e-05,4.7e-05,0,0,0,0,0,0,0,-1,-1,70.8,55.8677,1,0,0,benign
0.000141,2,2,72,104,36,36,36,0,52,52,52,0,1.24823e+06,28368.8,4.7e-05,7.53459e-05,0.000134,3e-06,4e-06,4e-06,3e-06,3e-06,0,0,0,0,0,0,0,-1,-1,42.4,8.76356,1,0,0,benign
0.000188,1,1,187,6,187,187,187,0,6,6,6,0,1.0266e+06,10638.3,0.000188,0,0.000188,0.000188,0,0,0,0,0,0,0,0,0,1,1,58,0,126.667,104.5,1,0,0,benign
0.000214,2,2,66,500,33,33,33,0,250,250,250,0,2.64486e+06,18691.6,7.13333e-05,0.000118357,0.000208,3e-06,3e-06,3e-06,3e-06,3e-06,0,0,0,0,0,0,0,-1,-1,119.8,118.856,1,0,0,benign
0.031071,2,2,86,244,43,43,43,0,122,122,122,0,10620.8,128.737,0.010357,0.017893,0.031018,4e-06,4e-06,4e-06,4.9e-05,4.9e-05,0,0,0,0,0,0,0,-1,-1,74.6,43.2701,1,0,0,benign
2.43514,2,2,76,188,38,38,38,0,94,94,94,0,108.413,1.64262,0.811712,1.40588,2.43509,3e-06,4.8e-05,4.8e-05,3e-06,3e-06,0,0,0,0,0,0,0,-1,-1,60.4,30.6725,1,0,0,benign
0.000146,2,2,86,142,43,43,43,0,71,71,71,0,1.56164e+06,27397.3,4.86667e-05,7.82326e-05,0.000139,3e-06,3e-06,3e-06,4e-06,4e-06,0,0,0,0,0,0,0,-1,-1,54.2,15.3362,1,0,0,benign
6.2e-05,1,1,6,6,6,6,6,0,6,6,6,0,193548,32258.1,6.2e-05,0,6.2e-05,6.2e-05,0,0,0,0,0,0,0,0,0,1,1,15544,65098,6,0,1,0,0,benign
0.121657,12,9,875,3951,242,0,72.9167,87.3327,1460,0,439,602.769,39668.9,172.616,0.00608285,0.00995619,0.033348,3e-06,0.121657,0.0110597,0.093227,0.0116534,0,0,0,0,1,0,0,8192,1013,219.364,421.459,0,0,0,benign
0.275861,1,1,52,131,52,52,52,0,131,131,131,0,663.378,7.25003,0.275861,0,0.275861,0.275861,0,0,0,0,0,0,0,0,0,0,0,-1,-1,78.3333,45.6107,1,0,0,benign
0.032146,1,2,0,0,0,0,0,0,0,0,0,0,0,93.3242,0.016073,0.0187355,0.029321,0.002825,0,0,0.002825,0.002825,0,0,0,0,0,1,1,349,64,0,0,2,0,0,benign
0.061251,2,2,60,450,30,30,30,0,225,225,225,0,8326.39,65.3051,0.020417,0.0353572,0.061244,3e-06,3e-06,3e-06,4e-06,4e-06,0,0,0,0,0,0,0,-1,-1,108,106.806,1,0,0,benign
0.023956,2,2,136,300,68,68,68,0,150,150,150,0,18200,166.973,0.00798533,0.013747,0.023859,4.8e-05,4.8e-05,4.8e-05,4.9e-05,4.9e-05,0,0,0,0,0,0,0,-1,-1,100.8,44.9132,1,0,0,benign
0.047542,2,2,98,530,49,49,49,0,265,265,265,0,13209.4,84.1361,0.0158473,0.0274432,0.047536,3e-06,3e-06,3e-06,3e-06,3e-06,0,0,0,0,0,0,0,-1,-1,135.4,118.308,1,0,0,benign
0.119519,2,1,0,0,0,0,0,0,0,0,0,0,0,25.1006,0.0597595,0.0844448,0.119471,4.8e-05,0.119519,0.119519,0,0,0,0,0,0,0,1,1,235,274,0,0,0,0,0,benign
0.071769,4,2,148,202,37,37,37,0,101,101,101,0,4876.76,83.6016,0.0143538,0.0200555,0.041553,3e-06,0.030212,0.0100707,4e-06,4e-06,0,0,0,0,0,0,0,-1,-1,55.2857,31.2288,0,0,0,benign
0.000286,2,2,92,284,46,46,46,0,142,142,142,0,1.31469e+06,13986,9.53333e-05,0.000122087,0.000234,4e-06,4.8e-05,4.8e-05,4e-06,4e-06,0,0,0,0,0,0,0,-1,-1,84.4,52.5814,1,0,0,benign
0.003546,2,0,12,0,6,6,6,0,0,0,0,0,3384.09,564.016,0.003546,0,0.003546,0.003546,0.003546,0.003546,0,0,0,0,0,0,0,1,0,16425,-1,6,0,0,0,0,benign
115.837,16,14,905,568,821,0,56.5625,203.855,494,2,40.5714,130.51,12.7161,0.258984,3.99439,4.82167,10,0.000104,116,7.72248,111,8.57085,0,0,0,0,1,0,0,8192,5201,47.5161,168.229,0,0.152912,9.97626,benign
0.000298,2,2,76,484,38,38,38,0,242,242,242,0,1.87919e+06,13422.8,9.93333e-05,0.000159976,0.000284,3e-06,3e-06,3e-06,1.1e-05,1.1e-05,0,0,0,0,0,0,0,-1,-1,119.6,111.735,1,0,0,benign
0.062116,4,2,128,256,32,32,32,0,128,128,128,0,6181.98,96.5935,0.0124232,0.0170634,0.033306,1e-06,0.028807,0.00960233,3e-06,3e-06,0,0,0,0,0,0,0,-1,-1,59.4286,46.8432,0,0,0,benign
0.067374,2,2,68,220,34,34,34,0,110,110,110,0,4274.65,59.3701,0.022458,0.0388949,0.06737,1e-06,1e-06,1e-06,3e-06,3e-06,0,0,0,0,0,0,0,-1,-1,64.4,41.6269,1,0,0,benign
0.103238,1,1,0,0,0,0,0,0,0,0,0,0,0,19.3727,0.103238,0,0.103238,0.103238,0,0,0,0,0,0,0,0,0,1,1,356,243,0,0,1,0,0,benign
0.000258,2,2,86,194,43,43,43,0,97,97,97,0,1.08527e+06,15503.9,8.6e-05,0.00014376,0.000252,3e-06,3e-06,3e-06,3e-06,3e-06,0,0,0,0,0,0,0,-1,-1,64.6,29.577,1,0,0,benign
5.11074,4,3,982,473,970,0,245.5,483.008,467,0,157.667,267.907,284.695,1.36967,0.85179,2.0325,5.00025,2.1e-05,0.110484,0.036828,5.05551,2.52776,0,0,0,0,1,0,0,29200,16490,181.875,357.465,0,0,0,benign
0.088628,1,1,48,48,48,48,48,0,48,48,48,0,1083.18,22.5662,0.088628,0,0.088628,0.088628,0,0,0,0,0,0,0,0,0,0,0,-1,-1,48,0,1,0,0,benign
0.000218,2,2,138,238,69,69,69,0,119,119,119,0,1.72477e+06,18348.6,7.26667e-05,4.09919e-05,0.00012,4.9e-05,4.9e-05,4.9e-05,4.9e-05,4.9e-05,0,0,0,0,0,0,0,-1,-1,89,27.3861,1,0,0,benign
0.001901,2,0,0,0,0,0,0,0,0,0,0,0,0,1052.08,0.001901,0,0.001901,0.001901,0.001901,0.001901,0,0,0,0,0,0,0,1,0,5510,-1,0,0,0,0,0,benign
0.227678,1,1,0,0,0,0,0,0,0,0,0,0,0,8.78434,0.227678,0,0.227678,0.227678,0,0,0,0,0,0,0,0,1,0,0,29200,0,0,0,1,0,0,benign
0.060877,4,2,148,208,37,37,37,0,104,104,104,0,5847.86,98.5594,0.0121754,0.016667,0.030539,3e-06,0.030547,0.0101823,3e-06,3e-06,0,0,0,0,0,0,0,-1,-1,56.1429,32.6927,0,0,0,benign
0.000165,2,2,88,120,44,44,44,0,60,60,60,0,1.26061e+06,24242.4,5.5e-05,9.18041e-05,0.000161,1e-06,3e-06,3e-06,1e-06,1e-06,0,0,0,0,0,0,0,-1,-1,50.4,8.76356,1,0,0,benign
0.030438,1,1,47,108,47,47,47,0,108,108,108,0,5092.32,65.7073,0.030438,0,0.030438,0.030438,0,0,0,0,0,0,0,0,0,0,0,-1,-1,67.3333,35.2184,1,0,0,benign
7.66753,13,8,3679,1618,1206,0,283,404.028,322,0,202.25,164.177,690.835,2.73882,0.383377,0.826113,3.74126,0.000125,7.66753,0.638961,3.69663,0.528089,0,0,0,0,1,0,0,8192,1248,240.773,326.64,0,0,0,benign
0.000238,2,2,64,158,32,32,32,0,79,79,79,0,932773,16806.7,7.93333e-05,0.000133088,0.000233,1e-06,4e-06,4e-06,1e-06,1e-06,0,0,0,0,0,0,0,-1,-1,50.8,25.743,1,0,0,benign
0.472471,2,2,72,174,36,36,36,0,87,87,87,0,520.667,8.46613,0.15749,0.272778,0.472467,1e-06,3e-06,3e-06,1e-06,1e-06,0,0,0,0,0,0,0,-1,-1,56.4,27.9339,1,0,0,benign
0.023977,2,2,76,108,38,38,38,0,54,54,54,0,7674.02,166.827,0.00799233,0.0138397,0.023973,1e-06,3e-06,3e-06,1e-06,1e-06,0,0,0,0,0,0,0,-1,-1,44.4,8.76356,1,0,0,benign
0.000957,3,1,18,6,6,6,6,0,6,6,6,0,25078.4,4179.73,0.000319,0.000550792,0.000955,1e-06,2e-06,1e-06,0,0,0,1,0,0,0,0,0,0,0,6,0,0,0,0,benign
0.008428,27,1,58400,0,4380,0,2162.96,1022.03,0,0,0,0,6.92928e+06,3322.26,0.000312148,0.000647529,0.003549,7.4e-05,0.008428,0.000324154,0,0,0,0,0,0,0,1,0,66,0,2064.14,1069.84,0,0,0,benign
4e-05,1,1,6,6,6,6,6,0,6,6,6,0,300000,50000,4e-05,0,4e-05,4e-05,0,0,0,0,0,0,0,0,0,1,1,5120,253,6,0,1,0,0,benign
0.030843,2,2,94,542,47,47,47,0,271,271,271,0,20620.6,129.689,0.010281,0.0178003,0.030835,4e-06,4e-06,4e-06,4e-06,4e-06,0,0,0,0,0,0,0,-1,-1,136.6,122.69,1,0,0,benign
1.60197,3,3,0,18,0,0,0,0,6,6,6,0,11.2362,3.74539,0.320394,0.171587,0.508761,0.194103,1.40787,0.703933,1.40599,0.702994,0,0,0,0,1,0,0,8192,0,2.57143,3.20713,1,0,0,benign
0.031906,2,2,90,210,45,45,45,0,105,105,105,0,9402.62,125.368,0.0106353,0.0184166,0.031901,2e-06,2e-06,2e-06,3e-06,3e-06,0,0,0,0,0,0,0,-1,-1,69,32.8634,1,0,0,benign
0.381266,2,2,86,236,43,43,43,0,118,118,118,0,844.555,10.4914,0.127089,0.220119,0.38126,3e-06,3e-06,3e-06,3e-06,3e-06,0,0,0,0,0,0,0,-1,-1,73,41.0792,1,0,0,benign
0.03216,2,2,68,250,34,34,34,0,125,125,125,0,9888.06,124.378,0.01072,0.0184836,0.032063,4.8e-05,4.8e-05,4.8e-05,4.9e-05,4.9e-05,0,0,0,0,0,0,0,-1,-1,70.4,49.8428,1,0,0,benign
0.12686,32,29,40323,174,2765,0,1260.09,541.281,6,6,6,0,319226,480.845,0.00211433,0.0153637,0.119099,1e-06,0.12686,0.00409226,0.123677,0.00441704,0,0,0,0,0,1,0,7151,0,653.177,740.432,0,0,0,benign
0.030948,2,2,66,122,33,33,33,0,61,61,61,0,6074.71,129.249,0.010316,0.0178254,0.030899,1e-06,1e-06,1e-06,4.8e-05,4.8e-05,0,0,0,0,0,0,0,-1,-1,44.2,15.3362,1,0,0,benign
4e-06,1,1,6,6,6,6,6,0,6,6,6,0,3e+06,500000,4e-06,0,4e-06,4e-06,0,0,0,0,0,0,0,0,0,1,1,40958,253,6,0,1,0,0,benign
4e-06,2,0,0,0,0,0,0,0,0,0,0,0,0,500000,4e-06,0,4e-06,4e-06,4e-06,4e-06,0,0,0,0,0,0,0,1,0,8182,-1,0,0,0,0,0,benign
0.023722,2,2,68,144,34,34,34,0,72,72,72,0,8936.85,168.62,0.00790733,0.0136907,0.023716,3e-06,3e-06,3e-06,3e-06,3e-06,0,0,0,0,0,0,0,-1,-1,49.2,20.8135,1,0,0,benign
1.3e-05,1,1,0,0,0,0,0,0,0,0,0,0,0,153846,1.3e-05,0,1.3e-05,1.3e-05,0,0,0,0,0,0,0,0,0,1,1,374,1092,0,0,1,0,0,benign
5.6e-05,1,1,0,0,0,0,0,0,0,0,0,0,0,35714.3,5.6e-05,0,5.6e-05,5.6e-05,0,0,0,0,0,0,0,0,0,1,1,127,366,0,0,1,0,0,benign
0.000177,2,2,88,188,44,44,44,0,94,94,94,0,1.55932e+06,22598.9,5.9e-05,9.78621e-05,0.000172,2e-06,2e-06,2e-06,3e-06,3e-06,0,0,0,0,0,0,0,-1,-1,64,27.3861,1,0,0,benign
0.000183,2,2,88,256,44,44,44,0,128,128,128,0,1.87978e+06,21857.9,6.1e-05,0.00010479,0.000182,0,0,0,1e-06,1e-06,0,0,0,0,0,0,0,-1,-1,77.6,46.0087,1,0,0,benign
0.000201,2,1,31,0,31,0,15.5,21.9203,0,0,0,0,154229,14925.4,0.0001005,5.3033e-05,0.000138,6.3e-05,0.000201,0.000201,0,0,1,0,1,0,0,1,0,972,0,15.5,17.8979,0,0,0,benign
5.7e-05,2,1,31,6,31,0,15.5,21.9203,6,6,6,0,649123,52631.6,2.85e-05,1.3435e-05,3.8e-05,1.9e-05,1.9e-05,1.9e-05,0,0,1,0,1,0,0,1,0,1210,0,17,16.3503,0,0,0,benign
0.032022,2,2,76,420,38,38,38,0,210,210,210,0,15489.4,124.914,0.010674,0.0184844,0.032018,1e-06,1e-06,1e-06,3e-06,3e-06,0,0,0,0,0,0,0,-1,-1,106.8,94.2083,1,0,0,benign
0.167355,1,1,0,0,0,0,0,0,0,0,0,0,0,11.9506,0.167355,0,0.167355,0.167355,0,0,0,0,0,0,0,0,0,1,1,241,40,0,0,1,0,0,benign
3e-06,1,1,6,6,6,6,6,0,6,6,6,0,4e+06,666667,3e-06,0,3e-06,3e-06,0,0,0,0,0,0,0,0,0,1,1,335,258,6,0,1,0,0,benign
0.000268,2,2,78,110,39,39,39,0,55,55,55,0,701493,14925.4,8.93333e-05,0.000151269,0.000264,1e-06,3e-06,3e-06,1e-06,1e-06,0,0,0,0,0,0,0,-1,-1,45.4,8.76356,1,0,0,benign
0.000288,2,0,0,0,0,0,0,0,0,0,0,0,0,6944.44,0.000288,0,0.000288,0.000288,0.000288,0.000288,0,0,0,0,0,0,0,1,0,242,-1,0,0,0,0,0,benign
0.000229,2,2,74,330,37,37,37,0,165,165,165,0,1.76419e+06,17467.2,7.63333e-05,0.000126152,0.000222,3e-06,4e-06,4e-06,3e-06,3e-06,0,0,0,0,0,0,0,-1,-1,88.2,70.1085,1,0,0,benign
0.094679,1,1,48,138,48,48,48,0,138,138,138,0,1964.53,21.124,0.094679,0,0.094679,0.094679,0,0,0,0,0,0,0,0,0,0,0,-1,-1,78,51.9615,1,0,0,benign
0.143674,2,2,58,276,29,29,29,0,138,138,138,0,2324.71,27.8408,0.0478913,0.0829442,0.143667,3e-06,4e-06,4e-06,3e-06,3e-06,0,0,0,0,0,0,0,-1,-1,72.6,59.7018,1,0,0,benign
0.171867,14,12,979,5096,375,0,69.9286,107.749,1430,0,424.667,538.475,35347.1,151.28,0.00687468,0.0126861,0.03636,1e-06,0.171867,0.0132205,0.106882,0.00971655,0,0,0,0,1,0,0,8192,360,225,402.211,0,0,0,benign
0.000211,2,2,70,470,35,35,35,0,235,235,235,0,2.55924e+06,18957.3,7.03333e-05,0.00011576,0.000204,3e-06,3e-06,3e-06,4e-06,4e-06,0,0,0,0,0,0,0,-1,-1,115,109.545,1,0,0,benign
0.060826,1,1,46,110,46,46,46,0,110,110,110,0,2564.69,32.8807,0.060826,0,0.060826,0.060826,0,0,0,0,0,0,0,0,0,0,0,-1,-1,67.3333,36.9504,1,0,0,benign
0.000264,2,2,82,338,41,41,41,0,169,169,169,0,1.59091e+06,15151.5,8.8e-05,0.000148091,0.000259,2e-06,3e-06,3e-06,2e-06,2e-06,0,0,0,0,0,0,0,-1,-1,92.2,70.1085,1,0,0,benign
13.6244,4,4,108,108,27,27,27,0,27,27,27,0,15.8539,0.587181,1.94634,2.46818,5.00532,1e-06,5.00533,1.66844,3.64925,1.21642,0,0,0,0,0,0,0,-1,-1,27,0,1,1.2e-05,5.00532,benign
0.031015,2,2,66,98,33,33,33,0,49,49,49,0,5287.76,128.97,0.0103383,0.0178624,0.030964,3e-06,4.8e-05,4.8e-05,3e-06,3e-06,0,0,0,0,0,0,0,-1,-1,39.4,8.76356,1,0,0,benign
0.032137,1,1,0,0,0,0,0,0,0,0,0,0,0,62.2336,0.032137,0,0.032137,0.032137,0,0,0,0,0,0,0,0,0,1,0,33304,0,0,0,1,0,0,benign
0.02395,2,2,60,468,30,30,30,0,234,234,234,0,22045.9,167.015,0.00798333,0.0138232,0.023945,1e-06,4e-06,4e-06,1e-06,1e-06,0,0,0,0,0,0,0,-1,-1,111.6,111.735,1,0,0,benign
19.4442,8,10,978,4631,421,0,122.25,173.728,1460,0,463.1,625.822,288.467,0.925728,1.14377,3.14308,9.71953,4.9e-05,10.1603,1.45147,19.4213,2.15792,0,0,0,0,1,0,0,8192,5334,295.211,491.284,1,0.232318,9.48976,benign
0.000237,2,2,64,536,32,32,32,0,268,268,268,0,2.53165e+06,16877.6,7.9e-05,0.000129904,0.000229,4e-06,4e-06,4e-06,4e-06,4e-06,0,0,0,0,0,0,0,-1,-1,126.4,129.263,1,0,0,benign
0.000151,2,0,12,0,6,6,6,0,0,0,0,0,79470.2,13245,0.000151,0,0.000151,0.000151,0.000151,0.000151,0,0,0,0,0,0,0,1,0,5199,-1,6,0,0,0,0,benign
5.4e-05,1,1,0,0,0,0,0,0,0,0,0,0,0,37037,5.4e-05,0,5.4e-05,5.4e-05,0,0,0,0,0,0,0,0,0,1,1,22,33304,0,0,1,0,0,benign
9.5e-05,1,1,0,0,0,0,0,0,0,0,0,0,0,21052.6,9.5e-05,0,9.5e-05,9.5e-05,0,0,0,0,0,0,0,0,0,1,1,365,32832,0,0,1,0,0,benign
0.048437,2,2,72,234,36,36,36,0,117,117,117,0,6317.48,82.5815,0.0161457,0.0279591,0.04843,3e-06,4e-06,4e-06,3e-06,3e-06,0,0,0,0,0,0,0,-1,-1,68.4,44.3655,1,0,0,benign
5.2e-05,1,1,0,0,0,0,0,0,0,0,0,0,0,38461.5,5.2e-05,0,5.2e-05,5.2e-05,0,0,0,0,0,0,0,0,0,1,1,340,32832,0,0,1,0,0,benign
0.011621,6,1,460,6,258,6,76.6667,92.1036,6,6,6,0,40099.8,602.358,0.00193683,0.00458792,0.011301,1e-06,0.011621,0.0023242,0,0,1,0,1,0,0,1,0,115,0,90.5,106.073,0,0,0,benign
0.278928,1,1,0,0,0,0,0,0,0,0,0,0,0,7.17031,0.278928,0,0.278928,0.278928,0,0,0,0,0,0,0,0,0,1,1,436,3,0,0,1,0,0,benign
0.036834,1,1,0,0,0,0,0,0,0,0,0,0,0,54.2977,0.036834,0,0.036834,0.036834,0,0,0,0,0,0,0,0,0,1,1,256,939,0,0,1,0,0,benign
0.061629,2,2,60,344,30,30,30,0,172,172,172,0,6555.36,64.9045,0.020543,0.0355781,0.061625,1e-06,1e-06,1e-06,3e-06,3e-06,0,0,0,0,0,0,0,-1,-1,86.8,77.7766,1,0,0,benign
0.00046,1,1,53,119,53,53,53,0,119,119,119,0,373913,4347.83,0.00046,0,0.00046,0.00046,0,0,0,0,0,0,0,0,0,0,0,-1,-1,75,38.1051,1,0,0,benign
0.000178,2,2,96,344,48,48,48,0,172,172,172,0,2.47191e+06,22471.9,5.93333e-05,9.75722e-05,0.000172,3e-06,3e-06,3e-06,3e-06,3e-06,0,0,0,0,0,0,0,-1,-1,97.6,67.9176,1,0,0,benign
0.000171,2,2,130,226,65,65,65,0,113,113,113,0,2.08187e+06,23391.8,5.7e-05,9.26661e-05,0.000164,3e-06,3e-06,3e-06,4e-06,4e-06,0,0,0,0,0,0,0,-1,-1,84.2,26.2907,1,0,0,benign
3.20622,11,12,2535,1961,1350,38,230.455,384.601,1350,27,163.417,375.554,1402.27,7.17355,0.145737,0.404453,1.75717,4e-06,3.14445,0.314445,3.15491,0.28681,0,0,0,0,0,0,0,-1,-1,243.583,434.081,1,0,0,benign
0.10697,1,1,41,143,41,41,41,0,143,143,143,0,1720.11,18.6968,0.10697,0,0.10697,0.10697,0,0,0,0,0,0,0,0,0,0,0,-1,-1,75,58.8897,1,0,0,benign
0.05086,1,1,0,0,0,0,0,0,0,0,0,0,0,39.3236,0.05086,0,0.05086,0.05086,0,0,0,0,0,0,0,0,0,1,1,237,8,0,0,1,0,0,benign
6.2e-05,1,1,0,0,0,0,0,0,0,0,0,0,0,32258.1,6.2e-05,0,6.2e-05,6.2e-05,0,0,0,0,0,0,0,0,0,1,1,1187,254,0,0,1,0,0,benign
0.000173,2,2,58,232,29,29,29,0,116,116,116,0,1.6763e+06,23121.4,5.76667e-05,9.81495e-05,0.000171,1e-06,1e-06,1e-06,1e-06,1e-06,0,0,0,0,0,0,0,-1,-1,63.8,47.6519,1,0,0,benign
0.005858,2,2,84,162,42,42,42,0,81,81,81,0,41993.9,682.827,0.00195267,0.00337692,0.005852,3e-06,3e-06,3e-06,3e-06,3e-06,0,0,0,0,0,0,0,-1,-1,57.6,21.3612,1,0,0,benign
0.000181,2,2,80,216,40,40,40,0,108,108,108,0,1.63536e+06,22099.4,6.03333e-05,0.000102768,0.000179,1e-06,1e-06,1e-06,1e-06,1e-06,0,0,0,0,0,0,0,-1,-1,67.2,37.2451,1,0,0,benign
0.24899,2,2,66,180,33,33,33,0,90,90,90,0,987.991,16.0649,0.0829967,0.143752,0.248987,0,0,0,3e-06,3e-06,0,0,0,0,0,0,0,-1,-1,55.8,31.2202,1,0,0,benign
4.9e-05,1,1,0,0,0,0,0,0,0,0,0,0,0,40816.3,4.9e-05,0,4.9e-05,4.9e-05,0,0,0,0,0,0,0,0,0,1,1,131,320,0,0,1,0,0,benign
0.164363,6,7,3976,368,2920,0,662.667,1130.83,182,0,52.5714,74.8506,26429.3,79.0932,0.0136969,0.0184481,0.038663,3e-06,0.118305,0.023661,0.125916,0.020986,0,0,0,0,1,0,0,8192,77,310.286,771.299,1,0,0,benign
0.071675,4,2,144,154,36,36,36,0,77,77,77,0,4157.66,83.7112,0.014335,0.0197045,0.03861,3e-06,0.03866,0.0128867,3e-06,3e-06,0,0,0,0,0,0,0,-1,-1,47.7143,20.006,0,0,0,benign
0.03181,2,2,68,182,34,34,34,0,91,91,91,0,7859.16,125.747,0.0106033,0.0183586,0.031802,4e-06,4e-06,4e-06,4e-06,4e-06,0,0,0,0,0,0,0,-1,-1,56.8,31.2202,1,0,0,benign
0.000108,1,1,6,6,6,6,6,0,6,6,6,0,111111,18518.5,0.000108,0,0.000108,0.000108,0,0,0,0,0,0,0,0,0,1,1,31088,62986,6,0,1,0,0,benign
14.2061,4,4,132,598,33,33,33,0,250,49,149.5,116.047,51.3862,0.563137,2.02945,5.35554,14.2,3e-06,14.2,4.72494,14.2,4.73533,0,0,0,0,0,0,0,-1,-1,84.7778,93.9159,1,0.000151,14.2,benign
0.038901,1,1,6,6,6,6,6,0,6,6,6,0,308.475,51.4126,0.038901,0,0.038901,0.038901,0,0,0,0,0,0,0,0,0,1,1,256,946,6,0,1,0,0,benign
2.4e-05,1,1,0,0,0,0,0,0,0,0,0,0,0,83333.3,2.4e-05,0,2.4e-05,2.4e-05,0,0,0,0,0,0,0,0,0,1,1,130,771,0,0,1,0,0,benign
0.077752,1,1,55,183,55,55,55,0,183,183,183,0,3061.01,25.7228,0.077752,0,0.077752,0.077752,0,0,0,0,0,0,0,0,0,0,0,-1,-1,97.6667,73.9008,1,0,0,benign
11.8051,2,2,54,54,27,27,27,0,27,27,27,0,9.1486,0.338837,3.93503,6.81566,11.8051,1e-06,1e-06,1e-06,1e-06,1e-06,0,0,0,0,0,0,0,-1,-1,27,0,1,1e-06,11.8051,benign
0.000324,2,2,68,182,34,34,34,0,91,91,91,0,771605,12345.7,0.000108,0.000185329,0.000322,1e-06,1e-06,1e-06,1e-06,1e-06,0,0,0,0,0,0,0,-1,-1,56.8,31.2202,1,0,0,benign
0.10987,4,2,188,212,47,47,47,0,106,106,106,0,3640.67,54.61,0.021974,0.0300893,0.05561,1e-06,0.054257,0.0180857,3e-06,3e-06,0,0,0,0,0,0,0,-1,-1,63.8571,28.7891,0,0,0,benign
0.000242,2,2,58,166,29,29,29,0,83,83,83,0,925620,16528.9,8.06667e-05,0.000133658,0.000235,3e-06,4e-06,4e-06,3e-06,3e-06,0,0,0,0,0,0,0,-1,-1,50.6,29.577,1,0,0,benign
0.0002,2,2,62,94,31,31,31,0,47,47,47,0,780000,20000,6.66667e-05,7.47685e-05,0.000149,3e-06,3e-06,3e-06,4.8e-05,4.8e-05,0,0,0,0,0,0,0,-1,-1,37.4,8.76356,1,0,0,benign
0.076599,4,2,132,450,33,33,33,0,225,225,225,0,7598.01,78.33,0.0153198,0.0228559,0.051141,3e-06,0.051147,0.017049,3e-06,3e-06,0,0,0,0,0,0,0,-1,-1,87.8571,93.6864,0,0,0,benign
111.169,18,18,8892,2526,1482,0,494,718.876,421,0,140.333,204.215,102.708,0.323831,3.17626,4.37147,10,3.2e-05,111,6.52665,111,6.52658,1,0,1,0,0,1,0,1066,260,348.649,575.909,1,0.569124,9.51751,benign
0.076889,2,2,76,466,38,38,38,0,233,233,233,0,7049.12,52.023,0.0256297,0.0443858,0.076882,3e-06,4e-06,4e-06,3e-06,3e-06,0,0,0,0,0,0,0,-1,-1,116,106.806,1,0,0,benign
0.037367,4,4,140,508,35,35,35,0,127,127,127,0,17341.5,214.093,0.00533814,0.0115379,0.031031,3e-06,0.037062,0.012354,0.006333,0.002111,0,0,0,0,0,0,0,-1,-1,75.8889,48.4883,1,0,0,benign
0.042306,4,4,172,396,43,43,43,0,99,99,99,0,13426,189.098,0.00604371,0.0117257,0.030885,3e-06,0.042154,0.0140513,0.011417,0.00380567,0,0,0,0,0,0,0,-1,-1,67.8889,29.5146,1,0,0,benign
0.030743,2,2,64,120,32,32,32,0,60,60,60,0,5985.1,130.111,0.0102477,0.017746,0.030739,1e-06,1e-06,1e-06,3e-06,3e-06,0,0,0,0,0,0,0,-1,-1,43.2,15.3362,1,0,0,benign
0.151535,4,2,160,268,40,40,40,0,134,134,134,0,2824.43,39.5948,0.030307,0.0513447,0.118528,3e-06,0.033004,0.0110013,3e-06,3e-06,0,0,0,0,0,0,0,-1,-1,66.8571,45.8673,0,0,0,benign
0.000185,1,1,6,6,6,6,6,0,6,6,6,0,64864.9,10810.8,0.000185,0,0.000185,0.000185,0,0,0,0,0,0,0,0,0,1,1,913,256,6,0,1,0,0,benign
8.1e-05,1,1,0,0,0,0,0,0,0,0,0,0,0,24691.4,8.1e-05,0,8.1e-05,8.1e-05,0,0,0,0,0,0,0,0,0,1,1,530,1571,0,0,1,0,0,benign
0.081448,2,2,86,174,43,43,43,0,87,87,87,0,3192.22,49.1111,0.0271493,0.0470206,0.081444,1e-06,1e-06,1e-06,3e-06,3e-06,0,0,0,0,0,0,0,-1,-1,60.6,24.0998,1,0,0,benign
0.030561,1,1,41,69,41,41,41,0,69,69,69,0,3599.36,65.4429,0.030561,0,0.030561,0.030561,0,0,0,0,0,0,0,0,0,0,0,-1,-1,50.3333,16.1658,1,0,0,benign
0.000124,2,2,328,326,164,164,164,0,163,163,163,0,5.27419e+06,32258.1,4.13333e-05,6.55312e-05,0.000117,3e-06,4e-06,4e-06,3e-06,3e-06,0,0,0,0,0,0,0,-1,-1,163.6,0.547723,1,0,0,benign
0.000192,2,2,94,350,47,47,47,0,175,175,175,0,2.3125e+06,20833.3,6.4e-05,7.13583e-05,0.000142,2e-06,4.8e-05,4.8e-05,2e-06,2e-06,0,0,0,0,0,0,0,-1,-1,98.2,70.1085,1,0,0,benign
0.060524,2,2,66,252,33,33,33,0,126,126,126,0,5254.11,66.0895,0.0201747,0.0349366,0.060516,4e-06,4e-06,4e-06,4e-06,4e-06,0,0,0,0,0,0,0,-1,-1,70.2,50.9382,1,0,0,benign
30.5033,9,11,1557,3855,1207,0,173,393.888,1588,0,350.455,601.662,177.423,0.655666,1.60544,3.69084,10,7.1e-05,20.7,2.58186,30.4,3.03523,0,0,0,0,1,0,0,8192,64,257.714,504.32,1,0.268302,9.89943,benign
0.00029,2,2,74,346,37,37,37,0,173,173,173,0,1.44828e+06,13793.1,9.66667e-05,0.0001657,0.000288,1e-06,1e-06,1e-06,1e-06,1e-06,0,0,0,0,0,0,0,-1,-1,91.4,74.4903,1,0,0,benign
0.032855,1,1,6,6,6,6,6,0,6,6,6,0,365.241,60.8735,0.032855,0,0.032855,0.032855,0,0,0,0,0,0,0,0,0,1,1,64240,31824,6,0,1,0,0,benign
4.9e-05,1,2,0,12,0,0,0,0,6,6,6,0,244898,61224.5,2.45e-05,3.3234e-05,4.8e-05,1e-06,0,0,4.8e-05,4.8e-05,0,0,0,0,0,1,0,972,0,3,3.4641,2,0,0,benign
0.048761,4,2,176,202,44,44,44,0,101,101,101,0,7752.1,123.049,0.0097522,0.0150402,0.034238,1e-06,0.034287,0.011429,4.8e-05,4.8e-05,0,0,0,0,0,0,0,-1,-1,60.2857,27.8132,0,0,0,benign
0.000195,2,2,86,164,43,43,43,0,82,82,82,0,1.28205e+06,20512.8,6.5e-05,0.000107387,0.000189,3e-06,3e-06,3e-06,3e-06,3e-06,0,0,0,0,0,0,0,-1,-1,58.6,21.3612,1,0,0,benign
0.030864,1,1,45,61,45,45,45,0,61,61,61,0,3434.42,64.8004,0.030864,0,0.030864,0.030864,0,0,0,0,0,0,0,0,0,0,0,-1,-1,50.3333,9.2376,1,0,0,benign
0.054229,2,2,70,254,35,35,35,0,127,127,127,0,5974.66,73.7613,0.0180763,0.0313039,0.054223,3e-06,3e-06,3e-06,3e-06,3e-06,0,0,0,0,0,0,0,-1,-1,71.8,50.3905,1,0,0,benign
5.8e-05,1,1,0,0,0,0,0,0,0,0,0,0,0,34482.8,5.8e-05,0,5.8e-05,5.8e-05,0,0,0,0,0,0,0,0,0,1,1,179,338,0,0,1,0,0,benign
0.04848,4,2,160,248,40,40,40,0,124,124,124,0,8415.84,123.762,0.009696,0.0149738,0.034073,3e-06,0.034125,0.011375,4e-06,4e-06,0,0,0,0,0,0,0,-1,-1,64,40.9878,0,0,0,benign
0.04884,2,2,74,234,37,37,37,0,117,117,117,0,6306.31,81.9001,0.01628,0.0281917,0.048833,3e-06,3e-06,3e-06,4e-06,4e-06,0,0,0,0,0,0,0,-1,-1,69,43.8178,1,0,0,benign
0.516556,2,2,68,244,34,34,34,0,122,122,122,0,604,7.74359,0.172185,0.298228,0.516549,3e-06,3e-06,3e-06,4e-06,4e-06,0,0,0,0,0,0,0,-1,-1,69.2,48.1996,1,0,0,benign
0.985794,10,11,552,4073,193,0,55.2,75.6333,1460,0,370.273,576.006,4691.65,21.3026,0.0492897,0.179857,0.811606,1e-06,0.961965,0.106885,0.962047,0.0962047,0,0,0,0,1,0,0,29200,290,210.227,432.909,1,0,0,benign
4.7e-05,2,0,0,0,0,0,0,0,0,0,0,0,0,42553.2,4.7e-05,0,4.7e-05,4.7e-05,4.7e-05,4.7e-05,0,0,0,0,0,0,0,1,0,4734,-1,0,0,0,0,0,benign
0.000295,2,2,94,452,47,47,47,0,226,226,226,0,1.85085e+06,13559.3,9.83333e-05,8.71799e-05,0.000199,4.8e-05,4.8e-05,4.8e-05,4.8e-05,4.8e-05,0,0,0,0,0,0,0,-1,-1,118.6,98.0423,1,0,0,benign
5.3e-05,2,1,0,0,0,0,0,0,0,0,0,0,0,56603.8,2.65e-05,3.3234e-05,5e-05,3e-06,3e-06,3e-06,0,0,0,0,0,0,0,1,1,54,323,0,0,0,0,0,benign
0.035882,2,2,68,180,34,34,34,0,90,90,90,0,6911.54,111.477,0.0119607,0.020713,0.035878,1e-06,1e-06,1e-06,3e-06,3e-06,0,0,0,0,0,0,0,-1,-1,56.4,30.6725,1,0,0,benign
0.000283,2,2,60,344,30,30,30,0,172,172,172,0,1.42756e+06,14134.3,9.43333e-05,0.000161658,0.000281,1e-06,1e-06,1e-06,1e-06,1e-06,0,0,0,0,0,0,0,-1,-1,86.8,77.7766,1,0,0,benign
0.00018,2,2,146,210,73,73,73,0,105,105,105,0,1.97778e+06,22222.2,6e-05,6.38514e-05,0.000129,3e-06,3e-06,3e-06,4.8e-05,4.8e-05,0,0,0,0,0,0,0,-1,-1,85.8,17.5271,1,0,0,benign
1.12463,4,4,136,456,37,31,34,3.4641,135,93,114,24.2487,526.397,7.11347,0.160661,0.411518,1.09353,3e-06,1.09371,0.36457,1.12445,0.374818,0,0,0,0,0,0,0,-1,-1,69.8889,44.4647,1,0,0,benign
0.024659,2,2,70,168,35,35,35,0,84,84,84,0,9651.65,162.213,0.00821967,0.0142326,0.024654,1e-06,1e-06,1e-06,4e-06,4e-06,0,0,0,0,0,0,0,-1,-1,54.6,26.8384,1,0,0,benign
0.047903,1,1,41,137,41,41,41,0,137,137,137,0,3715.84,41.751,0.047903,0,0.047903,0.047903,0,0,0,0,0,0,0,0,0,0,0,-1,-1,73,55.4256,1,0,0,benign
0.000292,2,0,12,0,6,6,6,0,0,0,0,0,41095.9,6849.32,0.000292,0,0.000292,0.000292,0.000292,0.000292,0,0,0,0,0,0,0,1,0,140,-1,6,0,0,0,0,benign
90.2094,21,16,2716,4546,793,0,129.333,272.01,1460,0,284.125,493.721,80.5016,0.410157,2.50582,4.16822,10,2.1e-05,90.2,4.51047,88.1,5.87377,0,0,0,0,1,0,0,8192,69,191.105,381.721,0,0.327569,9.46203,benign
0.121176,1,1,40,210,40,40,40,0,210,210,210,0,2063.11,16.5049,0.121176,0,0.121176,0.121176,0,0,0,0,0,0,0,0,0,0,0,-1,-1,96.6667,98.1495,1,0,0,benign
0.000557,2,0,12,0,6,6,6,0,0,0,0,0,21544,3590.66,0.000557,0,0.000557,0.000557,0.000557,0.000557,0,0,0,0,0,0,0,1,0,16060,-1,6,0,0,0,0,benign
61.0198,18,22,1276,16948,861,0,70.8889,204.259,3140,0,770.364,882.462,298.657,0.655525,1.56461,3.64387,9.99993,2e-06,61,3.5894,61,2.90329,0,0,0,0,1,0,0,8192,81,444.488,743.455,1,0.0853123,9.99818,benign
6.8e-05,1,1,0,0,0,0,0,0,0,0,0,0,0,29411.8,6.8e-05,0,6.8e-05,6.8e-05,0,0,0,0,0,0,0,0,0,1,1,3,229,0,0,1,0,0,benign
0.060722,2,2,110,238,55,55,55,0,119,119,119,0,5731.04,65.874,0.0202407,0.0350544,0.060718,1e-06,1e-06,1e-06,3e-06,3e-06,0,0,0,0,0,0,0,-1,-1,80.6,35.0542,1,0,0,benign
0.055553,2,2,66,122,33,33,33,0,61,61,61,0,3384.16,72.0033,0.0185177,0.0320683,0.055547,3e-06,3e-06,3e-06,3e-06,3e-06,0,0,0,0,0,0,0,-1,-1,44.2,15.3362,1,0,0,benign
0.047079,2,2,62,246,31,31,31,0,123,123,123,0,6542.2,84.9636,0.015693,0.027136,0.047027,3e-06,4.9e-05,4.9e-05,3e-06,3e-06,0,0,0,0,0,0,0,-1,-1,67.8,50.3905,1,0,0,benign
0.113787,1,1,0,0,0,0,0,0,0,0,0,0,0,17.5767,0.113787,0,0.113787,0.113787,0,0,0,0,0,0,0,0,0,1,1,320,248,0,0,1,0,0,benign
0.023607,2,2,68,138,34,34,34,0,69,69,69,0,8726.23,169.441,0.007869,0.0135845,0.023555,4e-06,4.8e-05,4.8e-05,4e-06,4e-06,0,0,0,0,0,0,0,-1,-1,48,19.1703,1,0,0,benign
0.1652,1,1,62,127,62,62,62,0,127,127,127,0,1144.07,12.1065,0.1652,0,0.1652,0.1652,0,0,0,0,0,0,0,0,0,0,0,-1,-1,83.6667,37.5278,1,0,0,benign
0.047922,2,2,64,96,32,32,32,0,48,48,48,0,3338.76,83.469,0.015974,0.0276626,0.047916,3e-06,3e-06,3e-06,3e-06,3e-06,0,0,0,0,0,0,0,-1,-1,38.4,8.76356,1,0,0,benign
0.047286,1,1,44,178,44,44,44,0,178,178,178,0,4694.84,42.2958,0.047286,0,0.047286,0.047286,0,0,0,0,0,0,0,0,0,0,0,-1,-1,88.6667,77.3649,1,0,0,benign
118.966,15,19,8296,654,4117,6,553.067,1443.71,309,0,34.4211,96.8007,75.2316,0.285796,3.60503,4.81028,10,3e-06,119,8.49507,119,6.60726,0,0,0,0,0,1,0,62929,51100,255.886,965.095,1,0.0445014,9.86641,benign
0.048859,2,2,80,192,40,40,40,0,96,96,96,0,5567.04,81.8682,0.0162863,0.0282044,0.048854,1e-06,1e-06,1e-06,4e-06,4e-06,0,0,0,0,0,0,0,-1,-1,62.4,30.6725,1,0,0,benign
0.004461,5,1,30,0,6,6,6,0,0,0,0,0,6724.95,1344.99,0.0008922,0.00196495,0.004407,0,0.004461,0.00111525,0,0,0,1,0,0,0,0,0,0,118,5.14286,2.26779,0,0,0,benign
0.000175,2,2,66,194,33,33,33,0,97,97,97,0,1.48571e+06,22857.1,5.83333e-05,5.95511e-05,0.000122,4e-06,4e-06,4e-06,4.9e-05,4.9e-05,0,0,0,0,0,0,0,-1,-1,58.6,35.0542,1,0,0,benign
0.04842,2,2,72,242,36,36,36,0,121,121,121,0,6484.92,82.6105,0.01614,0.0279129,0.048371,3e-06,3e-06,3e-06,4.6e-05,4.6e-05,0,0,0,0,0,0,0,-1,-1,70,46.5564,1,0,0,benign
0.000212,1,2,0,0,0,0,0,0,0,0,0,0,0,14150.9,0.000106,0.000148492,0.000211,1e-06,0,0,1e-06,1e-06,0,0,0,0,0,1,1,395,229,0,0,2,0,0,benign
0.147526,20,25,176,440,43,0,8.8,12.6807,52,0,17.6,16.1607,4175.54,305.031,0.00335286,0.0145652,0.087041,1e-06,0.147444,0.00776021,0.147425,0.00614271,0,0,0,0,1,0,0,29200,227,13.3913,15.1782,1,0,0,benign
0.025183,2,2,78,284,39,39,39,0,142,142,142,0,14374.8,158.837,0.00839433,0.0145359,0.025179,1e-06,1e-06,1e-06,3e-06,3e-06,0,0,0,0,0,0,0,-1,-1,80.2,56.4154,1,0,0,benign
116.028,52,67,1079,116090,445,0,20.75,67.474,4380,0,1732.69,1252.51,1009.84,1.02562,0.983285,2.93914,10,0,116,2.27505,111,1.67924,0,0,0,0,1,0,0,8192,980,976.408,1265.37,1,0.0804214,9.58855,benign
0.024105,2,2,68,250,34,34,34,0,125,125,125,0,13192.3,165.941,0.008035,0.0138729,0.024054,3e-06,4.8e-05,4.8e-05,3e-06,3e-06,0,0,0,0,0,0,0,-1,-1,70.4,49.8428,1,0,0,benign
0.023588,1,1,72,88,72,72,72,0,88,88,88,0,6783.11,84.7889,0.023588,0,0.023588,0.023588,0,0,0,0,0,0,0,0,0,0,0,-1,-1,77.3333,9.2376,1,0,0,benign
0.00036,2,2,86,182,43,43,43,0,91,91,91,0,744444,11111.1,0.00012,0.00020265,0.000354,3e-06,3e-06,3e-06,3e-06,3e-06,0,0,0,0,0,0,0,-1,-1,62.2,26.2907,1,0,0,benign
0.030851,2,2,84,282,42,42,42,0,141,141,141,0,11863.5,129.655,0.0102837,0.0178058,0.030844,3e-06,3e-06,3e-06,4e-06,4e-06,0,0,0,0,0,0,0,-1,-1,81.6,54.2245,1,0,0,benign
3.6e-05,1,1,0,0,0,0,0,0,0,0,0,0,0,55555.6,3.6e-05,0,3.6e-05,3.6e-05,0,0,0,0,0,0,0,0,0,1,0,139,33304,0,0,1,0,0,benign
0.046887,2,2,60,264,30,30,30,0,132,132,132,0,6910.23,85.3115,0.015629,0.0270217,0.046831,3e-06,5.3e-05,5.3e-05,3e-06,3e-06,0,0,0,0,0,0,0,-1,-1,70.8,55.8677,1,0,0,benign
0.031539,2,2,74,154,37,37,37,0,77,77,77,0,7229.14,126.827,0.010513,0.0181666,0.03149,1e-06,4.8e-05,4.8e-05,1e-06,1e-06,0,0,0,0,0,0,0,-1,-1,53,21.9089,1,0,0,benign
0.144692,1,1,0,0,0,0,0,0,0,0,0,0,0,13.8225,0.144692,0,0.144692,0.144692,0,0,0,0,0,0,0,0,0,1,1,803,243,0,0,1,0,0,benign
4.8e-05,2,1,31,6,31,0,15.5,21.9203,6,6,6,0,770833,62500,2.4e-05,2.12132e-05,3.9e-05,9e-06,4.8e-05,4.8e-05,0,0,1,0,1,0,0,1,0,1120,0,17,16.3503,0,0,0,benign
0.077979,4,2,184,540,46,46,46,0,270,270,270,0,9284.55,76.9438,0.0155958,0.0261145,0.060249,1e-06,0.017727,0.005909,3e-06,3e-06,0,0,0,0,0,0,0,-1,-1,110,109.301,0,0,0,benign
0.030841,2,2,142,306,71,71,71,0,153,153,153,0,14526.1,129.697,0.0102803,0.0178009,0.030835,3e-06,3e-06,3e-06,3e-06,3e-06,0,0,0,0,0,0,0,-1,-1,103.8,44.9132,1,0,0,benign
0.000182,2,2,66,200,33,33,33,0,100,100,100,0,1.46154e+06,21978,6.06667e-05,9.90168e-05,0.000175,3e-06,3e-06,3e-06,4e-06,4e-06,0,0,0,0,0,0,0,-1,-1,59.8,36.6974,1,0,0,benign
0.031445,2,2,60,414,30,30,30,0,207,207,207,0,15073.9,127.206,0.0104817,0.0181496,0.031439,2e-06,4e-06,4e-06,2e-06,2e-06,0,0,0,0,0,0,0,-1,-1,100.8,96.9469,1,0,0,benign
0.000209,2,2,94,350,47,47,47,0,175,175,175,0,2.1244e+06,19138.8,6.96667e-05,7.97392e-05,0.000158,3e-06,4.8e-05,4.8e-05,3e-06,3e-06,0,0,0,0,0,0,0,-1,-1,98.2,70.1085,1,0,0,benign
0.051255,2,2,82,254,41,41,41,0,127,127,127,0,6555.46,78.0412,0.017085,0.029586,0.051248,3e-06,3e-06,3e-06,4e-06,4e-06,0,0,0,0,0,0,0,-1,-1,75.4,47.1041,1,0,0,benign
0.060176,2,2,68,330,34,34,34,0,165,165,165,0,6613.93,66.4717,0.0200587,0.0347383,0.060171,1e-06,1e-06,1e-06,4e-06,4e-06,0,0,0,0,0,0,0,-1,-1,86.4,71.7517,1,0,0,benign
5.3e-05,1,1,6,6,6,6,6,0,6,6,6,0,226415,37735.8,5.3e-05,0,5.3e-05,5.3e-05,0,0,0,0,0,0,0,0,0,1,1,981,256,6,0,1,0,0,benign
0.066845,1,1,57,281,57,57,57,0,281,281,281,0,5056.47,29.92,0.066845,0,0.066845,0.066845,0,0,0,0,0,0,0,0,0,0,0,-1,-1,131.667,129.326,1,0,0,benign
0.000304,2,2,64,340,32,32,32,0,170,170,170,0,1.32895e+06,13157.9,0.000101333,0.000172053,0.0003,1e-06,1e-06,1e-06,3e-06,3e-06,0,0,0,0,0,0,0,-1,-1,87.2,75.5857,1,0,0,benign
0.000301,2,2,88,188,44,44,44,0,94,94,94,0,916944,13289,0.000100333,8.97794e-05,0.000204,4.8e-05,4.8e-05,4.8e-05,4.9e-05,4.9e-05,0,0,0,0,0,0,0,-1,-1,64,27.3861,1,0,0,benign
118.095,26,34,941,35217,211,0,36.1923,60.8283,2860,0,1035.79,695.004,306.176,0.508063,2.00162,10.7,58.9,2e-06,118,4.72382,118,3.57581,0,0,0,0,1,0,0,8192,360,592.754,720.085,1,0.229681,58.8,benign
0.031075,2,2,70,198,35,35,35,0,99,99,99,0,8624.3,128.721,0.0103583,0.0178961,0.031023,3e-06,4.9e-05,4.9e-05,3e-06,3e-06,0,0,0,0,0,0,0,-1,-1,60.6,35.0542,1,0,0,benign
0.060869,2,2,64,140,32,32,32,0,70,70,70,0,3351.46,65.7149,0.0202897,0.0351367,0.060862,3e-06,4e-06,4e-06,3e-06,3e-06,0,0,0,0,0,0,0,-1,-1,47.2,20.8135,1,0,0,benign
0.024527,2,2,60,264,30,30,30,0,132,132,132,0,13209.9,163.086,0.00817567,0.0141572,0.024523,1e-06,3e-06,3e-06,1e-06,1e-06,0,0,0,0,0,0,0,-1,-1,70.8,55.8677,1,0,0,benign
0.107684,2,2,70,482,35,35,35,0,241,241,241,0,5126.11,37.1457,0.0358947,0.0621671,0.107679,1e-06,1e-06,1e-06,4e-06,4e-06,0,0,0,0,0,0,0,-1,-1,117.4,112.831,1,0,0,benign
0.03043,1,1,41,105,41,41,41,0,105,105,105,0,4797.9,65.7246,0.03043,0,0.03043,0.03043,0,0,0,0,0,0,0,0,0,0,0,-1,-1,62.3333,36.9504,1,0,0,benign
0.000238,2,2,66,190,33,33,33,0,95,95,95,0,1.07563e+06,16806.7,7.93333e-05,9.71202e-05,0.000188,1e-06,1e-06,1e-06,4.9e-05,4.9e-05,0,0,0,0,0,0,0,-1,-1,57.8,33.9588,1,0,0,benign
3.5069,1,1,46,68,46,46,46,0,68,68,68,0,32.5073,0.570304,3.5069,0,3.5069,3.5069,0,0,0,0,0,0,0,0,0,0,0,-1,-1,53.3333,12.7017,1,0,0,benign
0.000131,3,1,18,6,6,6,6,0,6,6,6,0,183206,30534.4,4.36667e-05,7.21757e-05,0.000127,1e-06,4e-06,2e-06,0,0,0,1,0,0,0,0,0,0,0,6,0,0,0,0,benign
0.000326,2,2,86,194,43,43,43,0,97,97,97,0,858896,12269.9,0.000108667,0.000105945,0.000231,4.7e-05,4.7e-05,4.7e-05,4.8e-05,4.8e-05,0,0,0,0,0,0,0,-1,-1,64.6,29.577,1,0,0,benign
0.031841,2,2,78,180,39,39,39,0,90,90,90,0,8102.76,125.624,0.0106137,0.0183782,0.031835,3e-06,3e-06,3e-06,3e-06,3e-06,0,0,0,0,0,0,0,-1,-1,59.4,27.9339,1,0,0,benign
0.000217,2,2,80,452,40,40,40,0,226,226,226,0,2.45161e+06,18433.2,7.23333e-05,0.000118357,0.000209,4e-06,4e-06,4e-06,4e-06,4e-06,0,0,0,0,0,0,0,-1,-1,114.4,101.876,1,0,0,benign
0.000453,3,1,0,0,0,0,0,0,0,0,0,0,0,8830.02,0.000151,0.000198827,0.000377,3e-06,0.000453,0.0002265,0,0,0,1,0,0,0,0,0,0,1120,0,0,0,0,0,benign
0.051298,2,2,94,206,47,47,47,0,103,103,103,0,5848.18,77.9757,0.0170993,0.0295762,0.051251,1e-06,4.6e-05,4.6e-05,1e-06,1e-06,0,0,0,0,0,0,0,-1,-1,69.4,30.6725,1,0,0,benign
0.030859,2,2,78,142,39,39,39,0,71,71,71,0,7129.2,129.622,0.0102863,0.017813,0.030855,1e-06,3e-06,3e-06,1e-06,1e-06,0,0,0,0,0,0,0,-1,-1,51.8,17.5271,1,0,0,benign
0.030725,2,2,68,138,34,34,34,0,69,69,69,0,6704.64,130.187,0.0102417,0.017733,0.030718,3e-06,3e-06,3e-06,4e-06,4e-06,0,0,0,0,0,0,0,-1,-1,48,19.1703,1,0,0,benign
0.000206,2,2,76,172,38,38,38,0,86,86,86,0,1.20388e+06,19417.5,6.86667e-05,7.73972e-05,0.000154,3e-06,3e-06,3e-06,4.9e-05,4.9e-05,0,0,0,0,0,0,0,-1,-1,57.2,26.2907,1,0,0,benign
0.048643,2,2,88,120,44,44,44,0,60,60,60,0,4276.05,82.2318,0.0162143,0.028039,0.048591,3e-06,4.9e-05,4.9e-05,3e-06,3e-06,0,0,0,0,0,0,0,-1,-1,50.4,8.76356,1,0,0,benign
45.6508,21,36,1065,54360,357,0,50.7143,109.059,3864,0,1510,895.789,1214.11,1.24861,0.815192,5.73969,43,1e-06,45.7,2.28254,2.56829,0.0733797,0,0,0,0,1,0,0,65535,252,955.603,1004.35,1,2.68458,43,benign
0.085005,1,1,0,0,0,0,0,0,0,0,0,0,0,23.528,0.085005,0,0.085005,0.085005,0,0,0,0,0,0,0,0,0,1,1,320,125,0,0,1,0,0,benign
0.000183,2,2,86,118,43,43,43,0,59,59,59,0,1.11475e+06,21857.9,6.1e-05,2.16564e-05,8.6e-05,4.8e-05,4.9e-05,4.9e-05,4.8e-05,4.8e-05,0,0,0,0,0,0,0,-1,-1,49.4,8.76356,1,0,0,benign
5.41889,10,7,350,4810,193,0,35,68.1795,1448,0,687.143,659.495,952.225,3.13717,0.338681,1.31664,5.27578,3e-06,5.41889,0.602099,0.06781,0.0113017,0,0,0,0,1,0,0,29200,939,286.667,513.903,0,0.143103,5.27578,benign
0.023887,1,1,49,81,49,49,49,0,81,81,81,0,5442.29,83.7276,0.023887,0,0.023887,0.023887,0,0,0,0,0,0,0,0,0,0,0,-1,-1,59.6667,18.4752,1,0,0,benign
0.000115,1,1,6,6,6,6,6,0,6,6,6,0,104348,17391.3,0.000115,0,0.000115,0.000115,0,0,0,0,0,0,0,0,0,1,1,120,256,6,0,1,0,0,benign
0.050655,1,1,54,70,54,54,54,0,70,70,70,0,2447.93,39.4828,0.050655,0,0.050655,0.050655,0,0,0,0,0,0,0,0,0,0,0,-1,-1,59.3333,9.2376,1,0,0,benign
0.000239,2,2,76,198,38,38,38,0,99,99,99,0,1.14644e+06,16736.4,7.96667e-05,9.76797e-05,0.000189,1e-06,1e-06,1e-06,4.9e-05,4.9e-05,0,0,0,0,0,0,0,-1,-1,62.4,33.4111,1,0,0,benign
0.046848,1,1,56,188,56,56,56,0,188,188,188,0,5208.33,42.6913,0.046848,0,0.046848,0.046848,0,0,0,0,0,0,0,0,0,0,0,-1,-1,100,76.2102,1,0,0,benign
0.000184,2,2,102,224,51,51,51,0,112,112,112,0,1.77174e+06,21739.1,6.13333e-05,6.53784e-05,0.000132,3e-06,3e-06,3e-06,4.9e-05,4.9e-05,0,0,0,0,0,0,0,-1,-1,75.4,33.4111,1,0,0,benign
1e-05,1,1,0,0,0,0,0,0,0,0,0,0,0,200000,1e-05,0,1e-05,1e-05,0,0,0,0,0,0,0,0,0,1,0,32832,383,0,0,1,0,0,benign
0.071542,2,1,0,0,0,0,0,0,0,0,0,0,0,41.9334,0.035771,0.0504832,0.071468,7.4e-05,0.071542,0.071542,0,0,0,0,0,0,0,1,0,5273,65535,0,0,0,0,0,benign
75.2066,17,15,888,6004,357,0,52.2353,120.869,1400,0,400.267,597.096,91.6409,0.425494,2.42602,4.24441,10,1e-06,70.5,4.40583,75.2,5.36957,0,0,0,0,1,0,0,29200,28960,208.848,441.421,0,0.0635349,10,benign
0.033591,2,2,68,194,34,34,34,0,97,97,97,0,7799.71,119.08,0.011197,0.0193514,0.033542,1e-06,1e-06,1e-06,4.8e-05,4.8e-05,0,0,0,0,0,0,0,-1,-1,59.2,34.5065,1,0,0,benign
0.047993,2,2,70,232,35,35,35,0,116,116,116,0,6292.58,83.3455,0.0159977,0.0277053,0.047989,1e-06,1e-06,1e-06,3e-06,3e-06,0,0,0,0,0,0,0,-1,-1,67.4,44.3655,1,0,0,benign
0.13144,2,2,72,244,36,36,36,0,122,122,122,0,2404.14,30.4321,0.0438133,0.075841,0.131387,4e-06,4.9e-05,4.9e-05,4e-06,4e-06,0,0,0,0,0,0,0,-1,-1,70.4,47.1041,1,0,0,benign
9.33617,12,14,781,9096,341,0,65.0833,117.775,1493,0,649.714,721.727,1057.93,2.78487,0.373447,1.82024,9.11022,1e-06,0.225946,0.0205405,9.30657,0.71589,0,0,0,0,1,0,0,65535,5161,365.815,597.161,1,0.225946,9.11022,benign
0.007914,3,1,31,6,31,0,10.3333,17.8979,6,6,6,0,4675.26,505.433,0.002638,0.00451469,0.007851,2e-06,0.007853,0.0039265,0,0,0,0,0,0,0,1,0,1006,0,7.4,13.4462,0,0,0,benign
0.000458,2,2,348,358,174,174,174,0,179,179,179,0,1.54148e+06,8733.62,0.000152667,0.000220493,0.000406,4e-06,4.8e-05,4.8e-05,4e-06,4e-06,0,0,0,0,0,0,0,-1,-1,176,2.73861,1,0,0,benign
0.00026,2,2,74,494,37,37,37,0,247,247,247,0,2.18462e+06,15384.6,8.66667e-05,0.00014405,0.000253,3e-06,3e-06,3e-06,4e-06,4e-06,0,0,0,0,0,0,0,-1,-1,121,115.022,1,0,0,benign
0.031004,1,1,45,397,45,45,45,0,397,397,397,0,14256.2,64.5078,0.031004,0,0.031004,0.031004,0,0,0,0,0,0,0,0,0,0,0,-1,-1,162.333,203.227,1,0,0,benign
0.035938,1,1,0,0,0,0,0,0,0,0,0,0,0,55.6514,0.035938,0,0.035938,0.035938,0,0,0,0,0,0,0,0,0,1,0,32832,351,0,0,1,0,0,benign
2.99959,3,0,150,0,50,50,50,0,0,0,0,0,50.0069,1.00014,1.49979,0.000393858,1.50007,1.49951,2.99959,1.49979,0,0,0,0,0,0,0,0,0,-1,-1,50,0,0,0,0,benign
5.9948,8,6,380,3046,205,0,47.5,76.4573,1478,0,507.667,744.979,571.495,2.33536,0.461139,1.56753,5.67634,4e-06,5.9948,0.856401,0.267602,0.0535204,0,0,0,0,1,0,0,8192,75,228.4,506.937,0,0.318457,5.67634,benign
0.090447,1,1,40,128,40,40,40,0,128,128,128,0,1857.44,22.1124,0.090447,0,0.090447,0.090447,0,0,0,0,0,0,0,0,0,0,0,-1,-1,69.3333,50.8068,1,0,0,benign
0.063431,2,2,72,170,36,36,36,0,85,85,85,0,3815.17,63.0606,0.0211437,0.0366184,0.063427,1e-06,1e-06,1e-06,3e-06,3e-06,0,0,0,0,0,0,0,-1,-1,55.6,26.8384,1,0,0,benign
69.4514,13,15,915,4834,342,0,70.3846,135.378,1460,0,322.267,591.545,82.7773,0.403159,2.57227,4.40828,10,1.4e-05,60.2,5.01849,69.4,4.95917,0,0,0,0,1,0,0,8192,5289,198.241,447.271,1,0.0411677,9.88046,benign
0.022841,1,1,6,6,6,6,6,0,6,6,6,0,525.371,87.5618,0.022841,0,0.022841,0.022841,0,0,0,0,0,1,0,0,0,1,0,0,0,6,0,1,0,0,benign
0.000188,2,2,102,224,51,51,51,0,112,112,112,0,1.73404e+06,21276.6,6.26667e-05,0.000103346,0.000182,3e-06,3e-06,3e-06,3e-06,3e-06,0,0,0,0,0,0,0,-1,-1,75.4,33.4111,1,0,0,benign
117.709,30,26,1854,5024,381,0,61.8,91.9117,1418,0,193.231,395.232,58.432,0.475748,2.14017,11,58.6,1e-06,118,4.05895,118,4.7069,0,0,0,0,1,0,0,29200,390,120.667,280.485,0,0.527367,58.3,benign
0.000946,2,2,82,202,41,41,41,0,101,101,101,0,300211,4228.33,0.000315333,0.000540111,0.000939,3e-06,3e-06,3e-06,4e-06,4e-06,0,0,0,0,0,0,0,-1,-1,65,32.8634,1,0,0,benign
66.0853,14,18,892,7861,517,0,63.7143,146.381,1460,0,436.722,641.347,132.45,0.484222,2.13178,4.03145,10,3.2e-05,60.4,4.64667,66.1,3.88604,0,0,0,0,1,0,0,8192,0,265.242,513.546,1,0.0873006,9.35346,benign
10.6492,1,5,6,30,6,6,6,0,6,6,6,0,3.38053,0.563422,2.12984,4.74429,10.6,3e-06,0,0,10.6,2.65742,0,0,0,0,0,1,1,229,0,6,0,5,0.032532,10.6,benign
3e-06,2,0,0,0,0,0,0,0,0,0,0,0,0,666667,3e-06,0,3e-06,3e-06,3e-06,3e-06,0,0,0,0,0,0,0,1,0,6813,-1,0,0,0,0,0,benign
0.050521,2,2,94,206,47,47,47,0,103,103,103,0,5938.12,79.175,0.0168403,0.0291242,0.05047,3e-06,3e-06,3e-06,4.8e-05,4.8e-05,0,0,0,0,0,0,0,-1,-1,69.4,30.6725,1,0,0,benign
0.033174,1,1,6,6,6,6,6,0,6,6,6,0,361.729,60.2882,0.033174,0,0.033174,0.033174,0,0,0,0,0,0,0,0,0,1,1,237,133,6,0,1,0,0,benign
0.023033,3,1,37,0,31,0,12.3333,16.4418,0,0,0,0,1606.39,173.664,0.00767767,0.0132366,0.022962,2.3e-05,0.023033,0.0115165,0,0,1,0,1,0,0,1,0,794,296,13.6,16.0717,0,0,0,benign
0.000256,2,2,134,390,67,67,67,0,195,195,195,0,2.04688e+06,15625,8.53333e-05,0.000105097,0.000204,4e-06,4e-06,4e-06,4.8e-05,4.8e-05,0,0,0,0,0,0,0,-1,-1,118.2,70.1085,1,0,0,benign
8.2e-05,1,1,0,0,0,0,0,0,0,0,0,0,0,24390.2,8.2e-05,0,8.2e-05,8.2e-05,0,0,0,0,0,0,0,0,0,1,1,65,307,0,0,1,0,0,benign
4.9e-05,1,1,6,6,6,6,6,0,6,6,6,0,244898,40816.3,4.9e-05,0,4.9e-05,4.9e-05,0,0,0,0,0,0,0,0,0,1,1,11256,64165,6,0,1,0,0,benign
3.5587,2,2,145,339,81,64,72.5,12.0208,209,130,169.5,55.8614,136.005,1.12401,1.18623,2.03391,3.53475,0.000472,3.53522,3.53522,3.55823,3.55823,0,0,0,0,0,0,0,-1,-1,109.6,61.7924,1,0,0,benign
0.059591,3,1,31,0,31,0,10.3333,17.8979,0,0,0,0,520.213,67.1242,0.0198637,0.0178447,0.034548,3e-06,0.025043,0.0125215,0,0,0,0,0,0,0,1,0,258,0,6.2,13.8636,0,0,0,benign
0.009631,2,0,0,0,0,0,0,0,0,0,0,0,0,207.663,0.009631,0,0.009631,0.009631,0.009631,0.009631,0,0,0,0,0,0,0,1,0,30558,-1,0,0,0,0,0,benign
0.000197,2,2,70,134,35,35,35,0,67,67,67,0,1.03553e+06,20304.6,6.56667e-05,7.28171e-05,0.000146,4e-06,4e-06,4e-06,4.7e-05,4.7e-05,0,0,0,0,0,0,0,-1,-1,47.8,17.5271,1,0,0,benign
6.8e-05,2,0,12,0,6,6,6,0,0,0,0,0,176471,29411.8,6.8e-05,0,6.8e-05,6.8e-05,6.8e-05,6.8e-05,0,0,0,0,0,0,0,1,0,253,-1,6,0,0,0,0,benign
0.000145,2,2,46,46,23,23,23,0,23,23,23,0,634483,27586.2,4.83333e-05,8.19837e-05,0.000143,1e-06,1e-06,1e-06,1e-06,1e-06,0,0,0,0,0,0,0,-1,-1,23,0,1,0,0,benign
0.021131,2,0,12,0,6,6,6,0,0,0,0,0,567.886,94.6477,0.021131,0,0.021131,0.021131,0.021131,0.021131,0,0,0,0,0,0,0,1,0,64240,-1,6,0,0,0,0,benign
115.643,16,14,524,801,440,0,32.75,108.61,795,0,57.2143,212.355,11.4577,0.25942,3.98768,4.87515,10,0.000138,116,7.70952,110,8.48505,0,0,0,0,1,0,0,8192,946,42.7419,160.159,0,0.0356574,9.99212,benign
117.851,18,16,1585,1962,794,0,88.0556,240.442,1000,0,122.625,332.865,30.0972,0.288499,3.57126,4.7109,10,6.1e-05,118,6.93244,112,7.49039,0,0,0,0,1,0,0,8192,1006,101.343,279.994,0,0.218649,9.99551,benign
0.031145,2,2,120,284,60,60,60,0,142,142,142,0,12971.6,128.432,0.0103817,0.0179764,0.031139,3e-06,3e-06,3e-06,3e-06,3e-06,0,0,0,0,0,0,0,-1,-1,92.8,44.9132,1,0,0,benign
0.00018,2,2,142,242,71,71,71,0,121,121,121,0,2.13333e+06,22222.2,6e-05,9.78621e-05,0.000173,3e-06,4e-06,4e-06,3e-06,3e-06,0,0,0,0,0,0,0,-1,-1,91,27.3861,1,0,0,benign
0.05017,2,2,84,204,42,42,42,0,102,102,102,0,5740.48,79.7289,0.0167233,0.0289613,0.050165,1e-06,4e-06,4e-06,1e-06,1e-06,0,0,0,0,0,0,0,-1,-1,66,32.8634,1,0,0,benign
0.270748,1,1,49,144,49,49,49,0,144,144,144,0,712.84,7.38694,0.270748,0,0.270748,0.270748,0,0,0,0,0,0,0,0,0,0,0,-1,-1,80.6667,54.8483,1,0,0,benign
5.12875,3,1,0,0,0,0,0,0,0,0,0,0,0,0.779917,1.70958,2.94793,5.11354,4.9e-05,5.12875,2.56438,0,0,0,0,0,0,1,0,0,29200,28960,0,0,0,0,0,benign
9.1e-05,1,1,0,0,0,0,0,0,0,0,0,0,0,21978,9.1e-05,0,9.1e-05,9.1e-05,0,0,0,0,0,0,0,0,0,1,1,2048,252,0,0,1,0,0,benign
0.000176,2,2,116,212,58,58,58,0,106,106,106,0,1.86364e+06,22727.3,5.86667e-05,6.16955e-05,0.000125,3e-06,3e-06,3e-06,4.8e-05,4.8e-05,0,0,0,0,0,0,0,-1,-1,77.2,26.2907,1,0,0,benign
0.095037,2,2,62,222,31,31,31,0,111,111,111,0,2988.31,42.0889,0.031679,0.0548281,0.094989,1e-06,1e-06,1e-06,4.7e-05,4.7e-05,0,0,0,0,0,0,0,-1,-1,63,43.8178,1,0,0,benign
5.38668,10,6,351,6358,194,0,35.1,68.4372,4096,0,1059.67,1582.55,1245.48,2.97029,0.359112,1.34879,5.23444,2.5e-05,5.38668,0.598521,0.087994,0.0175988,0,0,0,0,1,0,0,29200,939,394.647,1020.61,0,0.152196,5.23444,benign
0.000223,2,2,70,456,35,35,35,0,228,228,228,0,2.35874e+06,17937.2,7.43333e-05,0.000123553,0.000217,3e-06,3e-06,3e-06,3e-06,3e-06,0,0,0,0,0,0,0,-1,-1,112.2,105.71,1,0,0,benign
0.030777,2,2,58,154,29,29,29,0,77,77,77,0,6888.26,129.967,0.010259,0.0177241,0.030725,4e-06,4e-06,4e-06,4.8e-05,4.8e-05,0,0,0,0,0,0,0,-1,-1,48.2,26.2907,1,0,0,benign
3.51533,6,6,216,582,36,36,36,0,97,97,97,0,227.005,3.41362,0.319576,0.563222,1.56789,2e-06,1.03812,0.207625,0.909325,0.181865,0,0,0,0,0,0,0,-1,-1,64.1538,31.6513,1,0,0,benign
2.2e-05,1,1,0,0,0,0,0,0,0,0,0,0,0,90909.1,2.2e-05,0,2.2e-05,2.2e-05,0,0,0,0,0,0,0,0,0,1,1,387,601,0,0,1,0,0,benign
0.02308,2,2,62,254,31,31,31,0,127,127,127,0,13691.5,173.31,0.00769333,0.0132802,0.023028,3e-06,4.9e-05,4.9e-05,3e-06,3e-06,0,0,0,0,0,0,0,-1,-1,69.4,52.5814,1,0,0,benign
0.06205,2,2,90,374,45,45,45,0,187,187,187,0,7477.84,64.4641,0.0206833,0.0358211,0.062046,1e-06,1e-06,1e-06,3e-06,3e-06,0,0,0,0,0,0,0,-1,-1,101.8,77.7766,1,0,0,benign
15.9729,6,4,441,199,441,0,73.5,180.037,199,0,49.75,99.5,40.0679,0.626062,1.77476,3.64126,9.99909,1e-06,16,3.19457,10.1,3.35701,0,0,0,0,1,0,0,29200,16384,58.1818,140.302,0,0.073152,9.99909,benign
0.096213,4,2,136,182,34,34,34,0,91,91,91,0,3305.17,62.3616,0.0192426,0.0290535,0.065428,4e-06,0.030781,0.0102603,4e-06,4e-06,0,0,0,0,0,0,0,-1,-1,50.2857,27.8132,0,0,0,benign
0.727485,1,1,54,155,54,54,54,0,155,155,155,0,287.291,2.7492,0.727485,0,0.727485,0.727485,0,0,0,0,0,0,0,0,0,0,0,-1,-1,87.6667,58.3124,1,0,0,benign
0.000157,2,2,62,158,31,31,31,0,79,79,79,0,1.40127e+06,25477.7,5.23333e-05,8.45833e-05,0.00015,3e-06,4e-06,4e-06,3e-06,3e-06,0,0,0,0,0,0,0,-1,-1,50.2,26.2907,1,0,0,benign
0.000365,2,2,70,146,35,35,35,0,73,73,73,0,591781,10958.9,0.000121667,0.000168078,0.000314,3e-06,3e-06,3e-06,4.8e-05,4.8e-05,0,0,0,0,0,0,0,-1,-1,50.2,20.8135,1,0,0,benign
0.023835,2,2,62,230,31,31,31,0,115,115,115,0,12250.9,167.82,0.007945,0.0137551,0.023828,3e-06,4e-06,4e-06,3e-06,3e-06,0,0,0,0,0,0,0,-1,-1,64.6,46.0087,1,0,0,benign
3.5e-05,1,1,6,6,6,6,6,0,6,6,6,0,342857,57142.9,3.5e-05,0,3.5e-05,3.5e-05,0,0,0,0,0,0,0,0,0,1,1,30,256,6,0,1,0,0,benign
0.062214,2,2,68,228,34,34,34,0,114,114,114,0,4757.77,64.2942,0.020738,0.0359175,0.062212,1e-06,1e-06,1e-06,1e-06,1e-06,0,0,0,0,0,0,0,-1,-1,66,43.8178,1,0,0,benign
0.260811,2,0,12,0,6,6,6,0,0,0,0,0,46.0103,7.66839,0.260811,0,0.260811,0.260811,0.260811,0.260811,0,0,0,0,0,0,0,1,0,253,-1,6,0,0,0,0,benign
0.18851,3,2,90,12,78,6,30,41.5692,6,6,6,0,541.085,26.5238,0.0471275,0.0703357,0.148856,3.1e-05,0.18851,0.094255,0.148891,0.148891,1,0,1,0,0,1,0,33,0,30,37.1806,0,0,0,benign
0.048126,2,2,58,232,29,29,29,0,116,116,116,0,6025.85,83.1152,0.016042,0.027783,0.048123,0,0,0,3e-06,3e-06,0,0,0,0,0,0,0,-1,-1,63.8,47.6519,1,0,0,benign
0.000162,2,2,146,242,73,73,73,0,121,121,121,0,2.39506e+06,24691.4,5.4e-05,8.747e-05,0.000155,3e-06,4e-06,4e-06,3e-06,3e-06,0,0,0,0,0,0,0,-1,-1,92.2,26.2907,1,0,0,benign
0.047242,2,2,76,376,38,38,38,0,188,188,188,0,9567.76,84.6704,0.0157473,0.027231,0.047191,4e-06,4.7e-05,4.7e-05,4e-06,4e-06,0,0,0,0,0,0,0,-1,-1,98,82.1584,1,0,0,benign
0.063557,2,2,68,196,34,34,34,0,98,98,98,0,4153.75,62.9356,0.0211857,0.0366895,0.063551,3e-06,3e-06,3e-06,3e-06,3e-06,0,0,0,0,0,0,0,-1,-1,59.6,35.0542,1,0,0,benign
0.050593,1,1,0,0,0,0,0,0,0,0,0,0,0,39.5312,0.050593,0,0.050593,0.050593,0,0,0,0,0,0,0,0,0,1,1,238,119,0,0,1,0,0,benign
0.000245,2,2,66,500,33,33,33,0,250,250,250,0,2.3102e+06,16326.5,8.16667e-05,0.000136255,0.000239,3e-06,3e-06,3e-06,3e-06,3e-06,0,0,0,0,0,0,0,-1,-1,119.8,118.856,1,0,0,benign
0.031698,2,2,82,244,41,41,41,0,122,122,122,0,10284.6,126.191,0.010566,0.0182576,0.031648,1e-06,1e-06,1e-06,4.9e-05,4.9e-05,0,0,0,0,0,0,0,-1,-1,73.4,44.3655,1,0,0,benign
4.08481,5,1,123,46,46,0,24.6,23.2766,46,46,46,0,41.3728,1.46886,0.816962,1.79443,4.02669,3e-06,4.08481,1.0212,0,0,1,0,1,0,0,1,0,364,357,30.7143,21.685,0,0,0,benign
0.000225,3,1,0,0,0,0,0,0,0,0,0,0,0,17777.8,7.5e-05,8.72296e-05,0.000172,3e-06,0.000225,0.0001125,0,0,0,1,0,0,0,0,0,0,939,0,0,0,0,0,benign
0.367485,7,6,734,482,517,0,104.857,189.102,293,2,80.3333,116.29,3308.98,35.3756,0.0306237,0.0544481,0.121098,4e-06,0.244447,0.0407412,0.246387,0.0492774,0,0,0,0,1,0,0,65535,31088,86.8571,149.934,0,0,0,benign
7.5e-05,1,1,0,0,0,0,0,0,0,0,0,0,0,26666.7,7.5e-05,0,7.5e-05,7.5e-05,0,0,0,0,0,0,0,0,0,1,1,231,259,0,0,1,0,0,benign
0.000278,2,2,60,344,30,30,30,0,172,172,172,0,1.45324e+06,14388.5,9.26667e-05,7.47819e-05,0.000179,4.8e-05,5.1e-05,5.1e-05,4.8e-05,4.8e-05,0,0,0,0,0,0,0,-1,-1,86.8,77.7766,1,0,0,benign
5.4e-05,1,1,6,6,6,6,6,0,6,6,6,0,222222,37037,5.4e-05,0,5.4e-05,5.4e-05,0,0,0,0,0,0,0,0,0,1,1,211,256,6,0,1,0,0,benign
0.061666,2,2,80,336,40,40,40,0,168,168,168,0,6746.02,64.8656,0.0205553,0.0355977,0.06166,3e-06,3e-06,3e-06,3e-06,3e-06,0,0,0,0,0,0,0,-1,-1,91.2,70.1085,1,0,0,benign
0.031188,2,2,80,290,40,40,40,0,145,145,145,0,11863.5,128.254,0.010396,0.0180029,0.031184,1e-06,3e-06,3e-06,1e-06,1e-06,0,0,0,0,0,0,0,-1,-1,82,57.5109,1,0,0,benign
8.2e-05,1,1,0,0,0,0,0,0,0,0,0,0,0,24390.2,8.2e-05,0,8.2e-05,8.2e-05,0,0,0,0,0,0,0,0,0,1,1,127,256,0,0,1,0,0,benign
0.030915,2,2,84,204,42,42,42,0,102,102,102,0,9315.87,129.387,0.010305,0.0178046,0.030864,3e-06,4.8e-05,4.8e-05,3e-06,3e-06,0,0,0,0,0,0,0,-1,-1,66,32.8634,1,0,0,benign
0.108237,3,4,385,2821,379,0,128.333,217.104,1460,0,705.25,812.024,29620.2,64.6729,0.0180395,0.0278498,0.056026,2e-06,0.052,0.026,0.056356,0.0187853,0,0,0,0,1,0,0,8192,123,400.75,635.445,1,0,0,benign
5.6071,3,1,12,0,6,0,4,3.4641,0,0,0,0,2.14014,0.713381,1.86903,3.20535,5.57019,2.5e-05,5.6071,2.80355,0,0,0,0,0,0,1,0,0,8192,42780,2.4,3.28634,0,0,0,benign
0.019949,2,0,0,0,0,0,0,0,0,0,0,0,0,100.256,0.019949,0,0.019949,0.019949,0.019949,0.019949,0,0,0,0,0,0,0,1,0,264,-1,0,0,0,0,0,benign
1.06998,8,8,703,3950,267,0,87.875,105.902,3401,0,493.75,1185.3,4348.68,14.9536,0.071332,0.122587,0.479705,3e-06,0.974389,0.139198,0.974719,0.139246,0,0,0,0,1,0,0,29200,252,273.706,815.919,1,0,0,benign
5.6e-05,1,1,0,0,0,0,0,0,0,0,0,0,0,35714.3,5.6e-05,0,5.6e-05,5.6e-05,0,0,0,0,0,0,0,0,0,1,1,180,333,0,0,1,0,0,benign
0.205518,2,3,0,18,0,0,0,0,6,6,6,0,87.5836,24.3288,0.0513795,0.102709,0.205443,1e-06,0.205518,0.205518,4e-06,2e-06,0,0,0,0,0,1,0,9,0,3,3.28634,1,0,0,benign
0.061102,2,2,64,542,32,32,32,0,271,271,271,0,9917.84,65.4643,0.0203673,0.0352712,0.061095,3e-06,3e-06,3e-06,4e-06,4e-06,0,0,0,0,0,0,0,-1,-1,127.6,130.906,1,0,0,benign
5.6e-05,1,1,6,6,6,6,6,0,6,6,6,0,214286,35714.3,5.6e-05,0,5.6e-05,5.6e-05,0,0,0,0,0,0,0,0,0,1,1,66,356,6,0,1,0,0,benign
0.023434,1,1,43,127,43,43,43,0,127,127,127,0,7254.42,85.3461,0.023434,0,0.023434,0.023434,0,0,0,0,0,0,0,0,0,0,0,-1,-1,71,48.4974,1,0,0,benign
0.023809,2,2,68,234,34,34,34,0,117,117,117,0,12684.3,168.004,0.00793633,0.0137401,0.023802,3e-06,3e-06,3e-06,4e-06,4e-06,0,0,0,0,0,0,0,-1,-1,67.2,45.461,1,0,0,benign
0.132838,2,2,62,184,31,31,31,0,92,92,92,0,1851.88,30.1119,0.0442793,0.0766906,0.132834,1e-06,1e-06,1e-06,3e-06,3e-06,0,0,0,0,0,0,0,-1,-1,55.4,33.4111,1,0,0,benign
0.000209,2,2,72,104,36,36,36,0,52,52,52,0,842105,19138.8,6.96667e-05,3.66652e-05,0.000112,4.8e-05,4.8e-05,4.8e-05,4.9e-05,4.9e-05,0,0,0,0,0,0,0,-1,-1,42.4,8.76356,1,0,0,benign
2.8e-05,1,1,0,0,0,0,0,0,0,0,0,0,0,71428.6,2.8e-05,0,2.8e-05,2.8e-05,0,0,0,0,0,0,0,0,0,1,1,541,555,0,0,1,0,0,benign
0.000287,2,2,60,264,30,30,30,0,132,132,132,0,1.12892e+06,13937.3,9.56667e-05,0.000124729,0.000237,1e-06,4.9e-05,4.9e-05,1e-06,1e-06,0,0,0,0,0,0,0,-1,-1,70.8,55.8677,1,0,0,benign
0.048704,2,2,68,160,34,34,34,0,80,80,80,0,4681.34,82.1288,0.0162347,0.0281141,0.048698,3e-06,3e-06,3e-06,3e-06,3e-06,0,0,0,0,0,0,0,-1,-1,52.4,25.1952,1,0,0,benign
6.62766,3,1,120,154,108,6,40,58.8897,154,154,154,0,41.3419,0.603531,2.20922,3.63849,6.40942,0.023731,6.62766,3.31383,0,0,1,0,1,0,0,1,0,16123,66,76.4,66.9537,0,0.218235,6.40942,benign
0.000203,2,2,74,154,37,37,37,0,77,77,77,0,1.12315e+06,19704.4,6.76667e-05,7.61337e-05,0.000152,4e-06,4e-06,4e-06,4.7e-05,4.7e-05,0,0,0,0,0,0,0,-1,-1,53,21.9089,1,0,0,benign
1.5e-05,1,2,6,12,6,6,6,0,6,6,6,0,1.2e+06,200000,7.5e-06,9.19239e-06,1.4e-05,1e-06,0,0,1e-06,1e-06,0,0,0,0,0,1,1,252,2049,6,0,2,0,0,benign
0.000138,1,1,6,6,6,6,6,0,6,6,6,0,86956.5,14492.8,0.000138,0,0.000138,0.000138,0,0,0,0,0,0,0,0,0,1,1,129,252,6,0,1,0,0,benign
33.8348,4,4,220,614,65,45,55,11.547,193,114,153.5,45.6107,24.6491,0.236443,4.83355,12.7882,33.8345,2e-06,33.8347,11.2782,33.8346,11.2782,0,0,0,0,0,0,0,-1,-1,99.8889,58.5394,1,0.0002,33.8345,benign
0.000178,2,2,74,198,37,37,37,0,99,99,99,0,1.52809e+06,22471.9,5.93333e-05,6.21477e-05,0.000126,3e-06,3e-06,3e-06,4.9e-05,4.9e-05,0,0,0,0,0,0,0,-1,-1,61.8,33.9588,1,0,0,benign
8.5e-05,1,1,0,0,0,0,0,0,0,0,0,0,0,23529.4,8.5e-05,0,8.5e-05,8.5e-05,0,0,0,0,0,0,0,0,0,1,0,254,179,0,0,1,0,0,benign
0.111285,2,2,68,194,34,34,34,0,97,97,97,0,2354.32,35.9437,0.037095,0.0642071,0.111235,3e-06,4.7e-05,4.7e-05,3e-06,3e-06,0,0,0,0,0,0,0,-1,-1,59.2,34.5065,1,0,0,benign
0.048302,2,2,72,194,36,36,36,0,97,97,97,0,5507.02,82.8123,0.0161007,0.0278811,0.048295,3e-06,3e-06,3e-06,4e-06,4e-06,0,0,0,0,0,0,0,-1,-1,60.4,33.4111,1,0,0,benign
0.00019,2,2,136,328,68,68,68,0,164,164,164,0,2.44211e+06,21052.6,6.33333e-05,6.86319e-05,0.000138,3e-06,3e-06,3e-06,4.9e-05,4.9e-05,0,0,0,0,0,0,0,-1,-1,106.4,52.5814,1,0,0,benign
0.031112,2,2,70,456,35,35,35,0,228,228,228,0,16906.7,128.568,0.0103707,0.0179573,0.031106,3e-06,3e-06,3e-06,3e-06,3e-06,0,0,0,0,0,0,0,-1,-1,112.2,105.71,1,0,0,benign
0.031172,2,2,60,144,30,30,30,0,72,72,72,0,6544.33,128.32,0.0103907,0.017992,0.031166,3e-06,3e-06,3e-06,3e-06,3e-06,0,0,0,0,0,0,0,-1,-1,46.8,23.0043,1,0,0,benign
0.001365,2,2,76,122,38,38,38,0,61,61,61,0,145055,2930.4,0.000455,0.000744256,0.001314,3e-06,4.8e-05,4.8e-05,3e-06,3e-06,0,0,0,0,0,0,0,-1,-1,47.2,12.5976,1,0,0,benign
0.031001,2,2,76,172,38,38,38,0,86,86,86,0,7999.74,129.028,0.0103337,0.0178543,0.03095,3e-06,3e-06,3e-06,4.8e-05,4.8e-05,0,0,0,0,0,0,0,-1,-1,57.2,26.2907,1,0,0,benign
2.2e-05,1,1,0,0,0,0,0,0,0,0,0,0,0,90909.1,2.2e-05,0,2.2e-05,2.2e-05,0,0,0,0,0,0,0,0,0,1,1,370,330,0,0,1,0,0,benign
0.000209,2,2,66,500,33,33,33,0,250,250,250,0,2.70813e+06,19138.8,6.96667e-05,0.00011547,0.000203,3e-06,3e-06,3e-06,3e-06,3e-06,0,0,0,0,0,0,0,-1,-1,119.8,118.856,1,0,0,benign
0.145278,2,1,12,6,6,6,6,0,6,6,6,0,123.9,20.6501,0.072639,0.102656,0.145228,5e-05,0.145278,0.145278,0,0,0,0,0,0,0,1,1,29200,64807,6,0,0,0,0,benign
0.000237,2,2,76,354,38,38,38,0,177,177,177,0,1.81435e+06,16877.6,7.9e-05,5.28299e-05,0.00014,4.8e-05,4.9e-05,4.9e-05,4.8e-05,4.8e-05,0,0,0,0,0,0,0,-1,-1,93.6,76.1334,1,0,0,benign
0.03133,2,2,86,186,43,43,43,0,93,93,93,0,8681.77,127.673,0.0104433,0.0180434,0.031278,4e-06,4.8e-05,4.8e-05,4e-06,4e-06,0,0,0,0,0,0,0,-1,-1,63,27.3861,1,0,0,benign
0.000151,2,2,56,88,28,28,28,0,44,44,44,0,953642,26490.1,5.03333e-05,4.7543e-05,9.9e-05,4e-06,4e-06,4e-06,4.8e-05,4.8e-05,0,0,0,0,0,0,0,-1,-1,34.4,8.76356,1,0,0,benign
0.062089,4,4,120,344,30,30,30,0,86,86,86,0,7473.14,128.847,0.00886986,0.0183236,0.048953,3e-06,0.061957,0.0206523,0.013132,0.00437733,0,0,0,0,0,0,0,-1,-1,54.8889,29.5146,1,0,0,benign
102.865,21,21,3230,9791,1280,0,153.81,387.499,1460,0,466.238,630.431,126.583,0.4083,2.50891,4.31911,10,2e-06,103,5.14327,100,5.02273,0,0,0,0,1,0,0,8192,70,302.814,536.097,1,0.0523365,9.9931,benign
0.030647,2,2,66,180,33,33,33,0,90,90,90,0,8026.89,130.518,0.0102157,0.017649,0.030595,4e-06,4.8e-05,4.8e-05,4e-06,4e-06,0,0,0,0,0,0,0,-1,-1,55.8,31.2202,1,0,0,benign
0.179167,2,2,78,138,39,39,39,0,69,69,69,0,1205.58,22.3255,0.0597223,0.103439,0.179163,1e-06,1e-06,1e-06,3e-06,3e-06,0,0,0,0,0,0,0,-1,-1,51,16.4317,1,0,0,benign
0.060703,1,1,63,95,63,63,63,0,95,95,95,0,2602.84,32.9473,0.060703,0,0.060703,0.060703,0,0,0,0,0,0,0,0,0,0,0,-1,-1,73.6667,18.4752,1,0,0,benign
0.023784,2,2,84,282,42,42,42,0,141,141,141,0,15388.5,168.18,0.007928,0.0136867,0.023732,4e-06,4.8e-05,4.8e-05,4e-06,4e-06,0,0,0,0,0,0,0,-1,-1,81.6,54.2245,1,0,0,benign
3e-05,1,1,6,6,6,6,6,0,6,6,6,0,400000,66666.7,3e-05,0,3e-05,3e-05,0,0,0,0,0,0,0,0,0,1,1,33,2464,6,0,1,0,0,benign
0.000225,2,2,88,120,44,44,44,0,60,60,60,0,924444,17777.8,7.5e-05,0.000123843,0.000218,3e-06,3e-06,3e-06,4e-06,4e-06,0,0,0,0,0,0,0,-1,-1,50.4,8.76356,1,0,0,benign
2.8e-05,1,1,6,6,6,6,6,0,6,6,6,0,428571,71428.6,2.8e-05,0,2.8e-05,2.8e-05,0,0,0,0,0,0,0,0,0,1,1,980,16283,6,0,1,0,0,benign
0.000189,2,2,64,160,32,32,32,0,80,80,80,0,1.18519e+06,21164,6.3e-05,0.000103058,0.000182,3e-06,4e-06,4e-06,3e-06,3e-06,0,0,0,0,0,0,0,-1,-1,51.2,26.2907,1,0,0,benign
0.133892,2,2,90,212,45,45,45,0,106,106,106,0,2255.55,29.8748,0.0446307,0.0772965,0.133885,3e-06,3e-06,3e-06,4e-06,4e-06,0,0,0,0,0,0,0,-1,-1,69.4,33.4111,1,0,0,benign
0.001323,2,2,76,122,38,38,38,0,61,61,61,0,149660,3023.43,0.000441,0.000759506,0.001318,1e-06,1e-06,1e-06,4e-06,4e-06,0,0,0,0,0,0,0,-1,-1,47.2,12.5976,1,0,0,benign
0.000207,2,2,90,146,45,45,45,0,73,73,73,0,1.1401e+06,19323.7,6.9e-05,3.55106e-05,0.00011,4.8e-05,4.9e-05,4.9e-05,4.8e-05,4.8e-05,0,0,0,0,0,0,0,-1,-1,56.2,15.3362,1,0,0,benign
2.2e-05,1,1,0,0,0,0,0,0,0,0,0,0,0,90909.1,2.2e-05,0,2.2e-05,2.2e-05,0,0,0,0,0,0,0,0,0,1,1,357,982,0,0,1,0,0,benign
0.000217,2,1,37,6,37,0,18.5,26.163,6,6,6,0,198157,13824.9,0.0001085,8.69741e-05,0.00017,4.7e-05,0.000217,0.000217,0,0,1,0,1,0,0,1,0,972,0,20,19.7821,0,0,0,benign
0.030805,2,2,84,204,42,42,42,0,102,102,102,0,9349.13,129.849,0.0102683,0.0177411,0.030754,3e-06,3e-06,3e-06,4.8e-05,4.8e-05,0,0,0,0,0,0,0,-1,-1,66,32.8634,1,0,0,benign
0.030316,1,1,50,106,50,50,50,0,106,106,106,0,5145.8,65.9718,0.030316,0,0.030316,0.030316,0,0,0,0,0,0,0,0,0,0,0,-1,-1,68.6667,32.3316,1,0,0,benign
0.023692,2,2,80,202,40,40,40,0,101,101,101,0,11902.8,168.833,0.00789733,0.0136751,0.023688,1e-06,1e-06,1e-06,3e-06,3e-06,0,0,0,0,0,0,0,-1,-1,64.4,33.4111,1,0,0,benign
0.050117,2,2,70,174,35,35,35,0,87,87,87,0,4868.61,79.8132,0.0167057,0.0289264,0.050107,3e-06,7e-06,7e-06,3e-06,3e-06,0,0,0,0,0,0,0,-1,-1,55.8,28.4816,1,0,0,benign
0.102796,2,2,68,252,34,34,34,0,126,126,126,0,3112.96,38.912,0.0342653,0.0593441,0.10279,3e-06,3e-06,3e-06,3e-06,3e-06,0,0,0,0,0,0,0,-1,-1,70.8,50.3905,1,0,0,benign
3e-06,1,1,6,6,6,6,6,0,6,6,6,0,4e+06,666667,3e-06,0,3e-06,3e-06,0,0,0,0,0,0,0,0,0,1,1,125,256,6,0,1,0,0,benign
0.000131,2,2,132,244,66,66,66,0,122,122,122,0,2.87023e+06,30534.4,4.36667e-05,6.95725e-05,0.000124,3e-06,4e-06,4e-06,3e-06,3e-06,0,0,0,0,0,0,0,-1,-1,88.4,30.6725,1,0,0,benign
9.0002,3,0,0,0,0,0,0,0,0,0,0,0,0,0.333326,4.5001,2.12168,6.00035,2.99985,9.0002,4.5001,0,0,0,0,0,0,1,0,0,8192,-1,0,0,0,2.99985,6.00035,benign
0.030788,1,1,33,65,33,33,33,0,65,65,65,0,3183.06,64.9604,0.030788,0,0.030788,0.030788,0,0,0,0,0,0,0,0,0,0,0,-1,-1,43.6667,18.4752,1,0,0,benign
0.000148,2,2,64,188,32,32,32,0,94,94,94,0,1.7027e+06,27027,4.93333e-05,8.02517e-05,0.000142,3e-06,3e-06,3e-06,3e-06,3e-06,0,0,0,0,0,0,0,-1,-1,56.8,33.9588,1,0,0,benign
4.7e-05,1,1,0,0,0,0,0,0,0,0,0,0,0,42553.2,4.7e-05,0,4.7e-05,4.7e-05,0,0,0,0,0,0,0,0,0,1,1,31,65535,0,0,1,0,0,benign
0.060036,2,2,78,190,39,39,39,0,95,95,95,0,4463.99,66.6267,0.020012,0.0346176,0.059985,2e-06,2e-06,2e-06,4.9e-05,4.9e-05,0,0,0,0,0,0,0,-1,-1,61.4,30.6725,1,0,0,benign
2.86597,41,62,1593,80386,818,0,38.8537,131.396,2860,0,1296.55,479.771,28604.2,35.9389,0.0280978,0.116645,0.914857,1e-06,2.86597,0.0716494,2.46653,0.0404349,0,0,0,0,1,0,0,8192,364,788.26,726.724,1,0,0,benign
3.77253,6,7,567,3173,342,0,94.5,145.835,1460,0,453.286,588.52,991.376,3.44596,0.314378,0.79099,2.80157,1e-06,0.970959,0.194192,3.52927,0.588211,0,0,0,0,1,0,0,8192,17,267.143,453.806,1,0,0,benign
0.000201,2,2,70,180,35,35,35,0,90,90,90,0,1.24378e+06,19900.5,6.7e-05,0.000109986,0.000194,3e-06,4e-06,4e-06,3e-06,3e-06,0,0,0,0,0,0,0,-1,-1,57,30.1247,1,0,0,benign
0.165484,2,2,70,102,35,35,35,0,51,51,51,0,1039.38,24.1715,0.0551613,0.095537,0.165478,3e-06,3e-06,3e-06,3e-06,3e-06,0,0,0,0,0,0,0,-1,-1,41.4,8.76356,1,0,0,benign
0.120907,1,1,47,196,47,47,47,0,196,196,196,0,2009.81,16.5416,0.120907,0,0.120907,0.120907,0,0,0,0,0,0,0,0,0,0,0,-1,-1,96.6667,86.0252,1,0,0,benign
0.000156,2,2,68,100,34,34,34,0,50,50,50,0,1.07692e+06,25641,5.2e-05,5.01199e-05,0.000104,4e-06,4e-06,4e-06,4.8e-05,4.8e-05,0,0,0,0,0,0,0,-1,-1,40.4,8.76356,1,0,0,benign
0.014231,1,1,6,6,6,6,6,0,6,6,6,0,843.23,140.538,0.014231,0,0.014231,0.014231,0,0,0,0,0,1,0,0,0,1,0,0,292,6,0,1,0,0,benign
0.000146,2,2,96,160,48,48,48,0,80,80,80,0,1.75342e+06,27397.3,4.86667e-05,7.82326e-05,0.000139,3e-06,3e-06,3e-06,4e-06,4e-06,0,0,0,0,0,0,0,-1,-1,60.8,17.5271,1,0,0,benign
0.545335,4,2,176,188,44,44,44,0,94,94,94,0,667.48,11.0024,0.109067,0.226925,0.514294,4e-06,0.030992,0.0103307,4.9e-05,4.9e-05,0,0,0,0,0,0,0,-1,-1,58.2857,24.3975,0,0,0,benign
0.03077,2,2,74,138,37,37,37,0,69,69,69,0,6889.83,129.997,0.0102567,0.0177599,0.030764,3e-06,3e-06,3e-06,3e-06,3e-06,0,0,0,0,0,0,0,-1,-1,49.8,17.5271,1,0,0,benign
0.015091,2,1,0,0,0,0,0,0,0,0,0,0,0,198.794,0.0075455,0.0105734,0.015022,6.9e-05,0.015091,0.015091,0,0,0,0,0,0,0,1,1,32,65535,0,0,0,0,0,benign
0.030928,2,2,68,158,34,34,34,0,79,79,79,0,7307.29,129.333,0.0103093,0.0178494,0.03092,4e-06,4e-06,4e-06,4e-06,4e-06,0,0,0,0,0,0,0,-1,-1,52,24.6475,1,0,0,benign
0.000759,2,2,84,204,42,42,42,0,102,102,102,0,379447,5270.09,0.000253,0.000394683,0.000708,3e-06,4.8e-05,4.8e-05,3e-06,3e-06,0,0,0,0,0,0,0,-1,-1,66,32.8634,1,0,0,benign
1.80592,3,3,0,18,0,0,0,0,6,6,6,0,9.96722,3.32241,0.361184,0.127019,0.500589,0.268092,1.53721,0.768607,1.53783,0.768913,0,0,0,0,1,0,0,8192,0,2.57143,3.20713,1,0,0,benign
3.3e-05,1,1,0,0,0,0,0,0,0,0,0,0,0,60606.1,3.3e-05,0,3.3e-05,3.3e-05,0,0,0,0,0,0,0,0,0,1,1,296,253,0,0,1,0,0,benign
0.023429,2,2,80,202,40,40,40,0,101,101,101,0,12036.4,170.729,0.00780967,0.0135215,0.023423,3e-06,3e-06,3e-06,3e-06,3e-06,0,0,0,0,0,0,0,-1,-1,64.4,33.4111,1,0,0,benign
61.154,15,15,713,4292,388,0,47.5333,110.883,1448,0,286.133,507.42,81.8426,0.490565,2.10876,4.16269,10.2,3e-06,51.3,3.66246,61.1,4.36637,0,0,0,0,1,0,0,29200,65,161.452,375.53,1,0.0764108,10.1,benign
0.001051,2,2,86,198,43,43,43,0,99,99,99,0,270219,3805.9,0.000350333,0.000599867,0.001043,4e-06,4e-06,4e-06,4e-06,4e-06,0,0,0,0,0,0,0,-1,-1,65.4,30.6725,1,0,0,benign
116.243,22,17,1756,3184,439,0,79.8182,173.304,796,0,187.294,348.041,42.4971,0.335504,3.05903,4.56086,10,3.5e-05,116,5.53539,111,6.96696,0,0,0,0,1,0,0,29200,292,123.5,262.886,0,0.122526,10,benign
0.000152,2,2,70,174,35,35,35,0,87,87,87,0,1.60526e+06,26315.8,5.06667e-05,5.00533e-05,0.000102,2e-06,2e-06,2e-06,4.8e-05,4.8e-05,0,0,0,0,0,0,0,-1,-1,55.8,28.4816,1,0,0,benign
27.5684,22,28,1674,24852,431,0,76.0909,128.419,2820,0,887.571,805.639,962.19,1.81367,0.562619,3.80542,26.6,1e-06,27.6,1.31278,0.893802,0.0331038,0,0,0,0,1,0,0,8192,132,520.118,724.699,1,0.920331,26.6,benign
119.43,72,70,1879,86380,231,0,26.0972,51.7432,3499,0,1234,787.879,739.004,1.18898,0.847018,6.94255,59,0,119,1.68211,119,1.73053,0,0,0,0,1,0,0,29200,1006,617.196,818.754,0,1.19213,58.5,benign
5e-05,1,1,0,0,0,0,0,0,0,0,0,0,0,40000,5e-05,0,5e-05,5e-05,0,0,0,0,0,0,0,0,0,1,1,504,297,0,0,1,0,0,benign
0.09202,2,2,60,310,30,30,30,0,155,155,155,0,4020.87,43.4688,0.0306733,0.0530784,0.091963,9e-06,4.8e-05,4.8e-05,9e-06,9e-06,0,0,0,0,0,0,0,-1,-1,80,68.4653,1,0,0,benign
5.4e-05,1,1,0,0,0,0,0,0,0,0,0,0,0,37037,5.4e-05,0,5.4e-05,5.4e-05,0,0,0,0,0,0,0,0,0,1,1,422,378,0,0,1,0,0,benign
0.000316,1,1,0,0,0,0,0,0,0,0,0,0,0,6329.11,0.000316,0,0.000316,0.000316,0,0,0,0,0,0,0,0,0,1,1,119,33304,0,0,1,0,0,benign
0.031742,2,2,84,246,42,42,42,0,123,123,123,0,10396.3,126.016,0.0105807,0.0183133,0.031727,3e-06,1.2e-05,1.2e-05,3e-06,3e-06,0,0,0,0,0,0,0,-1,-1,74.4,44.3655,1,0,0,benign
1.3e-05,1,1,0,0,0,0,0,0,0,0,0,0,0,153846,1.3e-05,0,1.3e-05,1.3e-05,0,0,0,0,0,0,0,0,0,1,1,404,366,0,0,1,0,0,benign
0.024313,2,2,72,328,36,36,36,0,164,164,164,0,16452.1,164.521,0.00810433,0.0140311,0.024306,3e-06,3e-06,3e-06,4e-06,4e-06,0,0,0,0,0,0,0,-1,-1,87.2,70.1085,1,0,0,benign
0.061485,2,2,70,174,35,35,35,0,87,87,87,0,3968.45,65.0565,0.020495,0.0354534,0.061433,3e-06,3e-06,3e-06,4.9e-05,4.9e-05,0,0,0,0,0,0,0,-1,-1,55.8,28.4816,1,0,0,benign
0.062283,2,2,72,106,36,36,36,0,53,53,53,0,2857.92,64.223,0.020761,0.0359556,0.062279,1e-06,1e-06,1e-06,3e-06,3e-06,0,0,0,0,0,0,0,-1,-1,42.8,9.31128,1,0,0,benign
6e-05,1,1,6,6,6,6,6,0,6,6,6,0,200000,33333.3,6e-05,0,6e-05,6e-05,0,0,0,0,0,0,0,0,0,1,1,14487,37800,6,0,1,0,0,benign
42.305,16,11,885,9687,405,0,55.3125,116.695,2648,0,880.636,965.305,249.9,0.638223,1.62711,8.25861,42.1,1e-06,42.3,2.82033,0.162979,0.0162979,0,0,0,0,1,0,0,65535,972,377.571,722.916,0,0.186699,42.1,benign
0.024336,2,2,56,220,28,28,28,0,110,110,110,0,11341.2,164.366,0.008112,0.0140374,0.024321,3e-06,1.2e-05,1.2e-05,3e-06,3e-06,0,0,0,0,0,0,0,-1,-1,60.8,44.9132,1,0,0,benign
5.89552,8,4,374,2846,193,0,46.75,72.4524,2582,0,711.5,1252.78,546.177,2.03544,0.535957,1.58197,5.30047,4e-06,5.89552,0.842218,0.373149,0.124383,0,0,0,0,1,0,0,8192,123,247.692,706.516,0,0.595052,5.30047,benign
0.041157,1,1,50,78,50,50,50,0,78,78,78,0,3110.04,48.5944,0.041157,0,0.041157,0.041157,0,0,0,0,0,0,0,0,0,0,0,-1,-1,59.3333,16.1658,1,0,0,benign
5.6198,4,4,190,422,59,36,47.5,13.2791,114,97,105.5,9.81495,108.901,1.42354,0.802828,2.07711,5.51291,3e-06,5.55965,1.85322,5.5731,1.8577,0,0,0,0,0,0,0,-1,-1,74.5556,31.2614,1,0.046743,5.51291,benign
115.669,16,14,446,979,446,0,27.875,111.5,979,0,69.9286,261.649,12.3197,0.259361,3.98858,4.88772,10,1.1e-05,116,7.71125,111,8.5086,0,0,0,0,1,0,0,29200,118,45.9677,190.775,0,0.0333372,10,benign
0.000223,2,2,46,46,23,23,23,0,23,23,23,0,412556,17937.2,7.43333e-05,0.000127017,0.000221,1e-06,1e-06,1e-06,1e-06,1e-06,0,0,0,0,0,0,0,-1,-1,23,0,1,0,0,benign
10.1479,4,4,380,769,368,0,95,182.022,757,0,192.25,376.511,113.225,0.788339,1.4497,3.71061,9.86374,9.8e-05,0.28418,0.0947267,10,3.34384,0,0,0,0,1,0,0,8192,62,127.667,265.03,1,0,0,benign
0.061164,4,2,148,202,37,37,37,0,101,101,101,0,5722.32,98.0969,0.0122328,0.0167454,0.03058,3e-06,0.03058,0.0101933,4e-06,4e-06,0,0,0,0,0,0,0,-1,-1,55.2857,31.2288,0,0,0,benign
0.031232,2,2,74,298,37,37,37,0,149,149,149,0,11910.9,128.074,0.0104107,0.0180257,0.031225,3e-06,3e-06,3e-06,4e-06,4e-06,0,0,0,0,0,0,0,-1,-1,81.8,61.3449,1,0,0,benign
0.000197,2,2,68,484,34,34,34,0,242,242,242,0,2.80203e+06,20304.6,6.56667e-05,0.00010681,0.000189,4e-06,4e-06,4e-06,4e-06,4e-06,0,0,0,0,0,0,0,-1,-1,117.2,113.926,1,0,0,benign
0.000194,2,2,80,112,40,40,40,0,56,56,56,0,989691,20618.6,6.46667e-05,0.000105078,0.000186,4e-06,4e-06,4e-06,4e-06,4e-06,0,0,0,0,0,0,0,-1,-1,46.4,8.76356,1,0,0,benign
0.419308,4,2,136,250,34,34,34,0,125,125,125,0,920.564,14.3093,0.0838616,0.123951,0.275754,3e-06,0.143506,0.0478353,4.8e-05,4.8e-05,0,0,0,0,0,0,0,-1,-1,60,44.4035,0,0,0,benign
0.031081,2,2,84,310,42,42,42,0,155,155,155,0,12676.6,128.696,0.0103603,0.017929,0.031063,3e-06,1.5e-05,1.5e-05,3e-06,3e-06,0,0,0,0,0,0,0,-1,-1,87.2,61.8926,1,0,0,benign
0.211118,1,2,6,12,6,6,6,0,6,6,6,0,85.2604,14.2101,0.105559,0.139816,0.204424,0.006694,0,0,0.006694,0.006694,0,0,0,0,0,1,1,283,180,6,0,2,0,0,benign
0.000264,2,2,108,414,54,54,54,0,207,207,207,0,1.97727e+06,15151.5,8.8e-05,0.000151555,0.000263,0,0,0,1e-06,1e-06,0,0,0,0,0,0,0,-1,-1,115.2,83.8016,1,0,0,benign
0.000172,1,1,0,0,0,0,0,0,0,0,0,0,0,11627.9,0.000172,0,0.000172,0.000172,0,0,0,0,0,0,0,0,0,1,1,139,65535,0,0,1,0,0,benign
0.048425,1,1,56,104,56,56,56,0,104,104,104,0,3304.08,41.301,0.048425,0,0.048425,0.048425,0,0,0,0,0,0,0,0,0,0,0,-1,-1,72,27.7128,1,0,0,benign
0.015656,4,1,529,0,517,0,132.25,256.516,0,0,0,0,33789,319.366,0.003914,0.00762548,0.015352,6.6e-05,0.015656,0.00521867,0,0,0,0,0,0,1,0,0,29200,29200,88.1667,210.105,0,0,0,benign
0.000226,2,2,64,204,32,32,32,0,102,102,102,0,1.18584e+06,17699.1,7.53333e-05,8.91983e-05,0.000175,3e-06,3e-06,3e-06,4.8e-05,4.8e-05,0,0,0,0,0,0,0,-1,-1,60,38.3406,1,0,0,benign
0.024327,1,1,0,0,0,0,0,0,0,0,0,0,0,82.2132,0.024327,0,0.024327,0.024327,0,0,0,0,0,0,0,0,0,1,1,462,66,0,0,1,0,0,benign
0.113108,4,4,152,356,38,38,38,0,89,89,89,0,4491.28,70.7289,0.0161583,0.0425982,0.112762,3e-06,0.112959,0.037653,0.112962,0.037654,0,0,0,0,0,0,0,-1,-1,60.6667,26.8794,1,0,0,benign
0.0238,2,2,80,290,40,40,40,0,145,145,145,0,15546.2,168.067,0.00793333,0.0137357,0.023794,3e-06,3e-06,3e-06,3e-06,3e-06,0,0,0,0,0,0,0,-1,-1,82,57.5109,1,0,0,benign
0.000179,2,2,104,220,52,52,52,0,110,110,110,0,1.81006e+06,22346.4,5.96667e-05,6.33114e-05,0.000128,3e-06,3e-06,3e-06,4.8e-05,4.8e-05,0,0,0,0,0,0,0,-1,-1,75.2,31.7679,1,0,0,benign
5.7703,9,4,539,3378,232,0,59.8889,82.4628,1867,0,844.5,960.411,678.821,2.25292,0.480858,1.51957,5.29862,3e-06,5.7703,0.721287,0.388245,0.129415,0,0,0,0,1,0,0,8192,60,279.786,595.538,0,0.471672,5.29862,benign
0.000204,2,2,46,46,23,23,23,0,23,23,23,0,450980,19607.8,6.8e-05,3.29242e-05,0.000106,4.8e-05,5e-05,5e-05,4.8e-05,4.8e-05,0,0,0,0,0,0,0,-1,-1,23,0,1,0,0,benign
0.000319,2,2,76,354,38,38,38,0,177,177,177,0,1.34796e+06,12539.2,0.000106333,0.000182443,0.000317,1e-06,1e-06,1e-06,1e-06,1e-06,0,0,0,0,0,0,0,-1,-1,93.6,76.1334,1,0,0,benign
4.8e-05,2,0,12,0,6,6,6,0,0,0,0,0,250000,41666.7,4.8e-05,0,4.8e-05,4.8e-05,4.8e-05,4.8e-05,0,0,0,0,0,0,0,1,0,16238,-1,6,0,0,0,0,benign
0.000242,2,2,82,530,41,41,41,0,265,265,265,0,2.52893e+06,16528.9,8.06667e-05,0.000133658,0.000235,3e-06,4e-06,4e-06,3e-06,3e-06,0,0,0,0,0,0,0,-1,-1,130.6,122.69,1,0,0,benign
0.081617,2,2,70,186,35,35,35,0,93,93,93,0,3136.6,49.0094,0.0272057,0.0471155,0.08161,3e-06,3e-06,3e-06,4e-06,4e-06,0,0,0,0,0,0,0,-1,-1,58.2,31.7679,1,0,0,benign
0.028127,1,1,6,6,6,6,6,0,6,6,6,0,426.636,71.1061,0.028127,0,0.028127,0.028127,0,0,0,0,0,1,0,0,0,1,0,0,9,6,0,1,0,0,benign
0.000144,2,2,90,210,45,45,45,0,105,105,105,0,2.08333e+06,27777.8,4.8e-05,7.79423e-05,0.000138,3e-06,3e-06,3e-06,3e-06,3e-06,0,0,0,0,0,0,0,-1,-1,69,32.8634,1,0,0,benign
6e-05,1,1,0,0,0,0,0,0,0,0,0,0,0,33333.3,6e-05,0,6e-05,6e-05,0,0,0,0,0,0,0,0,0,1,1,286,256,0,0,1,0,0,benign
0.03101,1,1,42,134,42,42,42,0,134,134,134,0,5675.59,64.4953,0.03101,0,0.03101,0.03101,0,0,0,0,0,0,0,0,0,0,0,-1,-1,72.6667,53.1162,1,0,0,benign
0.000244,2,2,60,264,30,30,30,0,132,132,132,0,1.32787e+06,16393.4,8.13333e-05,8.19898e-05,0.000173,1.5e-05,1.5e-05,1.5e-05,5.6e-05,5.6e-05,0,0,0,0,0,0,0,-1,-1,70.8,55.8677,1,0,0,benign
0.059933,2,2,100,310,50,50,50,0,155,155,155,0,6840.97,66.7412,0.0199777,0.0345971,0.059927,3e-06,3e-06,3e-06,3e-06,3e-06,0,0,0,0,0,0,0,-1,-1,92,57.5109,1,0,0,benign
8.99941,3,0,0,0,0,0,0,0,0,0,0,0,0,0.333355,4.4997,2.12061,5.9992,3.00021,8.99941,4.4997,0,0,0,0,0,0,1,0,0,8192,-1,0,0,0,3.00021,5.9992,benign
0.000205,2,2,92,348,46,46,46,0,174,174,174,0,2.14634e+06,19512.2,6.83333e-05,7.65528e-05,0.000153,4e-06,4e-06,4e-06,4.8e-05,4.8e-05,0,0,0,0,0,0,0,-1,-1,97.2,70.1085,1,0,0,benign
0.061714,2,2,64,196,32,32,32,0,98,98,98,0,4212.98,64.8151,0.0205713,0.0356271,0.06171,1e-06,1e-06,1e-06,3e-06,3e-06,0,0,0,0,0,0,0,-1,-1,58.4,36.1497,1,0,0,benign
0.001168,9,6,3174,3180,1587,0,352.667,699.801,1590,0,530,821.072,5.44007e+06,12842.5,8.34286e-05,0.000209213,0.000805,1e-06,0.001168,0.000146,0.001024,0.0002048,0,0,0,0,1,0,0,29200,2081,397.125,710.399,0,0,0,benign
0.035899,3,1,43,6,31,6,14.3333,14.4338,6,6,6,0,1364.94,111.424,0.0119663,0.0111567,0.022087,3e-06,0.013812,0.006906,0,0,0,0,0,0,0,1,0,258,0,11,11.1803,0,0,0,benign
9.05832,5,2,204,8,198,0,40.8,87.9159,6,2,4,2.82843,23.4039,0.77277,1.50972,2.50631,5.99944,0.0001,9.03702,2.25925,0.022059,0.022059,0,0,0,0,1,0,0,8192,16384,26.5,69.3459,0,3.01482,5.99944,benign
0.000218,2,2,110,452,55,55,55,0,226,226,226,0,2.57798e+06,18348.6,7.26667e-05,8.37695e-05,0.000166,4e-06,4e-06,4e-06,4.8e-05,4.8e-05,0,0,0,0,0,0,0,-1,-1,123.4,93.6606,1,0,0,benign
5.1e-05,2,1,0,0,0,0,0,0,0,0,0,0,0,58823.5,2.55e-05,3.18198e-05,4.8e-05,3e-06,3e-06,3e-06,0,0,0,0,0,0,0,1,1,4488,30016,0,0,0,0,0,benign
0.000153,2,2,86,118,43,43,43,0,59,59,59,0,1.33333e+06,26143.8,5.1e-05,8.22739e-05,0.000146,3e-06,3e-06,3e-06,4e-06,4e-06,0,0,0,0,0,0,0,-1,-1,49.4,8.76356,1,0,0,benign
0.03057,2,2,74,198,37,37,37,0,99,99,99,0,8897.61,130.847,0.01019,0.0176435,0.030563,3e-06,3e-06,3e-06,4e-06,4e-06,0,0,0,0,0,0,0,-1,-1,61.8,33.9588,1,0,0,benign
0.072701,4,4,168,388,42,42,42,0,97,97,97,0,7647.76,110.04,0.0103859,0.0190158,0.048411,3e-06,0.072524,0.0241747,0.024287,0.00809567,0,0,0,0,0,0,0,-1,-1,66.4444,28.9875,1,0,0,benign
5.2e-05,2,1,31,6,31,0,15.5,21.9203,6,6,6,0,711538,57692.3,2.6e-05,3.25269e-05,4.9e-05,3e-06,3e-06,3e-06,0,0,1,0,1,0,0,1,0,1220,0,17,16.3503,0,0,0,benign
0.024244,2,2,70,290,35,35,35,0,145,145,145,0,14849,164.989,0.00808133,0.0139912,0.024237,3e-06,4e-06,4e-06,3e-06,3e-06,0,0,0,0,0,0,0,-1,-1,79,60.2495,1,0,0,benign
0.024185,1,1,46,95,46,46,46,0,95,95,95,0,5830.06,82.6959,0.024185,0,0.024185,0.024185,0,0,0,0,0,0,0,0,0,0,0,-1,-1,62.3333,28.2902,1,0,0,benign
0.092967,2,2,72,370,36,36,36,0,185,185,185,0,4754.38,43.026,0.030989,0.0536711,0.092963,1e-06,1e-06,1e-06,3e-06,3e-06,0,0,0,0,0,0,0,-1,-1,95.6,81.6107,1,0,0,benign
50.838,53,98,2352,157661,517,0,44.3774,134.047,2896,0,1608.79,788.948,3147.51,2.97022,0.33892,1.77909,10,0,50.8,0.977654,41.4,0.426959,0,0,0,0,1,0,0,29200,1073,1052.72,985.355,1,0.346717,10,benign
0.000206,3,1,18,0,6,6,6,0,0,0,0,0,87378.6,19417.5,6.86667e-05,7.31118e-05,0.000148,4e-06,0.000206,0.000103,0,0,0,1,0,0,0,0,0,0,972,4.8,2.68328,0,0,0,benign
0.0002,2,2,70,174,35,35,35,0,87,87,87,0,1.22e+06,20000,6.66667e-05,3.23316e-05,0.000104,4.8e-05,4.8e-05,4.8e-05,4.8e-05,4.8e-05,0,0,0,0,0,0,0,-1,-1,55.8,28.4816,1,0,0,benign
0.023576,2,2,64,256,32,32,32,0,128,128,128,0,13573.1,169.664,0.00785867,0.0135666,0.023524,3e-06,4.9e-05,4.9e-05,3e-06,3e-06,0,0,0,0,0,0,0,-1,-1,70.4,52.5814,1,0,0,benign
0.000192,2,2,78,274,39,39,39,0,137,137,137,0,1.83333e+06,20833.3,6.4e-05,0.00010479,0.000185,3e-06,4e-06,4e-06,3e-06,3e-06,0,0,0,0,0,0,0,-1,-1,78.2,53.6768,1,0,0,benign
0.000171,2,2,72,174,36,36,36,0,87,87,87,0,1.4386e+06,23391.8,5.7e-05,9.26661e-05,0.000164,3e-06,3e-06,3e-06,4e-06,4e-06,0,0,0,0,0,0,0,-1,-1,56.4,27.9339,1,0,0,benign
0.000789,2,2,76,172,38,38,38,0,86,86,86,0,314322,5069.71,0.000263,0.000450333,0.000783,3e-06,3e-06,3e-06,3e-06,3e-06,0,0,0,0,0,0,0,-1,-1,57.2,26.2907,1,0,0,benign
0.000252,2,2,84,370,42,42,42,0,185,185,185,0,1.80159e+06,15873,8.4e-05,0.000104971,0.000202,1e-06,1e-06,1e-06,4.9e-05,4.9e-05,0,0,0,0,0,0,0,-1,-1,99.2,78.3243,1,0,0,benign
6e-05,1,1,0,0,0,0,0,0,0,0,0,0,0,33333.3,6e-05,0,6e-05,6e-05,0,0,0,0,0,0,0,0,0,1,1,152,310,0,0,1,0,0,benign
0.000161,2,2,90,222,45,45,45,0,111,111,111,0,1.93789e+06,24844.7,5.36667e-05,8.68927e-05,0.000154,3e-06,4e-06,4e-06,3e-06,3e-06,0,0,0,0,0,0,0,-1,-1,71.4,36.1497,1,0,0,benign
7.7e-05,1,1,6,6,6,6,6,0,6,6,6,0,155844,25974,7.7e-05,0,7.7e-05,7.7e-05,0,0,0,0,0,0,0,0,0,1,1,507,257,6,0,1,0,0,benign
111.152,25,24,3432,10065,1461,0,137.28,399.143,1509,0,419.375,658.642,121.428,0.440838,2.31566,4.22618,10,1.3e-05,102,4.23089,111,4.83168,0,0,0,0,1,0,0,29200,7812,269.94,550.509,0,0.121924,9.98279,benign
0.000174,2,2,82,152,41,41,41,0,76,76,76,0,1.34483e+06,22988.5,5.8e-05,9.43981e-05,0.000167,3e-06,4e-06,4e-06,3e-06,3e-06,0,0,0,0,0,0,0,-1,-1,55,19.1703,1,0,0,benign
4.1e-05,1,1,0,0,0,0,0,0,0,0,0,0,0,48780.5,4.1e-05,0,4.1e-05,4.1e-05,0,0,0,0,0,0,0,0,0,1,0,6500,64240,0,0,1,0,0,benign
0.814166,2,2,62,152,31,31,31,0,76,76,76,0,262.846,4.913,0.271389,0.470055,0.814161,1e-06,1e-06,1e-06,4e-06,4e-06,0,0,0,0,0,0,0,-1,-1,49,24.6475,1,0,0,benign
5.4e-05,1,4,0,0,0,0,0,0,0,0,0,0,0,92592.6,1.35e-05,2.37276e-05,4.9e-05,0,0,0,5e-06,1.66667e-06,0,0,0,0,0,1,1,344,0,0,0,4,0,0,benign
0.032472,2,1,12,6,6,6,6,0,6,6,6,0,554.324,92.3873,0.016236,0.0229088,0.032435,3.7e-05,3.7e-05,3.7e-05,0,0,0,0,0,0,0,1,1,256,237,6,0,0,0,0,benign
61.4757,14,14,1214,5278,836,0,86.7143,223.043,1460,0,377,620.397,105.603,0.455464,2.27688,4.18788,9.99829,2.5e-05,61.5,4.7289,61.4,4.721,0,0,0,0,1,0,0,8192,116,223.862,474.044,1,0.211429,9.96383,benign
0.000205,2,2,66,166,33,33,33,0,83,83,83,0,1.13171e+06,19512.2,6.83333e-05,7.58705e-05,0.000152,4e-06,4e-06,4e-06,4.9e-05,4.9e-05,0,0,0,0,0,0,0,-1,-1,53,27.3861,1,0,0,benign
0.000341,2,2,72,328,36,36,36,0,164,164,164,0,1.17302e+06,11730.2,0.000113667,0.000190815,0.000334,3e-06,3e-06,3e-06,4e-06,4e-06,0,0,0,0,0,0,0,-1,-1,87.2,70.1085,1,0,0,benign
0.09219,1,1,41,177,41,41,41,0,177,177,177,0,2364.68,21.6943,0.09219,0,0.09219,0.09219,0,0,0,0,0,0,0,0,0,0,0,-1,-1,86.3333,78.5196,1,0,0,benign
0.000211,1,1,0,0,0,0,0,0,0,0,0,0,0,9478.67,0.000211,0,0.000211,0.000211,0,0,0,0,0,0,0,0,0,1,0,5493,65535,0,0,1,0,0,benign
5.94196,3,2,247,304,235,6,82.3333,132.213,209,95,152,80.6102,92.7304,0.841474,1.48549,2.90687,5.84525,4e-06,5.94196,2.97098,4e-06,4e-06,1,0,1,0,0,1,0,16402,152,131,109.783,0,0.096703,5.84525,benign
0.047573,2,2,78,144,39,39,39,0,72,72,72,0,4666.51,84.0813,0.0158577,0.0274628,0.047569,1e-06,1e-06,1e-06,3e-06,3e-06,0,0,0,0,0,0,0,-1,-1,52.2,18.0748,1,0,0,benign
2.37359,4,4,451,498,451,0,112.75,225.5,498,0,124.5,249,399.816,3.37042,0.339084,0.831787,2.22458,4.4e-05,0.149011,0.0496703,2.32228,0.774095,0,0,0,0,1,0,0,29200,75,105.444,209.564,1,0,0,benign
5.8e-05,1,1,0,0,0,0,0,0,0,0,0,0,0,34482.8,5.8e-05,0,5.8e-05,5.8e-05,0,0,0,0,0,0,0,0,0,1,0,4738,34752,0,0,1,0,0,benign
0.063291,2,2,64,220,32,32,32,0,110,110,110,0,4487.21,63.2001,0.021097,0.0365376,0.063287,1e-06,1e-06,1e-06,3e-06,3e-06,0,0,0,0,0,0,0,-1,-1,63.2,42.7224,1,0,0,benign
0.060221,2,2,72,268,36,36,36,0,134,134,134,0,5645.87,66.422,0.0200737,0.0347617,0.060213,4e-06,4e-06,4e-06,4e-06,4e-06,0,0,0,0,0,0,0,-1,-1,75.2,53.6768,1,0,0,benign
0.048614,2,2,62,244,31,31,31,0,122,122,122,0,6294.48,82.2808,0.0162047,0.028063,0.048609,1e-06,4e-06,4e-06,1e-06,1e-06,0,0,0,0,0,0,0,-1,-1,67.4,49.8428,1,0,0,benign
0.000166,2,2,68,220,34,34,34,0,110,110,110,0,1.73494e+06,24096.4,5.53333e-05,9.0644e-05,0.00016,3e-06,3e-06,3e-06,3e-06,3e-06,0,0,0,0,0,0,0,-1,-1,64.4,41.6269,1,0,0,benign
61.997,14,13,653,5154,192,0,46.6429,64.9137,2920,0,396.462,890.993,93.6658,0.435505,2.3845,11.5,58.6,4e-06,62,4.769,62,5.16477,0,0,0,0,1,0,0,8192,31,207.393,622.144,0,0.282762,58.6,benign
0.060821,2,2,58,188,29,29,29,0,94,94,94,0,4044.66,65.7668,0.0202737,0.035109,0.060814,3e-06,3e-06,3e-06,4e-06,4e-06,0,0,0,0,0,0,0,-1,-1,55,35.602,1,0,0,benign
0.000192,2,2,140,268,70,70,70,0,134,134,134,0,2.125e+06,20833.3,6.4e-05,7.13583e-05,0.000142,2e-06,2e-06,2e-06,4.8e-05,4.8e-05,0,0,0,0,0,0,0,-1,-1,95.6,35.0542,1,0,0,benign
5.38641,9,5,740,5522,517,0,82.2222,170.964,3798,0,1104.4,1622.07,1162.56,2.59913,0.414339,1.41518,5.12137,3e-06,5.38641,0.673301,0.236101,0.0590252,0,0,0,0,1,0,0,29200,123,417.467,1010.78,0,0.265042,5.12137,benign
0.030982,1,1,48,150,48,48,48,0,150,150,150,0,6390.81,64.5536,0.030982,0,0.030982,0.030982,0,0,0,0,0,0,0,0,0,0,0,-1,-1,82,58.8897,1,0,0,benign
0.095077,2,1,0,0,0,0,0,0,0,0,0,0,0,31.5534,0.0475385,0.0672253,0.095074,3e-06,3e-06,3e-06,0,0,0,0,0,0,0,1,1,304,252,0,0,0,0,0,benign
0.000184,2,2,138,238,69,69,69,0,119,119,119,0,2.04348e+06,21739.1,6.13333e-05,0.000101036,0.000178,3e-06,3e-06,3e-06,3e-06,3e-06,0,0,0,0,0,0,0,-1,-1,89,27.3861,1,0,0,benign
0.023699,2,2,80,274,40,40,40,0,137,137,137,0,14937.3,168.783,0.00789967,0.0136766,0.023692,3e-06,3e-06,3e-06,4e-06,4e-06,0,0,0,0,0,0,0,-1,-1,78.8,53.1291,1,0,0,benign
0.073578,2,2,60,264,30,30,30,0,132,132,132,0,4403.49,54.3641,0.024526,0.0424344,0.073525,4e-06,4e-06,4e-06,4.9e-05,4.9e-05,0,0,0,0,0,0,0,-1,-1,70.8,55.8677,1,0,0,benign
0.134448,2,2,86,200,43,43,43,0,100,100,100,0,2127.22,29.7513,0.044816,0.0776201,0.134444,1e-06,1e-06,1e-06,3e-06,3e-06,0,0,0,0,0,0,0,-1,-1,65.8,31.2202,1,0,0,benign
0.134721,2,2,60,188,30,30,30,0,94,94,94,0,1840.84,29.691,0.044907,0.077776,0.134715,3e-06,3e-06,3e-06,3e-06,3e-06,0,0,0,0,0,0,0,-1,-1,55.6,35.0542,1,0,0,benign
3.80962,5,1,123,46,46,0,24.6,23.2766,46,46,46,0,44.3614,1.57496,0.761924,1.67756,3.76263,2.3e-05,3.80962,0.952405,0,0,1,0,1,0,0,1,0,245,126,30.7143,21.685,0,0,0,benign
0.245925,2,2,68,436,34,34,34,0,218,218,218,0,2049.41,16.2651,0.081975,0.141979,0.245918,3e-06,3e-06,3e-06,4e-06,4e-06,0,0,0,0,0,0,0,-1,-1,107.6,100.781,1,0,0,benign
0.141122,2,2,62,748,31,31,31,0,374,374,374,0,5739.71,28.3443,0.0470407,0.0814708,0.141115,3e-06,4e-06,4e-06,3e-06,3e-06,0,0,0,0,0,0,0,-1,-1,168.2,187.869,1,0,0,benign
0.023636,2,2,56,120,28,28,28,0,60,60,60,0,7446.27,169.233,0.00787867,0.0136411,0.02363,3e-06,3e-06,3e-06,3e-06,3e-06,0,0,0,0,0,0,0,-1,-1,40.8,17.5271,1,0,0,benign
65.3793,15,15,818,4171,499,0,54.5333,135.625,1416,0,278.067,497.832,76.3085,0.458861,2.25446,4.14132,10.2,2e-06,61.4,4.38914,65.3,4.66371,0,0,0,0,1,0,0,29200,238,160.935,370.979,1,0.135805,10.1,benign
0.097571,2,2,62,204,31,31,31,0,102,102,102,0,2726.22,40.9958,0.0325237,0.0562902,0.097522,1e-06,1e-06,1e-06,4.8e-05,4.8e-05,0,0,0,0,0,0,0,-1,-1,59.4,38.8883,1,0,0,benign
0.000348,3,1,43,6,31,6,14.3333,14.4338,6,6,6,0,140805,11494.3,0.000116,0.000176116,0.000319,4e-06,0.000323,0.0001615,0,0,0,0,0,0,0,1,0,1129,0,11,11.1803,0,0,0,benign
5.5e-05,2,0,37,0,37,0,18.5,26.163,0,0,0,0,672727,36363.6,5.5e-05,0,5.5e-05,5.5e-05,5.5e-05,5.5e-05,0,0,1,0,1,0,0,1,0,65535,-1,24.6667,21.362,0,0,0,benign
0.000255,3,1,253,6,216,6,84.3333,114.71,6,6,6,0,1.01569e+06,15686.3,8.5e-05,5.08626e-05,0.000143,4.8e-05,0.000255,0.0001275,0,0,1,0,1,0,0,1,0,31,0,95,110.928,0,0,0,benign
0.030956,2,2,82,152,41,41,41,0,76,76,76,0,7559.12,129.216,0.0103187,0.0178283,0.030905,3e-06,4.8e-05,4.8e-05,3e-06,3e-06,0,0,0,0,0,0,0,-1,-1,55,19.1703,1,0,0,benign
2e-05,1,1,0,0,0,0,0,0,0,0,0,0,0,100000,2e-05,0,2e-05,2e-05,0,0,0,0,0,0,0,0,0,1,1,340,1324,0,0,1,0,0,benign
0.047072,2,2,70,692,35,35,35,0,346,346,346,0,16188,84.9762,0.0156907,0.0271718,0.047066,3e-06,3e-06,3e-06,3e-06,3e-06,0,0,0,0,0,0,0,-1,-1,159.4,170.342,1,0,0,benign
5.3e-05,1,1,0,0,0,0,0,0,0,0,0,0,0,37735.8,5.3e-05,0,5.3e-05,5.3e-05,0,0,0,0,0,0,0,0,0,1,1,1120,374,0,0,1,0,0,benign
0.196318,1,1,0,0,0,0,0,0,0,0,0,0,0,10.1876,0.196318,0,0.196318,0.196318,0,0,0,0,0,0,0,0,0,1,1,322,36,0,0,1,0,0,benign
0.024017,2,2,76,418,38,38,38,0,209,209,209,0,20568.8,166.549,0.00800567,0.0138229,0.023967,4e-06,4e-06,4e-06,4.6e-05,4.6e-05,0,0,0,0,0,0,0,-1,-1,106.4,93.6606,1,0,0,benign
0.036447,2,1,0,0,0,0,0,0,0,0,0,0,0,82.3113,0.0182235,0.0257224,0.036412,3.5e-05,0.036447,0.036447,0,0,0,0,0,0,0,1,1,349,65535,0,0,0,0,0,benign
60.7297,14,13,1076,1461,378,0,76.8571,138.768,661,0,112.385,236.172,41.7753,0.444593,2.33576,4.27911,10,8.3e-05,60.7,4.67151,60.7,5.05655,0,0,0,0,1,0,0,8192,70,90.6071,186.258,0,0.0797685,9.99619,benign
0.000243,2,2,82,182,41,41,41,0,91,91,91,0,1.08642e+06,16460.9,8.1e-05,0.000138564,0.000241,1e-06,1e-06,1e-06,1e-06,1e-06,0,0,0,0,0,0,0,-1,-1,61,27.3861,1,0,0,benign
5.9e-05,2,1,0,0,0,0,0,0,0,0,0,0,0,50847.5,2.95e-05,3.74767e-05,5.6e-05,3e-06,3e-06,3e-06,0,0,0,0,0,0,0,1,1,149,342,0,0,0,0,0,benign
13.0514,8,9,1459,5618,736,0,182.375,328.642,1460,0,624.222,694.687,542.242,1.30255,0.81571,2.47386,9.95003,2.6e-05,13,1.85939,13,1.62674,0,0,0,0,1,0,0,8192,8201,393.167,574.317,1,3.06568,9.95003,benign
0.048758,4,2,312,324,78,78,78,0,162,162,162,0,13044,123.057,0.0097516,0.0141677,0.03109,3e-06,0.031098,0.010366,3e-06,3e-06,0,0,0,0,0,0,0,-1,-1,102,40.9878,0,0,0,benign
0.000181,2,2,72,230,36,36,36,0,115,115,115,0,1.66851e+06,22099.4,6.03333e-05,0.000101904,0.000178,1e-06,1e-06,1e-06,2e-06,2e-06,0,0,0,0,0,0,0,-1,-1,67.6,43.2701,1,0,0,benign
0.006791,1,1,6,6,6,6,6,0,6,6,6,0,1767.04,294.507,0.006791,0,0.006791,0.006791,0,0,0,0,0,1,0,0,0,1,0,0,60,6,0,1,0,0,benign
0.00012,1,1,6,6,6,6,6,0,6,6,6,0,100000,16666.7,0.00012,0,0.00012,0.00012,0,0,0,0,0,0,0,0,0,1,1,114,252,6,0,1,0,0,benign
0.04921,2,2,86,220,43,43,43,0,110,110,110,0,6218.25,81.2843,0.0164033,0.0283664,0.049158,3e-06,4.9e-05,4.9e-05,3e-06,3e-06,0,0,0,0,0,0,0,-1,-1,69.8,36.6974,1,0,0,benign
0.061752,2,2,86,146,43,43,43,0,73,73,73,0,3756.96,64.7752,0.020584,0.0355685,0.061655,4.8e-05,4.8e-05,4.8e-05,4.9e-05,4.9e-05,0,0,0,0,0,0,0,-1,-1,55,16.4317,1,0,0,benign
5.36983,11,8,350,6580,193,0,31.8182,65.536,1448,0,822.5,685.658,1290.54,3.53829,0.298324,1.21561,5.16851,2e-06,5.36983,0.536983,0.107641,0.0153773,0,0,0,0,1,0,0,29200,110,346.5,578.372,0,0.201315,5.16851,benign
0.060348,1,1,46,186,46,46,46,0,186,186,186,0,3844.37,33.1411,0.060348,0,0.060348,0.060348,0,0,0,0,0,0,0,0,0,0,0,-1,-1,92.6667,80.829,1,0,0,benign
8.7e-05,1,1,6,6,6,6,6,0,6,6,6,0,137931,22988.5,8.7e-05,0,8.7e-05,8.7e-05,0,0,0,0,0,0,0,0,0,1,1,64,256,6,0,1,0,0,benign
4.59062,5,1,135,46,46,6,27,20.1246,46,46,46,0,39.4283,1.30701,0.918123,1.92111,4.35155,2e-06,4.59062,1.14765,0,0,1,0,1,0,0,1,0,255,360,32.4286,18.8667,0,0,0,benign
0.024992,2,2,88,208,44,44,44,0,104,104,104,0,11843.8,160.051,0.00833067,0.0143833,0.024939,4e-06,4.9e-05,4.9e-05,4e-06,4e-06,0,0,0,0,0,0,0,-1,-1,68,32.8634,1,0,0,benign
0.147182,2,2,82,132,41,41,41,0,66,66,66,0,1453.98,27.1772,0.0490607,0.0849721,0.147178,1e-06,1e-06,1e-06,3e-06,3e-06,0,0,0,0,0,0,0,-1,-1,51,13.6931,1,0,0,benign
0.08361,2,2,68,380,34,34,34,0,190,190,190,0,5358.21,47.8412,0.02787,0.0482281,0.083559,3e-06,3e-06,3e-06,4.8e-05,4.8e-05,0,0,0,0,0,0,0,-1,-1,96.4,85.4447,1,0,0,benign
0.000196,3,1,43,6,31,6,14.3333,14.4338,6,6,6,0,250000,20408.2,6.53333e-05,5.68888e-05,0.000109,1e-06,0.000196,9.8e-05,0,0,0,0,0,0,0,1,0,1323,0,11,11.1803,0,0,0,benign
117.274,22,32,11388,16244,4600,0,517.636,1285.69,1430,0,507.625,644.883,235.619,0.460459,2.21272,11.2,58.7,1e-06,117,5.58448,117,3.78003,0,0,0,0,1,0,0,8192,546,502.4,941.466,1,0.263439,58.3,benign
0.122696,2,2,58,258,29,29,29,0,129,129,129,0,2575.47,32.6009,0.0408987,0.0708351,0.122692,0,0,0,4e-06,4e-06,0,0,0,0,0,0,0,-1,-1,69,54.7723,1,0,0,benign
0.000108,2,0,12,0,6,6,6,0,0,0,0,0,111111,18518.5,0.000108,0,0.000108,0.000108,0.000108,0.000108,0,0,0,0,0,0,0,1,0,16335,-1,6,0,0,0,0,benign
113.588,13,10,1054,4505,272,0,81.0769,99.4128,1460,0,450.5,589.012,48.9402,0.202487,5.16307,16.5,58.4,4e-06,114,9.46563,59.7,6.62984,0,0,0,0,1,0,0,8192,16384,231.625,420.577,0,0.72423,56.1,benign
91.1006,22,13,2986,6356,1305,0,135.727,379.293,2910,0,488.923,897.608,102.546,0.384191,2.67943,15.6,91.1,1e-06,91.1,4.33812,91.1,7.59171,0,0,0,0,1,0,0,65535,0,259.5,627.425,0,0.021247,91.1,benign
0.000206,2,2,62,94,31,31,31,0,47,47,47,0,757282,19417.5,6.86667e-05,7.8079e-05,0.000155,3e-06,3e-06,3e-06,4.8e-05,4.8e-05,0,0,0,0,0,0,0,-1,-1,37.4,8.76356,1,0,0,benign
5.4e-05,1,1,0,0,0,0,0,0,0,0,0,0,0,37037,5.4e-05,0,5.4e-05,5.4e-05,0,0,0,0,0,0,0,0,0,1,1,939,262,0,0,1,0,0,benign
0.031924,2,2,78,356,39,39,39,0,178,178,178,0,13594.8,125.298,0.0106413,0.0183898,0.031876,0,0,0,4.8e-05,4.8e-05,0,0,0,0,0,0,0,-1,-1,94.6,76.1334,1,0,0,benign
6.4e-05,1,1,6,6,6,6,6,0,6,6,6,0,187500,31250,6.4e-05,0,6.4e-05,6.4e-05,0,0,0,0,0,0,0,0,0,1,1,229,229,6,0,1,0,0,benign
0.119377,2,2,98,202,49,49,49,0,101,101,101,0,2513.05,33.5073,0.0397923,0.0688383,0.11928,4.8e-05,4.9e-05,4.9e-05,4.8e-05,4.8e-05,0,0,0,0,0,0,0,-1,-1,69.8,28.4816,1,0,0,benign
0.195411,2,0,12,0,6,6,6,0,0,0,0,0,61.409,10.2348,0.195411,0,0.195411,0.195411,0.195411,0.195411,0,0,0,0,0,0,0,1,0,253,-1,6,0,0,0,0,benign
0.118042,1,1,0,0,0,0,0,0,0,0,0,0,0,16.9431,0.118042,0,0.118042,0.118042,0,0,0,0,0,0,0,0,0,1,1,543,31,0,0,1,0,0,benign
3e-06,1,1,6,6,6,6,6,0,6,6,6,0,4e+06,666667,3e-06,0,3e-06,3e-06,0,0,0,0,0,0,0,0,0,1,1,62,255,6,0,1,0,0,benign
0.327804,7,7,2723,3621,2357,0,389,872.084,1481,0,517.286,666.408,19353,42.7084,0.0252157,0.0388315,0.090372,4e-05,0.235184,0.0391973,0.237551,0.0395918,0,0,0,0,1,0,0,29200,44,422.933,730.803,1,0,0,benign
0.05229,2,2,80,144,40,40,40,0,72,72,72,0,4283.8,76.4965,0.01743,0.0301836,0.052283,3e-06,3e-06,3e-06,4e-06,4e-06,0,0,0,0,0,0,0,-1,-1,52.8,17.5271,1,0,0,benign
0.160876,3,4,433,2281,427,0,144.333,244.815,2267,2,570.25,1131.17,16870.1,43.5118,0.0268127,0.0367388,0.094561,4e-06,0.127268,0.063634,0.12827,0.0427567,0,0,0,0,1,0,0,8192,30016,339.25,792.916,1,0,0,benign
0.000251,2,2,62,118,31,31,31,0,59,59,59,0,717131,15936.3,8.36667e-05,6.09125e-05,0.000154,4.8e-05,4.8e-05,4.8e-05,4.9e-05,4.9e-05,0,0,0,0,0,0,0,-1,-1,42.2,15.3362,1,0,0,benign
0.080101,4,2,136,100,34,34,34,0,50,50,50,0,2946.28,74.9054,0.0160202,0.0228358,0.049118,3e-06,0.030935,0.0103117,4.8e-05,4.8e-05,0,0,0,0,0,0,0,-1,-1,38.5714,7.8072,0,0,0,benign
0.053959,2,2,72,230,36,36,36,0,115,115,115,0,5596.84,74.1304,0.0179863,0.031148,0.053953,3e-06,3e-06,3e-06,3e-06,3e-06,0,0,0,0,0,0,0,-1,-1,67.6,43.2701,1,0,0,benign
1.93113,6,5,1086,366,534,0,181,273.442,177,0,73.2,94.7877,751.892,5.69615,0.193113,0.239808,0.642896,1.4e-05,1.28823,0.257646,1.83386,0.458464,0,0,0,0,1,0,0,8192,245,121,203.929,0,0,0,benign
5.4e-05,1,1,0,0,0,0,0,0,0,0,0,0,0,37037,5.4e-05,0,5.4e-05,5.4e-05,0,0,0,0,0,0,0,0,0,1,1,130,1188,0,0,1,0,0,benign
0.000237,2,2,104,212,52,52,52,0,106,106,106,0,1.33333e+06,16877.6,7.9e-05,5.36936e-05,0.000141,4.8e-05,4.8e-05,4.8e-05,4.8e-05,4.8e-05,0,0,0,0,0,0,0,-1,-1,73.6,29.577,1,0,0,benign
0.597159,7,6,376,3782,201,0,53.7143,78.6865,1460,0,630.333,677.217,6962.97,21.7697,0.0497632,0.0725616,0.241271,3e-05,0.597159,0.0995265,0.503723,0.100745,0,0,0,0,1,0,0,8192,60,297,518.834,0,0,0,benign
0.061316,4,2,160,494,40,40,40,0,247,247,247,0,10666.1,97.8537,0.0122632,0.0167877,0.030775,3e-06,0.030538,0.0101793,3e-06,3e-06,0,0,0,0,0,0,0,-1,-1,99.1429,101.006,0,0,0,benign
0.00059,1,1,51,111,51,51,51,0,111,111,111,0,274576,3389.83,0.00059,0,0.00059,0.00059,0,0,0,0,0,0,0,0,0,0,0,-1,-1,71,34.641,1,0,0,benign
0.000161,2,2,60,264,30,30,30,0,132,132,132,0,2.01242e+06,24844.7,5.36667e-05,8.77572e-05,0.000155,3e-06,3e-06,3e-06,3e-06,3e-06,0,0,0,0,0,0,0,-1,-1,70.8,55.8677,1,0,0,benign
0.032737,2,2,80,274,40,40,40,0,137,137,137,0,10813.5,122.186,0.0109123,0.0188947,0.03273,3e-06,4e-06,4e-06,3e-06,3e-06,0,0,0,0,0,0,0,-1,-1,78.8,53.1291,1,0,0,benign
60.8686,16,14,694,5663,373,0,43.375,104.22,1448,0,404.5,601.115,104.438,0.492865,2.09892,4.13646,10.2,5e-06,60.9,4.0579,60.8,4.6783,0,0,0,0,1,0,0,29200,79,205.065,442.626,0,0.0902597,10.1,benign
7.5e-05,1,1,0,0,0,0,0,0,0,0,0,0,0,26666.7,7.5e-05,0,7.5e-05,7.5e-05,0,0,0,0,0,0,0,0,0,1,1,114,298,0,0,1,0,0,benign
1.65957,3,3,0,0,0,0,0,0,0,0,0,0,0,3.61539,0.331914,0.153371,0.499926,0.219805,1.43977,0.719883,1.43976,0.719881,0,0,0,0,1,0,0,8192,0,0,0,1,0,0,benign
0.000192,2,2,94,196,47,47,47,0,98,98,98,0,1.51042e+06,20833.3,6.4e-05,0.00010479,0.000185,3e-06,4e-06,4e-06,3e-06,3e-06,0,0,0,0,0,0,0,-1,-1,67.4,27.9339,1,0,0,benign
0.031367,2,2,84,228,42,42,42,0,114,114,114,0,9946.76,127.523,0.0104557,0.0181063,0.031363,0,0,0,4e-06,4e-06,0,0,0,0,0,0,0,-1,-1,70.8,39.436,1,0,0,benign
8e-06,1,1,0,0,0,0,0,0,0,0,0,0,0,250000,8e-06,0,8e-06,8e-06,0,0,0,0,0,0,0,0,0,1,1,153,252,0,0,1,0,0,benign
0.251132,4,2,136,206,34,34,34,0,103,103,103,0,1361.83,23.8918,0.0502264,0.0949993,0.218256,3e-06,0.032828,0.0109427,4.8e-05,4.8e-05,0,0,0,0,0,0,0,-1,-1,53.7143,33.6686,0,0,0,benign
0.00022,2,2,66,98,33,33,33,0,49,49,49,0,745455,18181.8,7.33333e-05,8.58506e-05,0.000169,3e-06,4.8e-05,4.8e-05,3e-06,3e-06,0,0,0,0,0,0,0,-1,-1,39.4,8.76356,1,0,0,benign
0.197433,4,2,148,200,37,37,37,0,100,100,100,0,1762.62,30.3901,0.0394866,0.0709248,0.163632,3e-06,0.033797,0.0112657,4e-06,4e-06,0,0,0,0,0,0,0,-1,-1,55,30.7409,0,0,0,benign
4.4e-05,1,1,0,0,0,0,0,0,0,0,0,0,0,45454.5,4.4e-05,0,4.4e-05,4.4e-05,0,0,0,0,0,0,0,0,0,1,1,114,294,0,0,1,0,0,benign
0.00021,2,1,0,0,0,0,0,0,0,0,0,0,0,14285.7,0.000105,9.75807e-05,0.000174,3.6e-05,0.00021,0.00021,0,0,0,0,0,0,0,1,1,349,310,0,0,0,0,0,benign
0.000171,2,2,66,138,33,33,33,0,69,69,69,0,1.19298e+06,23391.8,5.7e-05,5.90169e-05,0.00012,3e-06,3e-06,3e-06,4.8e-05,4.8e-05,0,0,0,0,0,0,0,-1,-1,47.4,19.718,1,0,0,benign
0.0002,2,2,82,338,41,41,41,0,169,169,169,0,2.1e+06,20000,6.66667e-05,7.54476e-05,0.00015,3e-06,3e-06,3e-06,4.7e-05,4.7e-05,0,0,0,0,0,0,0,-1,-1,92.2,70.1085,1,0,0,benign
0.048829,2,2,76,196,38,38,38,0,98,98,98,0,5570.46,81.9185,0.0162763,0.0281784,0.048814,4e-06,1.1e-05,1.1e-05,4e-06,4e-06,0,0,0,0,0,0,0,-1,-1,62,32.8634,1,0,0,benign
8e-05,1,1,0,0,0,0,0,0,0,0,0,0,0,25000,8e-05,0,8e-05,8e-05,0,0,0,0,0,0,0,0,0,1,1,390,1508,0,0,1,0,0,benign
0.242887,1,1,6,6,6,6,6,0,6,6,6,0,49.4057,8.23428,0.242887,0,0.242887,0.242887,0,0,0,0,0,0,0,0,0,1,1,345,140,6,0,1,0,0,benign
0.000186,2,2,68,234,34,34,34,0,117,117,117,0,1.62366e+06,21505.4,6.2e-05,0.000102191,0.00018,3e-06,3e-06,3e-06,3e-06,3e-06,0,0,0,0,0,0,0,-1,-1,67.2,45.461,1,0,0,benign
32.0262,2,2,102,146,52,50,51,1.41421,78,68,73,7.07107,7.74365,0.124898,10.7,18.4,32,0.030411,32,32,32,32,0,0,0,0,0,0,0,-1,-1,59.6,12.7593,1,0.030411,32,benign
0.04853,2,2,64,204,32,32,32,0,102,102,102,0,5522.36,82.4232,0.0161767,0.0280145,0.048525,1e-06,1e-06,1e-06,4e-06,4e-06,0,0,0,0,0,0,0,-1,-1,60,38.3406,1,0,0,benign
0.015176,1,1,6,6,6,6,6,0,6,6,6,0,790.722,131.787,0.015176,0,0.015176,0.015176,0,0,0,0,0,0,0,0,0,1,1,308,31,6,0,1,0,0,benign
60.9069,9,9,1310,625,1310,0,145.556,436.667,625,0,69.4444,208.333,31.7698,0.295533,3.58276,4.95555,10.2,1.6e-05,51.2,6.40569,60.9,7.60706,0,0,0,0,1,0,0,29200,116,101.842,325.718,1,0.0627456,10.2,benign
0.019509,2,1,12,6,6,6,6,0,6,6,6,0,922.651,153.775,0.0097545,0.0137172,0.019454,5.5e-05,0.019509,0.019509,0,0,0,0,0,0,0,1,1,32,1332,6,0,0,0,0,benign
0.086897,2,2,64,248,32,32,32,0,124,124,124,0,3590.46,46.0315,0.0289657,0.0501639,0.08689,3e-06,3e-06,3e-06,4e-06,4e-06,0,0,0,0,0,0,0,-1,-1,68.8,50.3905,1,0,0,benign
2.1e-05,1,1,6,6,6,6,6,0,6,6,6,0,571429,95238.1,2.1e-05,0,2.1e-05,2.1e-05,0,0,0,0,0,0,0,0,0,1,1,344,255,6,0,1,0,0,benign
0.023774,24,29,144,54553,6,6,6,0,2896,0,1881.14,859.284,2.30071e+06,2229.33,0.000457192,0.00251865,0.018257,1e-06,0.023433,0.00101883,0.023663,0.000845107,0,1,0,0,0,0,0,0,61,1013.02,1131.72,1,0,0,benign
5.8e-05,1,1,6,6,6,6,6,0,6,6,6,0,206897,34482.8,5.8e-05,0,5.8e-05,5.8e-05,0,0,0,0,0,0,0,0,0,1,1,14290,37800,6,0,1,0,0,benign
24.2862,3,3,142,202,49,44,47.3333,2.88675,72,65,67.3333,4.04145,14.1645,0.247054,4.85723,8.08341,18.7,0.023315,24.3,12.1,24.3,12.1,0,0,0,0,0,0,0,-1,-1,56.1429,10.8694,1,0.0269065,12.1,benign
0.000117,1,1,0,0,0,0,0,0,0,0,0,0,0,17094,0.000117,0,0.000117,0.000117,0,0,0,0,0,0,0,0,0,1,0,37648,5726,0,0,1,0,0,benign
0.000194,2,2,102,224,51,51,51,0,112,112,112,0,1.68041e+06,20618.6,6.46667e-05,7.27759e-05,0.000144,1e-06,1e-06,1e-06,4.9e-05,4.9e-05,0,0,0,0,0,0,0,-1,-1,75.4,33.4111,1,0,0,benign
9.50936,4,4,209,1654,197,0,52.25,96.5414,1642,0,413.5,819.005,195.912,0.841276,1.35848,3.57253,9.46018,3.1e-05,0.049184,0.0163947,9.48563,3.16188,0,0,0,0,1,0,0,8192,946,207,541.927,1,0,0,benign
95.338,22,13,2986,6344,1305,0,135.727,379.293,2910,0,488,898.148,97.8623,0.367115,2.80406,16.3,95.3,1e-06,95.3,4.5399,95.3,7.94483,0,0,0,0,1,0,0,65535,0,259.167,627.565,0,0.020827,95.3,benign
0.072253,2,2,82,194,41,41,41,0,97,97,97,0,3819.91,55.361,0.0240843,0.0416703,0.072201,4e-06,4.8e-05,4.8e-05,4e-06,4e-06,0,0,0,0,0,0,0,-1,-1,63.4,30.6725,1,0,0,benign
0.000204,3,1,0,0,0,0,0,0,0,0,0,0,0,19607.8,6.8e-05,0.000109986,0.000195,4e-06,0.000204,0.000102,0,0,0,1,0,0,0,0,0,0,972,0,0,0,0,0,benign
0.112286,2,2,90,190,45,45,45,0,95,95,95,0,2493.63,35.6233,0.0374287,0.0648223,0.112279,3e-06,3e-06,3e-06,4e-06,4e-06,0,0,0,0,0,0,0,-1,-1,65,27.3861,1,0,0,benign
0.057751,2,2,80,158,40,40,40,0,79,79,79,0,4121.14,69.2629,0.0192503,0.0333382,0.057746,1e-06,1e-06,1e-06,4e-06,4e-06,0,0,0,0,0,0,0,-1,-1,55.6,21.3612,1,0,0,benign
0.181479,7,7,344,3104,194,0,49.1429,78.2633,1581,0,443.429,736.76,18999.4,77.1439,0.0139599,0.0180217,0.048588,2.4e-05,0.181479,0.0302465,0.097808,0.0163013,0,0,0,0,1,0,0,8192,4700,229.867,527.418,1,0,0,benign
110.849,20,18,2543,1246,973,0,127.15,310.467,539,0,69.2222,175.401,34.1817,0.34281,2.99591,4.62339,10,5.4e-05,111,5.83218,111,6.51831,0,0,0,0,1,0,0,29200,383,97.1538,251.097,0,0.0665828,10,benign
0.030748,2,2,94,268,47,47,47,0,134,134,134,0,11773.1,130.09,0.0102493,0.0177463,0.030741,3e-06,4e-06,4e-06,3e-06,3e-06,0,0,0,0,0,0,0,-1,-1,81.8,47.6519,1,0,0,benign
5.59078,3,1,12,0,6,0,4,3.4641,0,0,0,0,2.14639,0.715463,1.86359,3.1989,5.55732,2e-06,5.59078,2.79539,0,0,0,0,0,0,1,0,0,8192,29200,2.4,3.28634,0,0,0,benign
0.000144,2,2,46,46,23,23,23,0,23,23,23,0,638889,27777.8,4.8e-05,7.79423e-05,0.000138,3e-06,3e-06,3e-06,3e-06,3e-06,0,0,0,0,0,0,0,-1,-1,23,0,1,0,0,benign
0.061818,2,2,78,134,39,39,39,0,67,67,67,0,3429.42,64.7061,0.020606,0.0356872,0.061814,1e-06,1e-06,1e-06,3e-06,3e-06,0,0,0,0,0,0,0,-1,-1,50.2,15.3362,1,0,0,benign
5.17136,5,1,135,46,46,6,27,20.1246,46,46,46,0,35.0004,1.16024,1.03427,2.18815,4.94562,4e-06,5.17136,1.29284,0,0,1,0,1,0,0,1,0,256,43,32.4286,18.8667,0,0,0,benign
1.43334,13,10,1535,5936,517,0,118.077,204.037,1448,0,593.6,730.957,5212.31,16.0465,0.0651517,0.158315,0.641781,1e-06,1.43334,0.119445,0.945579,0.105064,0,0,0,0,1,0,0,29200,252,311.292,539.221,0,0,0,benign
0.014197,2,1,0,0,0,0,0,0,0,0,0,0,0,211.312,0.0070985,0.0099398,0.014127,7e-05,0.014197,0.014197,0,0,0,0,0,0,0,1,1,8190,30498,0,0,0,0,0,benign
0.000187,2,2,84,192,42,42,42,0,96,96,96,0,1.47594e+06,21390.4,6.23333e-05,0.000101904,0.00018,3e-06,3e-06,3e-06,4e-06,4e-06,0,0,0,0,0,0,0,-1,-1,63.6,29.577,1,0,0,benign
8.1e-05,1,1,6,6,6,6,6,0,6,6,6,0,148148,24691.4,8.1e-05,0,8.1e-05,8.1e-05,0,0,0,0,0,0,0,0,0,1,1,72,257,6,0,1,0,0,benign
0.000174,2,2,84,116,42,42,42,0,58,58,58,0,1.14943e+06,22988.5,5.8e-05,5.90169e-05,0.000121,4e-06,4.9e-05,4.9e-05,4e-06,4e-06,0,0,0,0,0,0,0,-1,-1,48.4,8.76356,1,0,0,benign
0.030625,1,1,40,264,40,40,40,0,264,264,264,0,9926.53,65.3061,0.030625,0,0.030625,0.030625,0,0,0,0,0,0,0,0,0,0,0,-1,-1,114.667,129.326,1,0,0,benign
3e-06,2,0,12,0,6,6,6,0,0,0,0,0,4e+06,666667,3e-06,0,3e-06,3e-06,3e-06,3e-06,0,0,0,0,0,0,0,1,0,145,-1,6,0,0,0,0,benign
0.062519,1,1,59,75,59,59,59,0,75,75,75,0,2143.35,31.9903,0.062519,0,0.062519,0.062519,0,0,0,0,0,0,0,0,0,0,0,-1,-1,64.3333,9.2376,1,0,0,benign
0.047595,4,2,148,242,37,37,37,0,121,121,121,0,8194.14,126.064,0.009519,0.0195319,0.04437,3e-06,0.044377,0.0147923,3e-06,3e-06,0,0,0,0,0,0,0,-1,-1,61,40.9878,0,0,0,benign
118.198,13,11,627,4083,205,0,48.2308,66.3917,2123,0,371.182,717.287,39.8483,0.203049,5.13905,16.9,58.8,3e-06,118,9.84984,118,11.8,0,0,0,0,1,0,0,8192,351,188.4,493.977,0,0.283282,58.7,benign
1.17119,5,4,1515,227,1497,0,303,667.471,215,0,56.75,105.538,1487.37,7.68449,0.146399,0.215668,0.527738,3e-06,1.17119,0.292798,0.468332,0.156111,0,0,0,0,1,0,0,8192,1004,174.2,469.51,0,0,0,benign
0.532095,6,2,11601,26,5840,0,1933.5,2559.3,20,6,13,9.89949,21851.4,15.0349,0.0760136,0.194408,0.516713,5e-06,0.532095,0.106419,5e-06,5e-06,0,0,0,0,1,0,0,8192,256,1291.89,2240.54,0,0,0,benign
61.0985,13,13,2145,3271,1788,0,165,492.634,1772,0,251.615,606.648,88.6438,0.425542,2.44394,4.31517,10.2,3e-06,51.9,4.32218,61.1,5.08763,0,0,0,0,1,0,0,29200,194,200.593,534.18,1,0.228801,9.95428,benign
0.050777,1,1,0,0,0,0,0,0,0,0,0,0,0,39.3879,0.050777,0,0.050777,0.050777,0,0,0,0,0,0,0,0,0,1,1,255,114,0,0,1,0,0,benign
0.048409,1,1,54,422,54,54,54,0,422,422,422,0,9832.88,41.3146,0.048409,0,0.048409,0.048409,0,0,0,0,0,0,0,0,0,0,0,-1,-1,176.667,212.465,1,0,0,benign
0.047419,2,2,80,176,40,40,40,0,88,88,88,0,5398.68,84.3544,0.0158063,0.0273358,0.047371,0,0,0,4.8e-05,4.8e-05,0,0,0,0,0,0,0,-1,-1,59.2,26.2907,1,0,0,benign
0.000223,2,2,82,182,41,41,41,0,91,91,91,0,1.18386e+06,17937.2,7.43333e-05,4.47474e-05,0.000126,4.8e-05,4.9e-05,4.9e-05,4.8e-05,4.8e-05,0,0,0,0,0,0,0,-1,-1,61,27.3861,1,0,0,benign
0.000255,2,2,90,122,45,45,45,0,61,61,61,0,831373,15686.3,8.5e-05,0.000141163,0.000248,3e-06,3e-06,3e-06,4e-06,4e-06,0,0,0,0,0,0,0,-1,-1,51.4,8.76356,1,0,0,benign
0.024584,4,2,144,328,36,36,36,0,164,164,164,0,19199.5,244.061,0.0049168,0.00901948,0.020782,2e-06,0.020789,0.00692967,2e-06,2e-06,0,0,0,0,0,0,0,-1,-1,72.5714,62.4576,0,0,0,benign
0.030675,1,1,51,67,51,51,51,0,67,67,67,0,3846.78,65.1997,0.030675,0,0.030675,0.030675,0,0,0,0,0,0,0,0,0,0,0,-1,-1,56.3333,9.2376,1,0,0,benign
0.240314,2,2,64,96,32,32,32,0,48,48,48,0,665.796,16.6449,0.0801047,0.1387,0.240262,4e-06,4.8e-05,4.8e-05,4e-06,4e-06,0,0,0,0,0,0,0,-1,-1,38.4,8.76356,1,0,0,benign
15.9311,4,4,172,306,44,42,43,1.1547,81,72,76.5,5.19615,30.0041,0.502161,2.27588,5.98959,15.8589,2e-06,15.8827,5.29422,15.9074,5.30246,0,0,0,0,0,0,0,-1,-1,57.7778,18.0609,1,0.023738,15.8589,benign
0.000942,2,2,84,284,42,42,42,0,142,142,142,0,390658,4246.28,0.000314,0.000538668,0.000936,3e-06,3e-06,3e-06,3e-06,3e-06,0,0,0,0,0,0,0,-1,-1,82,54.7723,1,0,0,benign
9.1e-05,1,1,0,0,0,0,0,0,0,0,0,0,0,21978,9.1e-05,0,9.1e-05,9.1e-05,0,0,0,0,0,0,0,0,0,1,1,145,298,0,0,1,0,0,benign
8.1e-05,1,1,0,0,0,0,0,0,0,0,0,0,0,24691.4,8.1e-05,0,8.1e-05,8.1e-05,0,0,0,0,0,0,0,0,0,1,0,237,237,0,0,1,0,0,benign
0.025729,4,4,144,208,36,36,36,0,52,52,52,0,13681.1,310.933,0.00367557,0.00955925,0.025353,3e-06,0.025587,0.008529,0.025501,0.00850033,0,0,0,0,0,0,0,-1,-1,43.1111,8.43274,1,0,0,benign
0.000251,2,2,66,278,33,33,33,0,139,139,139,0,1.37052e+06,15936.3,8.36667e-05,0.000143183,0.000249,1e-06,1e-06,1e-06,1e-06,1e-06,0,0,0,0,0,0,0,-1,-1,75.4,58.0586,1,0,0,benign
0.864538,2,2,80,274,40,40,40,0,137,137,137,0,409.467,4.62675,0.288179,0.499136,0.864532,3e-06,3e-06,3e-06,3e-06,3e-06,0,0,0,0,0,0,0,-1,-1,78.8,53.1291,1,0,0,benign
0.000317,3,1,0,0,0,0,0,0,0,0,0,0,0,12618.3,0.000105667,0.000139414,0.000266,1.3e-05,0.000317,0.0001585,0,0,0,1,0,0,0,0,0,0,972,0,0,0,0,0,benign
0.031019,2,2,82,152,41,41,41,0,76,76,76,0,7543.76,128.953,0.0103397,0.0179028,0.031012,3e-06,4e-06,4e-06,3e-06,3e-06,0,0,0,0,0,0,0,-1,-1,55,19.1703,1,0,0,benign
0.023849,2,2,66,222,33,33,33,0,111,111,111,0,12076,167.722,0.00794967,0.0137242,0.023797,4e-06,4.8e-05,4.8e-05,4e-06,4e-06,0,0,0,0,0,0,0,-1,-1,64.2,42.7224,1,0,0,benign
0.419304,4,4,576,696,576,0,144,288,696,0,174,348,3033.6,19.0792,0.0599006,0.10186,0.209364,4e-06,0.41929,0.139763,0.210654,0.070218,0,0,0,0,1,0,0,65535,4956,141.333,282.05,1,0,0,benign
0.000201,2,2,76,172,38,38,38,0,86,86,86,0,1.23383e+06,19900.5,6.7e-05,7.72722e-05,0.000152,1e-06,4.8e-05,4.8e-05,1e-06,1e-06,0,0,0,0,0,0,0,-1,-1,57.2,26.2907,1,0,0,benign
0.002093,3,1,31,0,31,0,10.3333,17.8979,0,0,0,0,14811.3,1911.13,0.000697667,0.00112446,0.001995,3e-06,0.001998,0.000999,0,0,0,0,0,0,0,1,0,981,0,6.2,13.8636,0,0,0,benign
6.70018,13,9,3126,8317,928,0,240.462,392.504,2636,0,924.111,861.552,1707.87,3.2835,0.319056,1.13869,5.24178,1.7e-05,6.70018,0.558348,1.32955,0.166193,0,0,0,0,1,0,0,8192,96,497.522,691.877,0,1.4584,5.24178,benign
1.26106,3,3,0,0,0,0,0,0,0,0,0,0,0,4.75792,0.252211,0.228318,0.502352,0.085201,1.17585,0.587927,1.17561,0.587803,0,0,0,0,1,0,0,8192,0,0,0,1,0,0,benign
0.005225,3,1,173,6,161,6,57.6667,89.4893,6,6,6,0,34258.4,765.55,0.00174167,0.00293265,0.005128,4.8e-05,0.005225,0.0026125,0,0,0,0,0,0,0,1,0,60,0,37,69.3181,0,0,0,benign
0.062215,2,2,70,248,35,35,35,0,124,124,124,0,5111.31,64.2932,0.0207383,0.0357528,0.062022,2e-06,2e-06,2e-06,0.000191,0.000191,0,0,0,0,0,0,0,-1,-1,70.6,48.7473,1,0,0,benign
0.000203,2,2,88,200,44,44,44,0,100,100,100,0,1.41872e+06,19704.4,6.76667e-05,3.49333e-05,0.000108,4.7e-05,4.8e-05,4.8e-05,4.7e-05,4.7e-05,0,0,0,0,0,0,0,-1,-1,66.4,30.6725,1,0,0,benign
7.8e-05,1,1,0,0,0,0,0,0,0,0,0,0,0,25641,7.8e-05,0,7.8e-05,7.8e-05,0,0,0,0,0,0,0,0,0,1,1,114,245,0,0,1,0,0,benign
0.05081,2,2,94,196,47,47,47,0,98,98,98,0,5707.54,78.7247,0.0169367,0.0293291,0.050803,3e-06,4e-06,4e-06,3e-06,3e-06,0,0,0,0,0,0,0,-1,-1,67.4,27.9339,1,0,0,benign
0.060414,2,2,66,130,33,33,33,0,65,65,65,0,3244.28,66.2098,0.020138,0.034874,0.060407,3e-06,3e-06,3e-06,4e-06,4e-06,0,0,0,0,0,0,0,-1,-1,45.8,17.5271,1,0,0,benign
7.7e-05,3,1,43,6,31,6,14.3333,14.4338,6,6,6,0,636364,51948.1,2.56667e-05,2.09841e-05,4.2e-05,2e-06,4.4e-05,2.2e-05,0,0,0,0,0,0,0,1,0,980,0,11,11.1803,0,0,0,benign
0.000184,2,2,66,258,33,33,33,0,129,129,129,0,1.76087e+06,21739.1,6.13333e-05,6.60177e-05,0.000133,3e-06,3e-06,3e-06,4.8e-05,4.8e-05,0,0,0,0,0,0,0,-1,-1,71.4,52.5814,1,0,0,benign
81.291,16,18,1710,6624,706,0,106.875,189.178,1430,0,368,514.058,102.521,0.418251,2.46336,10.8,58.4,1e-06,81.3,5.4194,58.6,3.44832,0,0,0,0,1,0,0,8192,374,238.114,408.192,1,0.236203,40.4,benign
0.060628,4,2,136,228,34,34,34,0,114,114,114,0,6003.83,98.9642,0.0121256,0.0166877,0.032986,3e-06,0.032993,0.0109977,4.9e-05,4.9e-05,0,0,0,0,0,0,0,-1,-1,56.8571,39.036,0,0,0,benign
2.8e-05,1,1,0,0,0,0,0,0,0,0,0,0,0,71428.6,2.8e-05,0,2.8e-05,2.8e-05,0,0,0,0,0,0,0,0,0,1,1,1006,1088,0,0,1,0,0,benign
0.061717,2,2,68,180,34,34,34,0,90,90,90,0,4018.34,64.812,0.0205723,0.0356289,0.061713,1e-06,1e-06,1e-06,3e-06,3e-06,0,0,0,0,0,0,0,-1,-1,56.4,30.6725,1,0,0,benign
0.101424,1,1,0,0,0,0,0,0,0,0,0,0,0,19.7192,0.101424,0,0.101424,0.101424,0,0,0,0,0,0,0,0,0,1,1,669,190,0,0,1,0,0,benign
0.000139,2,2,78,110,39,39,39,0,55,55,55,0,1.35252e+06,28777,4.63333e-05,7.50622e-05,0.000133,2e-06,4e-06,4e-06,2e-06,2e-06,0,0,0,0,0,0,0,-1,-1,45.4,8.76356,1,0,0,benign
0.000177,2,2,80,112,40,40,40,0,56,56,56,0,1.08475e+06,22598.9,5.9e-05,6.12454e-05,0.000125,4e-06,4e-06,4e-06,4.8e-05,4.8e-05,0,0,0,0,0,0,0,-1,-1,46.4,8.76356,1,0,0,benign
0.000138,2,2,64,96,32,32,32,0,48,48,48,0,1.15942e+06,28985.5,4.6e-05,7.53459e-05,0.000133,2e-06,3e-06,3e-06,2e-06,2e-06,0,0,0,0,0,0,0,-1,-1,38.4,8.76356,1,0,0,benign
0.061598,2,2,74,198,37,37,37,0,99,99,99,0,4415.73,64.9372,0.0205327,0.0355593,0.061593,1e-06,1e-06,1e-06,4e-06,4e-06,0,0,0,0,0,0,0,-1,-1,61.8,33.9588,1,0,0,benign
6.28596,10,13,685,3497,321,0,68.5,112.059,1432,0,269,462.652,665.292,3.65895,0.285725,1.27742,6.00409,1e-06,6.28596,0.69844,6.23521,0.519601,0,0,0,0,1,0,0,8192,66,174.25,357.557,1,0.281702,6.00409,benign
0.046578,1,1,64,117,64,64,64,0,117,117,117,0,3885.95,42.9387,0.046578,0,0.046578,0.046578,0,0,0,0,0,0,0,0,0,0,0,-1,-1,81.6667,30.5996,1,0,0,benign
64.0599,2,0,6,0,6,0,3,4.24264,0,0,0,0,0.0936623,0.0312208,64.0599,0,64.0599,64.0599,64.0599,64.0599,0,0,0,0,0,0,0,1,1,33304,-1,2,3.4641,0,0,64.0599,benign
0.030999,2,2,74,154,37,37,37,0,77,77,77,0,7355.08,129.036,0.010333,0.0178921,0.030993,3e-06,3e-06,3e-06,3e-06,3e-06,0,0,0,0,0,0,0,-1,-1,53,21.9089,1,0,0,benign
95.2922,22,13,2986,6356,1305,0,135.727,379.293,2910,0,488.923,897.608,98.0353,0.367292,2.80271,16.3391,95.273,1e-06,95.292,4.53772,95.2921,7.94101,0,0,0,0,1,0,0,65535,0,259.5,627.425,0,0.019051,95.273,benign
0.060257,2,2,70,178,35,35,35,0,89,89,89,0,4115.7,66.3823,0.0200857,0.0347452,0.060206,3e-06,3e-06,3e-06,4.8e-05,4.8e-05,0,0,0,0,0,0,0,-1,-1,56.6,29.577,1,0,0,benign
0.030473,2,2,74,138,37,37,37,0,69,69,69,0,6956.98,131.264,0.0101577,0.0175875,0.030466,3e-06,3e-06,3e-06,4e-06,4e-06,0,0,0,0,0,0,0,-1,-1,49.8,17.5271,1,0,0,benign
0.050344,1,1,0,0,0,0,0,0,0,0,0,0,0,39.7267,0.050344,0,0.050344,0.050344,0,0,0,0,0,0,0,0,0,1,1,237,126,0,0,1,0,0,benign
0.09271,2,2,84,414,42,42,42,0,207,207,207,0,5371.59,43.1453,0.0309033,0.0535209,0.092704,3e-06,3e-06,3e-06,3e-06,3e-06,0,0,0,0,0,0,0,-1,-1,108,90.3742,1,0,0,benign
0.030736,2,2,66,180,33,33,33,0,90,90,90,0,8003.64,130.141,0.0102453,0.0177004,0.030684,4e-06,4e-06,4e-06,4.8e-05,4.8e-05,0,0,0,0,0,0,0,-1,-1,55.8,31.2202,1,0,0,benign
0.131207,2,2,74,224,37,37,37,0,112,112,112,0,2271.22,30.4862,0.0437357,0.0757091,0.131157,3e-06,4.7e-05,4.7e-05,3e-06,3e-06,0,0,0,0,0,0,0,-1,-1,67,41.0792,1,0,0,benign
0.092185,1,1,0,0,0,0,0,0,0,0,0,0,0,21.6955,0.092185,0,0.092185,0.092185,0,0,0,0,0,0,0,0,0,1,1,237,31,0,0,1,0,0,benign
0.048253,2,2,64,206,32,32,32,0,103,103,103,0,5595.51,82.8964,0.0160843,0.0278554,0.048249,1e-06,1e-06,1e-06,3e-06,3e-06,0,0,0,0,0,0,0,-1,-1,60.4,38.8883,1,0,0,benign
0.000169,2,2,82,114,41,41,41,0,57,57,57,0,1.15976e+06,23668.6,5.63333e-05,5.6959e-05,0.000117,4e-06,4e-06,4e-06,4.8e-05,4.8e-05,0,0,0,0,0,0,0,-1,-1,47.4,8.76356,1,0,0,benign
0.024409,2,2,78,152,39,39,39,0,76,76,76,0,9422.75,163.874,0.00813633,0.0140882,0.024404,1e-06,1e-06,1e-06,4e-06,4e-06,0,0,0,0,0,0,0,-1,-1,53.8,20.2657,1,0,0,benign
1.2e-05,1,1,6,6,6,6,6,0,6,6,6,0,1e+06,166667,1.2e-05,0,1.2e-05,1.2e-05,0,0,0,0,0,0,0,0,0,1,0,261,136,6,0,1,0,0,benign
0.031098,2,2,100,156,50,50,50,0,78,78,78,0,8232.04,128.626,0.010366,0.0179484,0.031091,3e-06,3e-06,3e-06,4e-06,4e-06,0,0,0,0,0,0,0,-1,-1,61.2,15.3362,1,0,0,benign
5.3e-05,1,1,0,0,0,0,0,0,0,0,0,0,0,37735.8,5.3e-05,0,5.3e-05,5.3e-05,0,0,0,0,0,0,0,0,0,1,0,5454,42904,0,0,1,0,0,benign
0.022702,2,1,0,0,0,0,0,0,0,0,0,0,0,132.147,0.011351,0.0160032,0.022667,3.5e-05,0.022702,0.022702,0,0,0,0,0,0,0,1,0,5307,65535,0,0,0,0,0,benign
8.9e-05,1,4,0,0,0,0,0,0,0,0,0,0,0,56179.8,2.225e-05,2.4811e-05,4.8e-05,1e-06,0,0,5e-05,1.66667e-05,0,0,0,0,0,1,1,237,0,0,0,4,0,0,benign
0.000195,2,2,88,200,44,44,44,0,100,100,100,0,1.47692e+06,20512.8,6.5e-05,7.10422e-05,0.000143,4e-06,4e-06,4e-06,4.8e-05,4.8e-05,0,0,0,0,0,0,0,-1,-1,66.4,30.6725,1,0,0,benign
0.002992,3,1,43,6,31,6,14.3333,14.4338,6,6,6,0,16377,1336.9,0.000997333,0.00169288,0.002952,3e-06,0.002955,0.0014775,0,0,0,0,0,0,0,1,0,3045,0,11,11.1803,0,0,0,benign
118.982,69,77,5218,110733,1623,0,75.6232,286.397,2896,0,1438.09,935.197,974.525,1.22708,0.820566,2.68769,10,1e-06,119,1.74974,113,1.49192,0,0,0,0,1,0,0,29200,1333,788.782,980.024,1,0.284924,10,benign
0.034624,2,3,0,18,0,0,0,0,6,6,6,0,519.871,144.409,0.008656,0.017206,0.034465,3.3e-05,0.034546,0.034546,0.034591,0.0172955,0,0,0,0,0,1,0,122,0,3,3.28634,1,0,0,benign
0.05082,2,2,74,198,37,37,37,0,99,99,99,0,5352.22,78.7092,0.01694,0.0293366,0.050815,1e-06,1e-06,1e-06,4e-06,4e-06,0,0,0,0,0,0,0,-1,-1,61.8,33.9588,1,0,0,benign
6.7e-05,3,1,43,6,31,6,14.3333,14.4338,6,6,6,0,731343,59701.5,2.23333e-05,3.4356e-05,6.2e-05,2e-06,5e-06,2.5e-06,0,0,0,0,0,0,0,1,0,980,0,11,11.1803,0,0,0,benign
0.000931,2,2,2944,630,1472,1472,1472,0,315,315,315,0,3.83888e+06,4296.46,0.000310333,0.000530586,0.000923,3e-06,5e-06,5e-06,3e-06,3e-06,0,0,0,0,0,0,0,-1,-1,1009.2,633.715,1,0,0,benign
0.100805,9,6,554,5507,195,0,61.5556,77.9649,1460,0,917.833,720.69,60126,148.802,0.00720036,0.0109799,0.031065,2e-06,0.100805,0.0126006,0.038997,0.0077994,0,0,0,0,1,0,0,8192,119,378.812,602.12,0,0,0,benign
0.000176,2,2,60,256,30,30,30,0,128,128,128,0,1.79545e+06,22727.3,5.86667e-05,9.64175e-05,0.00017,3e-06,3e-06,3e-06,3e-06,3e-06,0,0,0,0,0,0,0,-1,-1,69.2,53.6768,1,0,0,benign
6.3e-05,1,1,0,0,0,0,0,0,0,0,0,0,0,31746,6.3e-05,0,6.3e-05,6.3e-05,0,0,0,0,0,0,0,0,0,1,1,365,428,0,0,1,0,0,benign
0.114948,2,1,12,0,6,6,6,0,0,0,0,0,104.395,26.0988,0.057474,0.0812239,0.114908,4e-05,0.114948,0.114948,0,0,0,1,0,0,0,0,0,0,245,4.5,3,0,0,0,benign
4.9e-05,1,1,0,0,0,0,0,0,0,0,0,0,0,40816.3,4.9e-05,0,4.9e-05,4.9e-05,0,0,0,0,0,0,0,0,0,1,1,362,260,0,0,1,0,0,benign
0.225572,2,2,70,178,35,35,35,0,89,89,89,0,1099.43,17.7327,0.0751907,0.130231,0.225568,1e-06,3e-06,3e-06,1e-06,1e-06,0,0,0,0,0,0,0,-1,-1,56.6,29.577,1,0,0,benign
0.131733,2,2,96,612,48,48,48,0,306,306,306,0,5374.51,30.3644,0.043911,0.0760509,0.131727,3e-06,3e-06,3e-06,3e-06,3e-06,0,0,0,0,0,0,0,-1,-1,151.2,141.312,1,0,0,benign
0.023758,1,1,41,57,41,41,41,0,57,57,57,0,4124.93,84.1822,0.023758,0,0.023758,0.023758,0,0,0,0,0,0,0,0,0,0,0,-1,-1,46.3333,9.2376,1,0,0,benign
0.079291,1,1,53,148,53,53,53,0,148,148,148,0,2534.97,25.2235,0.079291,0,0.079291,0.079291,0,0,0,0,0,0,0,0,0,0,0,-1,-1,84.6667,54.8483,1,0,0,benign
5.14223,12,10,1260,7188,894,0,105,255.834,1460,0,718.8,666.991,1642.87,4.2783,0.244868,1.08044,4.95998,5e-06,5.14223,0.467475,5.11848,0.56872,0,0,0,0,1,0,0,29200,26,367.304,560.84,0,0,0,benign
0.192643,2,2,76,266,38,38,38,0,133,133,133,0,1775.3,20.7638,0.0642143,0.111216,0.192636,3e-06,4e-06,4e-06,3e-06,3e-06,0,0,0,0,0,0,0,-1,-1,76,52.0336,1,0,0,benign
0.000186,1,1,0,0,0,0,0,0,0,0,0,0,0,10752.7,0.000186,0,0.000186,0.000186,0,0,0,0,0,0,0,0,0,1,1,106,256,0,0,1,0,0,benign
0.187618,2,2,80,242,40,40,40,0,121,121,121,0,1716.25,21.3199,0.0625393,0.108318,0.187614,1e-06,1e-06,1e-06,3e-06,3e-06,0,0,0,0,0,0,0,-1,-1,72.4,44.3655,1,0,0,benign
115.707,28,29,1277,26406,782,0,45.6071,150.425,4380,0,910.552,1119.76,239.251,0.492624,2.0662,3.9906,10,3e-06,116,4.28544,112,3.99345,0,0,0,0,1,0,0,8192,249,477.293,904.265,1,0.162829,10,benign
9.6e-05,1,4,0,12,0,0,0,0,6,0,3,3.4641,125000,52083.3,2.4e-05,3.30051e-05,7.1e-05,1e-06,0,0,7.3e-05,2.43333e-05,0,0,0,0,0,1,1,253,0,2,3.09839,4,0,0,benign
5.35344,3,1,12,0,6,0,4,3.4641,0,0,0,0,2.24155,0.747182,1.78448,3.07007,5.32947,9.9e-05,5.35344,2.67672,0,0,0,0,0,0,1,0,0,8192,29200,2.4,3.28634,0,0,0,benign
0.02344,1,1,92,124,92,92,92,0,124,124,124,0,9215.02,85.3242,0.02344,0,0.02344,0.02344,0,0,0,0,0,0,0,0,0,0,0,-1,-1,102.667,18.4752,1,0,0,benign
0.03206,1,1,0,0,0,0,0,0,0,0,0,0,0,62.383,0.03206,0,0.03206,0.03206,0,0,0,0,0,0,0,0,0,1,1,1101,211,0,0,1,0,0,benign
116.01,22,21,5682,4963,5328,0,258.273,1133.38,1448,0,236.333,488.121,91.7595,0.370658,2.76214,4.50428,10.2,4e-06,116,5.52428,112,5.62426,0,0,0,0,1,0,0,29200,1301,241.932,860.044,0,0.0456611,10.2,benign
0.03051,1,1,43,59,43,43,43,0,59,59,59,0,3343.17,65.5523,0.03051,0,0.03051,0.03051,0,0,0,0,0,0,0,0,0,0,0,-1,-1,48.3333,9.2376,1,0,0,benign
0.052167,1,1,53,107,53,53,53,0,107,107,107,0,3067.07,38.3384,0.052167,0,0.052167,0.052167,0,0,0,0,0,0,0,0,0,0,0,-1,-1,71,31.1769,1,0,0,benign
0.000285,2,2,64,340,32,32,32,0,170,170,170,0,1.41754e+06,14035.1,9.5e-05,0.000160222,0.00028,1e-06,1e-06,1e-06,4e-06,4e-06,0,0,0,0,0,0,0,-1,-1,87.2,75.5857,1,0,0,benign
115.716,534,966,5498,1.50235e+06,433,0,10.2959,39.5952,2920,0,1555.23,437.49,13030.6,12.9628,0.0771955,0.858687,10,0,116,0.217075,116,0.119897,0,0,0,0,1,0,0,8192,70,1004.56,819.497,1,0.518025,10,benign
3.62434,5,1,123,46,46,0,24.6,23.2766,46,46,46,0,46.6292,1.65547,0.724868,1.608,3.6013,1.9e-05,3.62434,0.906085,0,0,1,0,1,0,0,1,0,500,165,30.7143,21.685,0,0,0,benign
0.000449,1,1,92,174,92,92,92,0,174,174,174,0,592428,4454.34,0.000449,0,0.000449,0.000449,0,0,0,0,0,0,0,0,0,0,0,-1,-1,119.333,47.3427,1,0,0,benign
0.002651,2,2,74,130,37,37,37,0,65,65,65,0,76952.1,1508.86,0.000883667,0.00152882,0.002649,1e-06,1e-06,1e-06,1e-06,1e-06,0,0,0,0,0,0,0,-1,-1,48.2,15.3362,1,0,0,benign
0.035675,2,2,68,166,34,34,34,0,83,83,83,0,6559.22,112.123,0.0118917,0.0205926,0.03567,1e-06,1e-06,1e-06,4e-06,4e-06,0,0,0,0,0,0,0,-1,-1,53.6,26.8384,1,0,0,benign
3.7e-05,2,1,31,6,31,0,15.5,21.9203,6,6,6,0,1e+06,81081.1,1.85e-05,2.05061e-05,3.3e-05,4e-06,4e-06,4e-06,0,0,1,0,1,0,0,1,0,972,0,17,16.3503,0,0,0,benign
6.02206,3,1,0,0,0,0,0,0,0,0,0,0,0,0.664224,2.00736,3.45709,5.99924,5.8e-05,6.02206,3.01103,0,0,0,0,0,0,1,0,0,29200,65535,0,0,0,0,0,benign
0.050406,1,1,101,158,101,101,101,0,158,158,158,0,5138.28,39.6778,0.050406,0,0.050406,0.050406,0,0,0,0,0,0,0,0,0,0,0,-1,-1,120,32.909,1,0,0,benign
119.414,6,6,188,1244,38,28,31.3333,5.16398,284,54,207.333,118.771,11.9919,0.100491,10.8558,35.9841,119.352,3e-06,119.414,23.8828,119.414,23.8828,0,0,0,0,0,0,0,-1,-1,113.077,118.919,1,0.000139,119.352,benign
0.069363,4,2,120,162,30,30,30,0,81,81,81,0,4065.57,86.5014,0.0138726,0.0191015,0.037804,3e-06,0.031556,0.0105187,3e-06,3e-06,0,0,0,0,0,0,0,-1,-1,44.5714,24.8855,0,0,0,benign
0.000306,2,2,66,408,33,33,33,0,204,204,204,0,1.54902e+06,13071.9,0.000102,0.000174937,0.000304,1e-06,1e-06,1e-06,1e-06,1e-06,0,0,0,0,0,0,0,-1,-1,101.4,93.6606,1,0,0,benign
0.193471,2,2,84,286,42,42,42,0,143,143,143,0,1912.43,20.6749,0.0644903,0.111695,0.193465,2e-06,4e-06,4e-06,2e-06,2e-06,0,0,0,0,0,0,0,-1,-1,82.4,55.32,1,0,0,benign
0.033273,2,2,70,338,35,35,35,0,169,169,169,0,12262.2,120.218,0.011091,0.0192067,0.033269,1e-06,1e-06,1e-06,3e-06,3e-06,0,0,0,0,0,0,0,-1,-1,88.6,73.3948,1,0,0,benign
1.00349,52,59,3428,80369,837,0,65.9231,214.345,2896,0,1362.19,789.529,83505.4,110.614,0.00912265,0.0494098,0.497764,0,1.00349,0.0196763,0.980721,0.016909,0,0,0,0,1,0,0,65535,286,748.188,877.679,1,0,0,benign
0.000104,1,1,0,0,0,0,0,0,0,0,0,0,0,19230.8,0.000104,0,0.000104,0.000104,0,0,0,0,0,0,0,0,0,1,1,260,33304,0,0,1,0,0,benign
0.02414,2,2,58,330,29,29,29,0,165,165,165,0,16072.9,165.7,0.00804667,0.0138931,0.024089,3e-06,3e-06,3e-06,4.8e-05,4.8e-05,0,0,0,0,0,0,0,-1,-1,83.4,74.4903,1,0,0,benign
58.1863,2,2,108,193,56,52,54,2.82843,125,68,96.5,40.3051,5.17304,0.0687447,19.4,33.5,58.1,0.000513,58.1,58.1,58.2,58.2,0,0,0,0,0,0,0,-1,-1,70.6,31.1095,1,0.000513,58.1,benign
0.031122,2,2,84,284,42,42,42,0,142,142,142,0,11824.4,128.526,0.010374,0.0179622,0.031115,3e-06,4e-06,4e-06,3e-06,3e-06,0,0,0,0,0,0,0,-1,-1,82,54.7723,1,0,0,benign
0.061792,2,2,76,140,38,38,38,0,70,70,70,0,3495.6,64.7333,0.0205973,0.0356704,0.061786,3e-06,3e-06,3e-06,3e-06,3e-06,0,0,0,0,0,0,0,-1,-1,50.8,17.5271,1,0,0,benign
0.000159,2,2,88,188,44,44,44,0,94,94,94,0,1.73585e+06,25157.2,5.3e-05,8.9202e-05,0.000156,1e-06,1e-06,1e-06,2e-06,2e-06,0,0,0,0,0,0,0,-1,-1,64,27.3861,1,0,0,benign
0.031202,4,4,136,844,34,34,34,0,211,211,211,0,31408.2,256.394,0.00445743,0.0116766,0.030937,1e-06,0.030945,0.010315,6.3e-05,2.1e-05,0,0,0,0,0,0,0,-1,-1,112.667,93.2872,1,0,0,benign
0.00013,1,1,0,0,0,0,0,0,0,0,0,0,0,15384.6,0.00013,0,0.00013,0.00013,0,0,0,0,0,0,0,0,0,1,1,59,33304,0,0,1,0,0,benign
5.3e-05,1,1,0,0,0,0,0,0,0,0,0,0,0,37735.8,5.3e-05,0,5.3e-05,5.3e-05,0,0,0,0,0,0,0,0,0,1,0,60,0,0,0,1,0,0,benign
0.136506,2,2,102,438,51,51,51,0,219,219,219,0,3955.87,29.3027,0.045502,0.0788066,0.1365,3e-06,3e-06,3e-06,3e-06,3e-06,0,0,0,0,0,0,0,-1,-1,118.2,92.0174,1,0,0,benign
0.000188,2,2,132,388,66,66,66,0,194,194,194,0,2.76596e+06,21276.6,6.26667e-05,0.000102481,0.000181,3e-06,4e-06,4e-06,3e-06,3e-06,0,0,0,0,0,0,0,-1,-1,117.2,70.1085,1,0,0,benign
0.052548,5,1,377,6,258,6,75.4,105.375,6,6,6,0,7288.57,114.181,0.0105096,0.0161278,0.036622,4e-06,0.052548,0.013137,0,0,1,0,1,0,0,1,0,110,0,91.5714,116.006,0,0,0,benign
6.7e-05,1,1,0,0,0,0,0,0,0,0,0,0,0,29850.7,6.7e-05,0,6.7e-05,6.7e-05,0,0,0,0,0,0,0,0,0,1,1,357,398,0,0,1,0,0,benign
0.000156,2,2,78,110,39,39,39,0,55,55,55,0,1.20513e+06,25641,5.2e-05,4.95681e-05,0.000103,4e-06,4e-06,4e-06,4.9e-05,4.9e-05,0,0,0,0,0,0,0,-1,-1,45.4,8.76356,1,0,0,benign
0.073098,2,2,76,146,38,38,38,0,73,73,73,0,3037.02,54.7211,0.024366,0.0421997,0.073094,1e-06,1e-06,1e-06,3e-06,3e-06,0,0,0,0,0,0,0,-1,-1,52,19.1703,1,0,0,benign
0.091441,1,1,40,210,40,40,40,0,210,210,210,0,2734,21.872,0.091441,0,0.091441,0.091441,0,0,0,0,0,0,0,0,0,0,0,-1,-1,96.6667,98.1495,1,0,0,benign
0.048437,2,2,86,248,43,43,43,0,124,124,124,0,6895.56,82.5815,0.0161457,0.0279591,0.04843,3e-06,3e-06,3e-06,4e-06,4e-06,0,0,0,0,0,0,0,-1,-1,75.4,44.3655,1,0,0,benign
0.066668,2,2,72,370,36,36,36,0,185,185,185,0,6629.87,59.9988,0.0222227,0.0384449,0.066615,4e-06,4.9e-05,4.9e-05,4e-06,4e-06,0,0,0,0,0,0,0,-1,-1,95.6,81.6107,1,0,0,benign
1.0002,2,0,12,0,6,6,6,0,0,0,0,0,11.9976,1.99959,1.0002,0,1.0002,1.0002,1.0002,1.0002,0,0,0,0,0,0,0,1,0,7266,-1,6,0,0,0,0,benign
0.000302,2,2,60,450,30,30,30,0,225,225,225,0,1.68874e+06,13245,0.000100667,9.20887e-05,0.000207,4.7e-05,4.8e-05,4.8e-05,4.7e-05,4.7e-05,0,0,0,0,0,0,0,-1,-1,108,106.806,1,0,0,benign
0.000202,2,2,86,162,43,43,43,0,81,81,81,0,1.22772e+06,19802,6.73333e-05,7.48955e-05,0.00015,4e-06,4e-06,4e-06,4.8e-05,4.8e-05,0,0,0,0,0,0,0,-1,-1,58.2,20.8135,1,0,0,benign
7.1e-05,1,1,0,0,0,0,0,0,0,0,0,0,0,28169,7.1e-05,0,7.1e-05,7.1e-05,0,0,0,0,0,0,0,0,0,1,1,913,16425,0,0,1,0,0,benign
2.4e-05,1,1,6,6,6,6,6,0,6,6,6,0,500000,83333.3,2.4e-05,0,2.4e-05,2.4e-05,0,0,0,0,0,0,0,0,0,1,1,242,258,6,0,1,0,0,benign
0.020388,2,2,76,268,38,38,38,0,134,134,134,0,16872.7,196.194,0.006796,0.0117676,0.020384,1e-06,3e-06,3e-06,1e-06,1e-06,0,0,0,0,0,0,0,-1,-1,76.4,52.5814,1,0,0,benign
100.167,9,6,62,11601,20,0,6.88889,5.30199,5840,0,1933.5,2189.77,116.435,0.149749,7.15482,24.8,93,1e-06,100,12.5,0.036128,0.0072256,0,0,0,0,0,1,0,256,229,729.312,1589.47,0,0.001056,50.1,ddos
8.80558,5,0,30,0,6,6,6,0,0,0,0,0,3.40693,0.567822,2.2014,4.40213,8.80458,1e-06,8.80558,2.2014,0,0,0,0,0,0,0,1,0,256,-1,6,0,0,0.000997,8.80458,ddos
0.820086,3,4,26,11607,20,0,8.66667,10.2632,11595,0,2901.75,5795.5,14185.1,8.53569,0.136681,0.334465,0.819405,1e-06,0.000628,0.000314,0.82004,0.273347,0,0,0,0,1,0,0,8192,229,1454.12,4097.54,1,0,0,ddos
2.71647,5,0,30,0,6,6,6,0,0,0,0,0,11.0437,1.84062,0.679117,1.35744,2.71528,0.000249,2.71647,0.679117,0,0,0,0,0,0,0,1,0,256,-1,6,0,0,0,0,ddos
11.0987,5,0,30,0,6,6,6,0,0,0,0,0,2.70301,0.450502,2.77468,5.54802,11.1,1e-06,11.1,2.77468,0,0,0,0,0,0,0,1,0,256,-1,6,0,0,0.002006,11.1,ddos
1.14632,3,4,26,11607,20,0,8.66667,10.2632,11595,0,2901.75,5795.5,10148.1,6.1065,0.191053,0.467521,1.14538,1.5e-05,0.000676,0.000338,1.1463,0.382101,0,0,0,0,1,0,0,8192,229,1454.12,4097.54,1,0,0,ddos
11.1058,4,0,24,0,6,6,6,0,0,0,0,0,2.16104,0.360173,3.70192,6.41191,11.1,1e-06,11.1,3.70192,0,0,0,0,0,0,0,1,0,256,-1,6,0,0,2e-06,11.1,ddos
7.28983,4,0,24,0,6,6,6,0,0,0,0,0,3.29226,0.54871,2.42994,4.20878,7.28982,1e-06,7.28983,2.42994,0,0,0,0,0,0,0,1,0,256,-1,6,0,0,4e-06,7.28982,ddos
0.762334,3,7,26,11607,20,0,8.66667,10.2632,5840,0,1658.14,2137.3,15259.7,13.1176,0.0847038,0.253592,0.760949,3e-06,0.001,0.0005,0.762285,0.127048,0,0,0,0,1,0,0,8192,229,1057.55,1853.44,2,0,0,ddos
98.1012,9,4,62,11601,20,0,6.88889,5.30199,7215,0,2900.25,3540,118.887,0.132516,8.1751,26.3,91.7,1.8e-05,97.6,12.2,0.498675,0.166225,0,0,0,0,0,1,0,256,229,833.5,2175.3,0,0.000868,48.8,ddos
8.76993,4,0,24,0,6,6,6,0,0,0,0,0,2.73663,0.456104,2.92331,5.06245,8.76893,3e-06,8.76993,2.92331,0,0,0,0,0,0,0,1,0,256,-1,6,0,0,0.000998,8.76893,ddos
1.66595,3,5,26,11607,20,0,8.66667,10.2632,7215,0,2321.4,3327.77,6982.82,4.80208,0.237992,0.629272,1.66505,4e-06,0.000698,0.000349,1.6659,0.416475,0,0,0,0,1,0,0,8192,229,1292.56,2650.59,1,0,0,ddos
12.1178,5,0,30,0,6,6,6,0,0,0,0,0,2.4757,0.412617,3.02944,6.05754,12.1,4e-06,12.1,3.02944,0,0,0,0,0,0,0,1,0,256,-1,6,0,0,0.00201,12.1,ddos
0.003929,3,4,26,11607,20,0,8.66667,10.2632,11595,0,2901.75,5795.5,2.9608e+06,1781.62,0.000654833,0.000850822,0.002308,1.9e-05,0.002611,0.0013055,0.00391,0.00130333,0,0,0,0,1,0,0,8192,229,1454.12,4097.54,1,0,0,ddos
1.05692,3,6,26,11607,20,0,8.66667,10.2632,5840,0,1934.5,2538.92,11006.6,8.51535,0.132114,0.373265,1.0559,2e-06,0.000842,0.000421,1.05687,0.211374,0,0,0,0,1,0,0,8192,229,1163.3,2138.33,2,0,0,ddos
1.88738,3,6,26,11607,20,0,8.66667,10.2632,5840,0,1934.5,2538.92,6163.58,4.76853,0.235922,0.666864,1.88633,1e-05,0.000737,0.0003685,1.88736,0.377472,0,0,0,0,1,0,0,8192,229,1163.3,2138.33,2,0,0,ddos
0.758103,3,6,26,11601,20,0,8.66667,10.2632,4380,0,1933.5,1973.02,15337,11.8717,0.0947629,0.265981,0.753023,1.1e-05,0.00477,0.002385,0.758089,0.151618,0,0,0,0,1,0,0,8192,229,1162.7,1775.65,2,0,0,ddos
0.190851,3,5,26,11607,20,0,8.66667,10.2632,7215,0,2321.4,3327.77,60953.3,41.9175,0.0272644,0.0717699,0.190023,4e-06,0.000611,0.0003055,0.190713,0.0476782,0,0,0,0,1,0,0,8192,229,1292.56,2650.59,1,0,0,ddos
1.79098,4,0,24,0,6,6,6,0,0,0,0,0,13.4005,2.23341,0.596995,1.03142,1.78797,1e-06,1.79098,0.596995,0,0,0,0,0,0,0,1,0,256,-1,6,0,0,0,0,ddos
100.357,9,5,62,11607,20,0,6.88889,5.30199,10135,0,2321.4,4413.2,116.275,0.139502,7.71976,26.2,94.9,1e-06,98.6,12.3,1.77983,0.444958,0,0,0,0,0,1,0,256,229,778.333,2615.39,0,3.69893,94.9,ddos
0.849903,3,4,26,11601,20,0,8.66667,10.2632,10135,0,2900.25,4871.83,13680.4,8.23623,0.14165,0.342101,0.839919,5.1e-05,0.009749,0.0048745,0.849724,0.283241,0,0,0,0,1,0,0,8192,229,1453.38,3544.65,1,0,0,ddos
11.9347,4,0,24,0,6,6,6,0,0,0,0,0,2.01095,0.335158,3.97822,6.88876,11.9,3e-06,11.9,3.97822,0,0,0,0,0,0,0,1,0,256,-1,6,0,0,0.001989,11.9,ddos
0.030427,3,7,26,11601,20,0,8.66667,10.2632,4380,0,1657.29,1561.97,382128,328.655,0.00338078,0.00790073,0.024141,4.5e-05,0.025501,0.0127505,0.030358,0.00505967,0,0,0,0,1,0,0,8192,229,1057,1468.86,2,0,0,ddos
0.498967,3,5,26,11601,20,0,8.66667,10.2632,4380,0,2320.2,2207.34,23302.1,16.0331,0.071281,0.177257,0.472704,0.000144,0.025559,0.0127795,0.498823,0.124706,0,0,0,0,1,0,0,8192,229,1291.89,1980.71,1,0,0,ddos
2.02899,4,0,24,0,6,6,6,0,0,0,0,0,11.8285,1.97142,0.67633,1.17072,2.02816,0.000296,2.02899,0.67633,0,0,0,0,0,0,0,1,0,256,-1,6,0,0,0,0,ddos
1.83903,3,6,26,11607,20,0,8.66667,10.2632,4380,0,1934.5,2177.34,6325.61,4.89388,0.229879,0.649856,1.83819,3e-06,0.000721,0.0003605,1.83899,0.367797,0,0,0,0,1,0,0,8192,229,1163.3,1903.96,2,0,0,ddos
0.032605,3,4,26,11601,20,0,8.66667,10.2632,8760,0,2900.25,4128.32,356602,214.691,0.00543417,0.0102283,0.025768,9.1e-05,0.006275,0.0031375,0.032514,0.010838,0,0,0,0,1,0,0,8192,229,1453.38,3113.95,1,0,0,ddos
0.77633,3,6,26,11601,20,0,8.66667,10.2632,4380,0,1933.5,1757.79,14976.9,11.593,0.0970412,0.269789,0.76467,4.7e-05,0.011279,0.0056395,0.77628,0.155256,0,0,0,0,1,0,0,8192,229,1162.7,1645.24,2,0,0,ddos
0.260436,3,5,26,11607,20,0,8.66667,10.2632,10135,0,2321.4,4413.2,44667.4,30.7177,0.0372051,0.0979591,0.259355,5e-06,0.000778,0.000389,0.260391,0.0650977,0,0,0,0,1,0,0,8192,229,1292.56,3350.63,1,0,0,ddos
0.650164,3,4,26,11601,20,0,8.66667,10.2632,8760,0,2900.25,4128.32,17883.2,10.7665,0.108361,0.263131,0.645466,7.3e-05,0.004436,0.002218,0.650008,0.216669,0,0,0,0,1,0,0,8192,229,1453.38,3113.95,1,0,0,ddos
0.258894,3,7,26,11601,20,0,8.66667,10.2632,4380,0,1657.29,1561.97,44910.3,38.6258,0.028766,0.0847064,0.254635,1.6e-05,0.003545,0.0017725,0.25881,0.043135,0,0,0,0,1,0,0,8192,229,1057,1468.86,2,0,0,ddos
3.30593,4,0,24,0,6,6,6,0,0,0,0,0,7.25967,1.20995,1.10198,1.90868,3.30593,1e-06,3.30593,1.10198,0,0,0,0,0,0,0,1,0,256,-1,6,0,0,0,0,ddos
0.112837,3,6,26,11607,20,0,8.66667,10.2632,4380,0,1934.5,2177.34,103096,79.7611,0.0141046,0.0394539,0.111747,8e-06,0.000751,0.0003755,0.112793,0.0225586,0,0,0,0,1,0,0,8192,229,1163.3,1903.96,2,0,0,ddos
9.34678,4,0,24,0,6,6,6,0,0,0,0,0,2.56773,0.427955,3.11559,5.3955,9.34578,3e-06,9.34678,3.11559,0,0,0,0,0,0,0,1,0,256,-1,6,0,0,0.000993,9.34578,ddos
0.187214,3,6,26,11601,20,0,8.66667,10.2632,4380,0,1933.5,1998.03,62105.4,48.0733,0.0234017,0.0635001,0.180472,3e-06,0.006172,0.003086,0.187152,0.0374304,0,0,0,0,1,0,0,8192,229,1162.7,1791.11,2,0,0,ddos
8.1714,5,0,30,0,6,6,6,0,0,0,0,0,3.67134,0.61189,2.04285,4.08456,8.16969,0.000241,8.1714,2.04285,0,0,0,0,0,0,0,1,0,256,-1,6,0,0,0.001713,8.16969,ddos
4.23493,5,0,30,0,6,6,6,0,0,0,0,0,7.08395,1.18066,1.05873,2.11669,4.23377,1e-06,4.23493,1.05873,0,0,0,0,0,0,0,1,0,256,-1,6,0,0,0,0,ddos
4.89987,5,0,30,0,6,6,6,0,0,0,0,0,6.12261,1.02044,1.22497,2.44926,4.89886,1e-06,4.89987,1.22497,0,0,0,0,0,0,0,1,0,256,-1,6,0,0,0,0,ddos
0.500297,3,6,26,11607,20,0,8.66667,10.2632,5840,0,1934.5,2538.92,23252.2,17.9893,0.0625371,0.176526,0.499416,3e-06,0.000522,0.000261,0.50025,0.10005,0,0,0,0,1,0,0,8192,229,1163.3,2138.33,2,0,0,ddos
1.68259,5,0,30,0,6,6,6,0,0,0,0,0,17.8296,2.9716,0.420649,0.840632,1.6816,1e-06,1.68259,0.420649,0,0,0,0,0,0,0,1,0,256,-1,6,0,0,0,0,ddos
6.56363,4,0,24,0,6,6,6,0,0,0,0,0,3.65651,0.609419,2.18788,3.78858,6.56255,4e-06,6.56363,2.18788,0,0,0,0,0,0,0,1,0,256,-1,6,0,0,0.001077,6.56255,ddos
0.341229,3,7,26,11601,20,0,8.66667,10.2632,2920,0,1657.29,1299.17,34073.9,29.3058,0.0379143,0.108184,0.326158,5e-06,0.013968,0.006984,0.340954,0.0568257,0,0,0,0,1,0,0,8192,229,1057,1306.29,2,0,0,ddos
100.862,8,4,56,11607,20,0,7,5.65685,11595,0,2901.75,5795.5,115.634,0.118975,9.16924,29.7,98.8,3e-06,99,14.1,1.8771,0.625701,0,0,0,0,0,1,0,256,229,897.615,3214.17,0,0.198028,98.8,ddos
0.424956,3,4,26,11601,20,0,8.66667,10.2632,8760,0,2900.25,4128.32,27360.5,16.4723,0.070826,0.170361,0.418554,0.000145,0.005992,0.002996,0.424811,0.141604,0,0,0,0,1,0,0,8192,229,1453.38,3113.95,1,0,0,ddos
99.5607,8,6,56,11607,20,0,7,5.65685,4380,0,1934.5,2177.34,117.145,0.140618,7.65852,24.4,88.5,0,98.3,14,1.30309,0.260617,0,0,0,0,0,1,0,256,229,777.933,1627.46,0,0.00043,49.1,ddos
0.862997,3,6,26,11607,20,0,8.66667,10.2632,4380,0,1934.5,2177.34,13479.8,10.4288,0.107875,0.304712,0.861997,3e-06,0.000878,0.000439,0.862947,0.172589,0,0,0,0,1,0,0,8192,229,1163.3,1903.96,2,0,0,ddos
0.147264,2,4,20,11601,20,0,10,14.1421,7215,0,2900.25,3540,78912.7,40.7432,0.0294528,0.062298,0.140792,3e-05,0.006284,0.006284,0.14723,0.0490767,0,0,0,0,1,0,0,8192,229,1660.14,2942.46,2,0,0,ddos
3.12794,4,0,24,0,6,6,6,0,0,0,0,0,7.67278,1.2788,1.04265,1.80507,3.12697,1e-06,3.12794,1.04265,0,0,0,0,0,0,0,1,0,256,-1,6,0,0,0,0,ddos
0.555078,3,6,26,11607,20,0,8.66667,10.2632,5840,0,1934.5,2538.92,20957.4,16.2139,0.0693847,0.195859,0.554111,3e-06,0.000578,0.000289,0.555061,0.111012,0,0,0,0,1,0,0,8192,229,1163.3,2138.33,2,0,0,ddos
0.02637,3,6,26,11601,20,0,8.66667,10.2632,4380,0,1933.5,1757.79,440918,341.297,0.00329625,0.00690323,0.019705,1.5e-05,0.005754,0.002877,0.026313,0.0052626,0,0,0,0,1,0,0,8192,229,1162.7,1645.24,2,0,0,ddos
0.041261,3,7,26,11601,20,0,8.66667,10.2632,5840,0,1657.29,1964.9,281792,242.36,0.00458456,0.00899525,0.024371,4.6e-05,0.025017,0.0125085,0.041152,0.00685867,0,0,0,0,1,0,0,8192,229,1057,1734.99,2,0,0,ddos
98.4404,8,5,56,11601,20,0,7,5.65685,4380,0,2320.2,2207.34,118.417,0.13206,8.20337,25.2,87.6,3e-06,97.9,14,0.588045,0.147011,0,0,0,0,0,1,0,256,229,833.071,1679.99,0,0.000993,48.9,ddos
4.08392,4,0,24,0,6,6,6,0,0,0,0,0,5.87671,0.979452,1.36131,2.35698,4.08291,1e-06,4.08392,1.36131,0,0,0,0,0,0,0,1,0,256,-1,6,0,0,0,0,ddos
97.7432,8,5,56,11607,20,0,7,5.65685,10135,0,2321.4,4413.2,119.323,0.133002,8.14526,27,93.7,1e-06,96,13.7,1.73478,0.433694,0,0,0,0,0,1,0,256,229,833.5,2705.04,0,2.32129,93.7,ddos
100.782,8,6,56,11607,20,0,7,5.65685,5840,0,1934.5,2558.4,115.725,0.138913,7.75249,26.9,97.1,5e-06,100,14.3,0.560676,0.112135,0,0,0,0,0,1,0,256,229,777.933,1814.69,0,3.0901,97.1,ddos
98.393,8,6,56,11607,20,0,7,5.65685,4380,0,1934.5,2177.34,118.535,0.142286,7.5687,25.8,93.2,2e-06,97.9,14,0.494871,0.0989742,0,0,0,0,0,1,0,256,229,777.933,1627.46,0,4.6849,93.2,ddos
7.868,5,0,30,0,6,6,6,0,0,0,0,0,3.81291,0.635486,1.967,3.93243,7.86564,1e-06,7.868,1.967,0,0,0,0,0,0,0,1,0,256,-1,6,0,0,0.002352,7.86564,ddos
8.19982,5,0,30,0,6,6,6,0,0,0,0,0,3.65862,0.60977,2.04995,4.0999,8.19981,0,8.19982,2.04995,0,0,0,0,0,0,0,1,0,256,-1,6,0,0,6e-06,8.19981,ddos
0.201081,5,0,30,0,6,6,6,0,0,0,0,0,149.194,24.8656,0.0502702,0.0992454,0.199134,3e-06,0.201081,0.0502702,0,0,0,0,0,0,0,1,0,256,-1,6,0,0,0,0,ddos
9.28181,4,0,24,0,6,6,6,0,0,0,0,0,2.5857,0.430951,3.09394,5.35885,9.2818,1e-06,9.28181,3.09394,0,0,0,0,0,0,0,1,0,256,-1,6,0,0,2e-06,9.2818,ddos
0.755708,3,6,26,11601,20,0,8.66667,10.2632,4380,0,1933.5,1757.79,15385.6,11.9094,0.0944635,0.265668,0.751954,1.6e-05,0.003231,0.0016155,0.755629,0.151126,0,0,0,0,1,0,0,8192,229,1162.7,1645.24,2,0,0,ddos
0.306359,4,7,32,11601,20,0,8,8.48528,4380,0,1657.29,1561.97,37971.8,35.9056,0.0306359,0.0840116,0.267429,6.6e-05,0.306004,0.102001,0.306212,0.0510353,0,0,0,0,1,0,0,8192,229,969.417,1432.99,1,0,0,ddos
2.17094,4,0,24,0,6,6,6,0,0,0,0,0,11.0551,1.84252,0.723648,1.25254,2.16996,4e-06,2.17094,0.723648,0,0,0,0,0,0,0,1,0,256,-1,6,0,0,0,0,ddos
8.53577,5,0,30,0,6,6,6,0,0,0,0,0,3.51462,0.58577,2.13394,4.26657,8.53379,2e-06,8.53577,2.13394,0,0,0,0,0,0,0,1,0,256,-1,6,0,0,0.001977,8.53379,ddos
4.28591,5,0,30,0,6,6,6,0,0,0,0,0,6.99968,1.16661,1.07148,2.14162,4.2839,3e-06,4.28591,1.07148,0,0,0,0,0,0,0,1,0,256,-1,6,0,0,0,0,ddos
0.098945,3,5,26,11601,20,0,8.66667,10.2632,4380,0,2320.2,2207.34,117510,80.853,0.014135,0.033391,0.089543,6.1e-05,0.008681,0.0043405,0.098884,0.024721,0,0,0,0,1,0,0,8192,229,1291.89,1980.71,1,0,0,ddos
7.38581,4,0,24,0,6,6,6,0,0,0,0,0,3.24948,0.541579,2.46194,4.2633,7.38477,2e-06,7.38581,2.46194,0,0,0,0,0,0,0,1,0,256,-1,6,0,0,0.001033,7.38477,ddos
6.56181,4,0,24,0,6,6,6,0,0,0,0,0,3.65753,0.609588,2.18727,3.78759,6.5608,3e-06,6.56181,2.18727,0,0,0,0,0,0,0,1,0,256,-1,6,0,0,0.00101,6.5608,ddos
2.01306,5,0,30,0,6,6,6,0,0,0,0,0,14.9027,2.48379,0.503264,1.00583,2.01201,0.000322,2.01306,0.503264,0,0,0,0,0,0,0,1,0,256,-1,6,0,0,0,0,ddos
2.63233,4,0,24,0,6,6,6,0,0,0,0,0,9.11738,1.51956,0.877445,1.51917,2.63163,0.000332,2.63233,0.877445,0,0,0,0,0,0,0,1,0,256,-1,6,0,0,0,0,ddos
3.01766,5,0,30,0,6,6,6,0,0,0,0,0,9.94148,1.65691,0.754414,1.50843,3.01706,0.000128,3.01766,0.754414,0,0,0,0,0,0,0,1,0,256,-1,6,0,0,0,0,ddos
0.050453,3,6,26,11601,20,0,8.66667,10.2632,5840,0,1933.5,2201.08,230452,178.384,0.00630662,0.0115961,0.028862,9.5e-05,0.029262,0.014631,0.050276,0.0100552,0,0,0,0,1,0,0,8192,229,1162.7,1918.8,2,0,0,ddos
0.788186,3,5,26,11601,20,0,8.66667,10.2632,8760,0,2320.2,3668.9,14751.6,10.1499,0.112598,0.294834,0.781202,8.3e-05,0.006098,0.003049,0.788103,0.197026,0,0,0,0,1,0,0,8192,229,1291.89,2866.61,1,0,0,ddos
0.377681,3,5,26,11607,20,0,8.66667,10.2632,5840,0,2321.4,3173.37,30801.1,21.1819,0.0539544,0.1424,0.376887,3e-06,0.000605,0.0003025,0.377646,0.0944115,0,0,0,0,1,0,0,8192,229,1292.56,2554.16,1,0,0,ddos
6.00092,5,0,30,0,6,6,6,0,0,0,0,0,4.99924,0.833206,1.50023,2.99853,5.99802,0.000227,6.00092,1.50023,0,0,0,0,0,0,0,1,0,256,-1,6,0,0,0.002898,5.99802,ddos
7.51538,5,0,30,0,6,6,6,0,0,0,0,0,3.99181,0.665302,1.87885,3.75617,7.5131,0.000275,7.51538,1.87885,0,0,0,0,0,0,0,1,0,256,-1,6,0,0,0.002281,7.5131,ddos
1.70054,3,5,26,11607,20,0,8.66667,10.2632,10135,0,2321.4,4413.2,6840.77,4.70439,0.242934,0.642209,1.69933,4e-06,0.00095,0.000475,1.70049,0.425123,0,0,0,0,1,0,0,8192,229,1292.56,3350.63,1,0,0,ddos
0.682147,3,6,26,11601,20,0,8.66667,10.2632,4380,0,1933.5,1757.79,17044.7,13.1936,0.0852684,0.239219,0.677296,1.6e-05,0.004341,0.0021705,0.682098,0.13642,0,0,0,0,1,0,0,8192,229,1162.7,1645.24,2,0,0,ddos
1.0906,3,6,26,11601,20,0,8.66667,10.2632,5840,0,1933.5,2189.77,10661.1,8.25231,0.136325,0.381364,1.08011,1e-06,0.009988,0.004994,1.09058,0.218115,0,0,0,0,1,0,0,8192,229,1162.7,1911.6,2,0,0,ddos
0.653077,6,0,36,0,6,6,6,0,0,0,0,0,55.1237,9.18728,0.130615,0.290948,0.651078,0,0.653077,0.130615,0,0,0,0,0,0,0,1,0,256,-1,6,0,0,0,0,ddos
7.99981,5,0,30,0,6,6,6,0,0,0,0,0,3.75009,0.625014,1.99995,3.99832,7.99744,1e-06,7.99981,1.99995,0,0,0,0,0,0,0,1,0,256,-1,6,0,0,0.002377,7.99744,ddos
1.14663,3,6,26,11607,20,0,8.66667,10.2632,5840,0,1934.5,2538.92,10145.4,7.84912,0.143328,0.404965,1.14556,3e-06,0.000933,0.0004665,1.14661,0.229322,0,0,0,0,1,0,0,8192,229,1163.3,2138.33,2,0,0,ddos
0.785614,3,5,26,11607,20,0,8.66667,10.2632,8760,0,2321.4,3802.32,14807.5,10.1831,0.112231,0.296614,0.784887,2e-06,0.000522,0.000261,0.78557,0.196392,0,0,0,0,1,0,0,8192,229,1292.56,2952.52,1,0,0,ddos
12.1497,4,0,24,0,6,6,6,0,0,0,0,0,1.97536,0.329227,4.0499,7.01377,12.1,4e-06,12.1,4.0499,0,0,0,0,0,0,0,1,0,256,-1,6,0,0,0.000992,12.1,ddos
0.650964,3,6,26,11607,20,0,8.66667,10.2632,5840,0,1934.5,2538.92,17870.4,13.8256,0.0813705,0.229839,0.650194,2e-06,0.000606,0.000303,0.650921,0.130184,0,0,0,0,1,0,0,8192,229,1163.3,2138.33,2,0,0,ddos
0.211351,3,4,26,11607,20,0,8.66667,10.2632,11595,0,2901.75,5795.5,55041.1,33.1203,0.0352252,0.0857194,0.210197,4e-06,0.00112,0.00056,0.211325,0.0704417,0,0,0,0,1,0,0,8192,229,1454.12,4097.54,1,0,0,ddos
0.125874,3,6,26,11601,20,0,8.66667,10.2632,5840,0,1933.5,2189.77,92370.1,71.5001,0.0157342,0.0363421,0.10371,2e-05,0.021817,0.0109085,0.125854,0.0251708,0,0,0,0,1,0,0,8192,229,1162.7,1911.6,2,0,0,ddos
2.28398,5,0,30,0,6,6,6,0,0,0,0,0,13.135,2.18916,0.570995,1.14062,2.28193,1e-06,2.28398,0.570995,0,0,0,0,0,0,0,1,0,256,-1,6,0,0,0,0,ddos
0.633741,3,4,26,11601,20,0,8.66667,10.2632,7300,0,2900.25,3563.3,18346.6,11.0455,0.105623,0.24985,0.61542,3e-06,0.018006,0.009003,0.633642,0.211214,0,0,0,0,1,0,0,8192,229,1453.38,2798.96,1,0,0,ddos
100.812,8,4,56,11601,20,0,7,5.65685,8760,0,2900.25,4128.32,115.631,0.119033,9.16477,28.4,94.6,3e-06,100,14.3,0.478202,0.159401,0,0,0,0,0,1,0,256,229,897.154,2488.51,0,0.00491,50.2,ddos
97.9176,8,5,56,11601,20,0,7,5.65685,8760,0,2320.2,3668.9,119.049,0.132765,8.1598,25.8,89.7,1e-06,97.9,14,0.043444,0.010861,0,0,0,0,0,1,0,256,229,833.071,2337.72,0,0.000831,48.9,ddos
0.034757,3,6,26,11601,20,0,8.66667,10.2632,5840,0,1933.5,2189.77,334523,258.941,0.00434462,0.0112875,0.032254,4.9e-05,0.032605,0.0163025,0.03456,0.006912,0,0,0,0,1,0,0,8192,229,1162.7,1911.6,2,0,0,ddos
94.9326,9,5,62,11607,20,0,6.88889,5.30199,10135,0,2321.4,4413.2,122.919,0.147473,7.30251,23.1,83.6,1e-06,94.9,11.9,0.031335,0.00783375,0,0,0,0,0,1,0,256,229,778.333,2615.39,0,0.00197,47.4,ddos
8.09795,4,0,24,0,6,6,6,0,0,0,0,0,2.96371,0.493952,2.69932,4.67451,8.09697,1e-06,8.09795,2.69932,0,0,0,0,0,0,0,1,0,256,-1,6,0,0,0.000979,8.09697,ddos
0.793771,3,7,26,11601,20,0,8.66667,10.2632,4380,0,1657.29,1548.67,14647.8,12.5981,0.0881968,0.251325,0.757671,1e-06,0.035535,0.0177675,0.79377,0.132295,0,0,0,0,1,0,0,8192,229,1057,1460.38,2,0,0,ddos
98.6309,8,6,56,11607,20,0,7,5.65685,4380,0,1934.5,2177.34,118.249,0.141943,7.587,25.9,93.7,3e-06,97.4,13.9,1.24382,0.248764,0,0,0,0,0,1,0,256,229,777.933,1627.46,0,3.72672,93.7,ddos
0.671439,3,5,26,11601,20,0,8.66667,10.2632,7300,0,2320.2,3022.51,17316.5,11.9147,0.0959199,0.246844,0.655574,8.8e-05,0.015203,0.0076015,0.67135,0.167838,0,0,0,0,1,0,0,8192,229,1291.89,2460.65,1,0,0,ddos
1.28876,3,5,26,11601,20,0,8.66667,10.2632,5840,0,2320.2,2436.83,9021.84,6.20751,0.184109,0.479486,1.27141,6.6e-05,0.016906,0.008453,1.28864,0.322159,0,0,0,0,1,0,0,8192,229,1291.89,2110.95,1,0,0,ddos
97.2045,8,6,56,11601,20,0,7,5.65685,4380,0,1933.5,1757.79,119.922,0.144026,7.47727,25.7,93,5e-06,97.2,13.9,0.05728,0.011456,0,0,0,0,0,1,0,256,229,777.533,1434.57,0,4.19407,93,ddos
2.66995,5,0,30,0,6,6,6,0,0,0,0,0,11.2361,1.87269,0.667488,1.33299,2.66698,1e-06,2.66995,0.667488,0,0,0,0,0,0,0,1,0,256,-1,6,0,0,0,0,ddos
95.864,8,5,56,11601,20,0,7,5.65685,4380,0,2320.2,2207.34,121.599,0.135609,7.98867,25.5,88.7,1e-06,95.9,13.7,0.026868,0.006717,0,0,0,0,0,1,0,256,229,833.071,1679.99,0,0.001821,47.9,ddos
7.87736,5,0,30,0,6,6,6,0,0,0,0,0,3.80838,0.63473,1.96934,3.93802,7.87637,4e-06,7.87736,1.96934,0,0,0,0,0,0,0,1,0,256,-1,6,0,0,0.000986,7.87637,ddos
97.2012,9,6,62,11601,20,0,6.88889,5.30199,5840,0,1933.5,2189.77,119.988,0.154319,6.94295,24.2,90.9,1e-06,97.2,12.2,0.054922,0.0109844,0,0,0,0,0,1,0,256,229,729.312,1589.47,0,0.002005,48.6,ddos
0.123061,3,5,26,11601,20,0,8.66667,10.2632,5840,0,2320.2,2436.83,94481.6,65.0084,0.0175801,0.0374746,0.100523,3.3e-05,0.022122,0.011061,0.123001,0.0307502,0,0,0,0,1,0,0,8192,229,1291.89,2110.95,1,0,0,ddos
0.485411,3,5,26,11607,20,0,8.66667,10.2632,10220,0,2321.4,4455.18,23965.3,16.4809,0.0693444,0.183018,0.48439,2e-06,0.000826,0.000413,0.485337,0.121334,0,0,0,0,1,0,0,8192,229,1292.56,3378.3,1,0,0,ddos
6.03882,4,0,24,0,6,6,6,0,0,0,0,0,3.97429,0.662381,2.01294,3.48646,6.03875,4e-06,6.03882,2.01294,0,0,0,0,0,0,0,1,0,256,-1,6,0,0,6.8e-05,6.03875,ddos
10.4614,5,0,30,0,6,6,6,0,0,0,0,0,2.86768,0.477947,2.61536,5.22971,10.5,0.000255,10.5,2.61536,0,0,0,0,0,0,0,1,0,256,-1,6,0,0,0.001507,10.5,ddos
9.17576,6,0,36,0,6,6,6,0,0,0,0,0,3.92338,0.653897,1.83515,4.10241,9.17376,1e-06,9.17576,1.83515,0,0,0,0,0,0,0,1,0,256,-1,6,0,0,0.001997,9.17376,ddos
0.558825,3,4,26,11607,20,0,8.66667,10.2632,11595,0,2901.75,5795.5,20816.9,12.5263,0.0931375,0.227785,0.558102,6e-06,0.000664,0.000332,0.558776,0.186259,0,0,0,0,1,0,0,8192,229,1454.12,4097.54,1,0,0,ddos
10.6787,5,0,30,0,6,6,6,0,0,0,0,0,2.80932,0.46822,2.66968,5.33886,10.7,0.00016,10.7,2.66968,0,0,0,0,0,0,0,1,0,256,-1,6,0,0,0.000769,10.7,ddos
98.1019,9,5,62,11607,20,0,6.88889,5.30199,10135,0,2321.4,4413.2,118.948,0.142709,7.5463,25.4,91.9,3e-06,97.7,12.2,0.411594,0.102898,0,0,0,0,0,1,0,256,229,778.333,2615.39,0,0.001428,48.8,ddos
0.913664,3,4,26,11607,20,0,8.66667,10.2632,11595,0,2901.75,5795.5,12732.3,7.66146,0.152277,0.371496,0.910587,5.3e-05,0.002777,0.0013885,0.913611,0.304537,0,0,0,0,1,0,0,8192,229,1454.12,4097.54,1,0,0,ddos
1.23898,3,5,26,11601,20,0,8.66667,10.2632,5840,0,2320.2,2436.83,9384.31,6.45691,0.176998,0.466152,1.23412,5e-06,0.004303,0.0021515,1.23898,0.309744,0,0,0,0,1,0,0,8192,229,1291.89,2110.95,1,0,0,ddos
6.96188,5,0,30,0,6,6,6,0,0,0,0,0,4.30918,0.718197,1.74047,3.47912,6.95915,0.000299,6.96188,1.74047,0,0,0,0,0,0,0,1,0,256,-1,6,0,0,0.002731,6.95915,ddos
3.31353,4,0,24,0,6,6,6,0,0,0,0,0,7.24302,1.20717,1.10451,1.91226,3.3126,1e-06,3.31353,1.10451,0,0,0,0,0,0,0,1,0,256,-1,6,0,0,0,0,ddos
5.66801,5,0,30,0,6,6,6,0,0,0,0,0,5.29286,0.882143,1.417,2.83265,5.66598,3e-06,5.66801,1.417,0,0,0,0,0,0,0,1,0,256,-1,6,0,0,0.002033,5.66598,ddos
6.31883,4,0,24,0,6,6,6,0,0,0,0,0,3.79817,0.633028,2.10628,3.64299,6.31284,0.000995,6.31883,2.10628,0,0,0,0,0,0,0,1,0,256,-1,6,0,0,0.005993,6.31284,ddos
6.06281,6,0,36,0,6,6,6,0,0,0,0,0,5.93784,0.98964,1.21256,2.71028,6.06085,1e-06,6.06281,1.21256,0,0,0,0,0,0,0,1,0,256,-1,6,0,0,0.001958,6.06085,ddos
0.024383,3,4,26,11601,20,0,8.66667,10.2632,10135,0,2900.25,4871.83,476849,287.085,0.00406383,0.00834265,0.020927,1e-06,0.003168,0.001584,0.024229,0.00807633,0,0,0,0,1,0,0,8192,229,1453.38,3544.65,1,0,0,ddos
7.34485,5,0,30,0,6,6,6,0,0,0,0,0,4.08449,0.680749,1.83621,3.66909,7.33984,2e-06,7.34485,1.83621,0,0,0,0,0,0,0,1,0,256,-1,6,0,0,0.005008,7.33984,ddos
0.147151,3,5,26,11601,20,0,8.66667,10.2632,5840,0,2320.2,2436.83,79014.1,54.3659,0.0210216,0.0429665,0.114786,6.4e-05,0.031933,0.0159665,0.147077,0.0367692,0,0,0,0,1,0,0,8192,229,1291.89,2110.95,1,0,0,ddos
0.035228,3,6,26,11601,20,0,8.66667,10.2632,4380,0,1933.5,1757.79,330050,255.479,0.0044035,0.00891305,0.024747,2e-06,0.009969,0.0049845,0.035197,0.0070394,0,0,0,0,1,0,0,8192,229,1162.7,1645.24,2,0,0,ddos
96.3786,8,4,56,11607,20,0,7,5.65685,11595,0,2901.75,5795.5,121.012,0.124509,8.76169,26.3,87.6,3e-06,96,13.7,0.424851,0.141617,0,0,0,0,0,1,0,256,229,897.615,3214.17,0,0.000903,48,ddos
0.58874,3,6,26,11607,20,0,8.66667,10.2632,4380,0,1934.5,2177.34,19759.1,15.2869,0.0735925,0.20781,0.587897,3e-06,0.000732,0.000366,0.588693,0.117739,0,0,0,0,1,0,0,8192,229,1163.3,1903.96,2,0,0,ddos
12.0927,5,0,30,0,6,6,6,0,0,0,0,0,2.48084,0.413473,3.02317,6.04499,12.1,1e-06,12.1,3.02317,0,0,0,0,0,0,0,1,0,256,-1,6,0,0,0.002027,12.1,ddos
21.6034,4,0,24,0,6,6,6,0,0,0,0,0,1.11094,0.185156,7.20112,12.5,21.6,6e-06,21.6,7.20112,0,0,0,0,0,0,0,1,0,256,-1,6,0,0,0.000999,21.6,ddos
10.0811,4,0,24,0,6,6,6,0,0,0,0,0,2.38068,0.39678,3.36038,5.81975,10.1,0.000343,10.1,3.36038,0,0,0,0,0,0,0,1,0,256,-1,6,0,0,0.000701,10.1,ddos
4.03691,5,0,30,0,6,6,6,0,0,0,0,0,7.43142,1.23857,1.00923,2.01779,4.03591,1e-06,4.03691,1.00923,0,0,0,0,0,0,0,1,0,256,-1,6,0,0,0,0,ddos
0.051123,6,0,36,0,6,6,6,0,0,0,0,0,704.184,117.364,0.0102246,0.0222844,0.05008,1e-06,0.051123,0.0102246,0,0,0,0,0,0,0,1,0,256,-1,6,0,0,0,0,ddos
1.23655,3,6,26,11601,20,0,8.66667,10.2632,4380,0,1933.5,1757.79,9402.8,7.27833,0.154568,0.427699,1.21289,1.5e-05,0.023347,0.0116735,1.23647,0.247294,0,0,0,0,1,0,0,8192,229,1162.7,1645.24,2,0,0,ddos
0.450567,3,5,26,11601,20,0,8.66667,10.2632,7300,0,2320.2,3022.51,25805.3,17.7554,0.0643667,0.161801,0.430973,5.6e-05,0.019037,0.0095185,0.450508,0.112627,0,0,0,0,1,0,0,8192,229,1291.89,2460.65,1,0,0,ddos
0.560887,3,5,26,11607,20,0,8.66667,10.2632,8760,0,2321.4,3802.32,20740.4,14.2631,0.0801267,0.211469,0.559694,2e-06,0.000783,0.0003915,0.560838,0.140209,0,0,0,0,1,0,0,8192,229,1292.56,2952.52,1,0,0,ddos
0.593435,3,4,26,11607,20,0,8.66667,10.2632,11595,0,2901.75,5795.5,19602.8,11.7957,0.0989058,0.241739,0.592353,4e-06,0.001001,0.0005005,0.593388,0.197796,0,0,0,0,1,0,0,8192,229,1454.12,4097.54,1,0,0,ddos
0.829228,3,5,26,11607,20,0,8.66667,10.2632,10135,0,2321.4,4413.2,14028.7,9.64753,0.118461,0.312525,0.827201,5e-06,0.001793,0.0008965,0.829214,0.207304,0,0,0,0,1,0,0,8192,229,1292.56,3350.63,1,0,0,ddos
9.56588,5,0,30,0,6,6,6,0,0,0,0,0,3.13615,0.522691,2.39147,4.78161,9.56389,0,9.56588,2.39147,0,0,0,0,0,0,0,1,0,256,-1,6,0,0,0.001996,9.56389,ddos
98.1547,8,4,56,11607,20,0,7,5.65685,11595,0,2901.75,5795.5,118.823,0.122256,8.92315,28.8,95.8,5e-06,97.8,14,0.367888,0.122629,0,0,0,0,0,1,0,256,229,897.615,3214.17,0,2.00365,95.8,ddos
10.0887,5,0,30,0,6,6,6,0,0,0,0,0,2.97361,0.495602,2.52219,5.04371,10.1,1e-06,10.1,2.52219,0,0,0,0,0,0,0,1,0,256,-1,6,0,0,0.000996,10.1,ddos
0.033441,3,4,26,11601,20,0,8.66667,10.2632,8760,0,2900.25,4128.32,347687,209.324,0.0055735,0.0103009,0.025943,4.9e-05,0.026051,0.0130255,0.033382,0.0111273,0,0,0,0,1,0,0,8192,229,1453.38,3113.95,1,0,0,ddos
97.5436,7,4,44,11601,20,0,6.28571,6.67618,7215,0,2900.25,3540,119.383,0.11277,9.75436,29.2,92.8,5e-06,95.7,16,1.82328,0.607762,0,0,0,0,0,1,0,256,229,970.917,2334.12,0,2.91594,92.8,ddos
97.7454,8,5,56,11607,20,0,7,5.65685,5840,0,2321.4,3173.37,119.32,0.132999,8.14545,27.1,94,1e-06,96.3,13.8,1.45548,0.363869,0,0,0,0,0,1,0,256,229,833.5,2103.12,0,2.26497,94,ddos
3.9119,4,0,24,0,6,6,6,0,0,0,0,0,6.13512,1.02252,1.30397,2.25853,3.9119,1e-06,3.9119,1.30397,0,0,0,0,0,0,0,1,0,256,-1,6,0,0,0,0,ddos
1.42999,4,0,24,0,6,6,6,0,0,0,0,0,16.7834,2.79723,0.476662,0.823039,1.42702,4e-06,1.42999,0.476662,0,0,0,0,0,0,0,1,0,256,-1,6,0,0,0,0,ddos
5.07589,5,0,30,0,6,6,6,0,0,0,0,0,5.9103,0.98505,1.26897,2.53661,5.07389,0.000226,5.07589,1.26897,0,0,0,0,0,0,0,1,0,256,-1,6,0,0,0.001996,5.07389,ddos
1.31763,3,5,26,11607,20,0,8.66667,10.2632,7215,0,2321.4,3327.77,8828.72,6.0715,0.188233,0.497734,1.31699,4e-06,0.000453,0.0002265,1.31758,0.329394,0,0,0,0,1,0,0,8192,229,1292.56,2650.59,1,0,0,ddos
102.066,8,4,56,11601,20,0,7,5.65685,7215,0,2900.25,3540,114.21,0.11757,9.27877,29.1,97,4e-06,101,14.4,1.14228,0.38076,0,0,0,0,0,1,0,256,229,897.154,2250.51,0,3.93293,97,ddos
4.39492,5,0,30,0,6,6,6,0,0,0,0,0,6.82606,1.13768,1.09873,2.19679,4.39391,1e-06,4.39492,1.09873,0,0,0,0,0,0,0,1,0,256,-1,6,0,0,0,0,ddos
0.078924,3,5,26,11607,20,0,8.66667,10.2632,10135,0,2321.4,4413.2,147395,101.363,0.0112749,0.0294526,0.078066,4e-06,0.000598,0.000299,0.078878,0.0197195,0,0,0,0,1,0,0,8192,229,1292.56,3350.63,1,0,0,ddos
1.20786,3,7,26,11607,20,0,8.66667,10.2632,4380,0,1658.14,1964.05,9631.06,8.27908,0.134207,0.402297,1.207,2e-06,0.000528,0.000264,1.20782,0.201303,0,0,0,0,1,0,0,8192,229,1057.55,1734.62,2,0,0,ddos
98.0799,8,6,56,11607,20,0,7,5.65685,5840,0,1934.5,2538.92,118.913,0.142741,7.54461,25.9,93.6,1e-06,97.8,14,0.285788,0.0571576,0,0,0,0,0,1,0,256,229,777.933,1804.9,0,4.14894,93.6,ddos
1.37326,3,4,26,11607,20,0,8.66667,10.2632,11595,0,2901.75,5795.5,8471.09,5.09736,0.228876,0.560009,1.37199,5e-06,0.001193,0.0005965,1.37307,0.457689,0,0,0,0,1,0,0,8192,229,1454.12,4097.54,1,0,0,ddos
1.75278,3,6,26,11601,20,0,8.66667,10.2632,5840,0,1933.5,2201.08,6633.47,5.1347,0.219097,0.617987,1.74853,5.7e-05,0.003651,0.0018255,1.75268,0.350536,0,0,0,0,1,0,0,8192,229,1162.7,1918.8,2,0,0,ddos
93.8004,8,4,56,11601,20,0,7,5.65685,7215,0,2900.25,3540,124.275,0.127931,8.52731,27.9,92.7,3e-06,93.7,13.4,0.11901,0.03967,0,0,0,0,0,1,0,256,229,897.154,2250.51,0,0.958984,92.7,ddos
1.3673,3,6,26,11607,20,0,8.66667,10.2632,4380,0,1934.5,2177.34,8508.03,6.58233,0.170912,0.482544,1.36515,1.6e-05,0.001426,0.000713,1.36724,0.273447,0,0,0,0,1,0,0,8192,229,1163.3,1903.96,2,0,0,ddos
0.033999,3,5,26,11601,20,0,8.66667,10.2632,5840,0,2320.2,2436.83,341981,235.301,0.004857,0.0119396,0.031924,9.9e-05,0.033007,0.0165035,0.0339,0.008475,0,0,0,0,1,0,0,8192,229,1291.89,2110.95,1,0,0,ddos
100.779,8,6,56,11607,20,0,7,5.65685,4380,0,1934.5,2177.34,115.728,0.138918,7.75223,26,94.2,0,100,14.3,0.530133,0.106027,0,0,0,0,0,1,0,256,229,777.933,1627.46,0,0.002007,50.1,ddos
0.254779,3,5,26,11607,20,0,8.66667,10.2632,7215,0,2321.4,3327.77,45659.2,31.3998,0.036397,0.095806,0.253664,4e-06,0.00089,0.000445,0.254681,0.0636702,0,0,0,0,1,0,0,8192,229,1292.56,2650.59,1,0,0,ddos
0.653614,3,6,26,11601,20,0,8.66667,10.2632,4380,0,1933.5,1757.79,17788.8,13.7696,0.0817017,0.222439,0.631913,1.5e-05,0.021305,0.0106525,0.653421,0.130684,0,0,0,0,1,0,0,8192,229,1162.7,1645.24,2,0,0,ddos
0.165455,3,6,26,11601,20,0,8.66667,10.2632,5840,0,1933.5,2189.77,70272.9,54.3955,0.0206819,0.0535275,0.152757,8e-06,0.012046,0.006023,0.16539,0.033078,0,0,0,0,1,0,0,8192,229,1162.7,1911.6,2,0,0,ddos
1.89196,4,0,24,0,6,6,6,0,0,0,0,0,12.6852,2.11421,0.630655,1.0906,1.88997,0.000992,1.89196,0.630655,0,0,0,0,0,0,0,1,0,256,-1,6,0,0,0,0,ddos
1.92813,4,0,24,0,6,6,6,0,0,0,0,0,12.4473,2.07454,0.642712,1.11321,1.92813,1e-06,1.92813,0.642712,0,0,0,0,0,0,0,1,0,256,-1,6,0,0,0,0,ddos
0.040164,5,0,30,0,6,6,6,0,0,0,0,0,746.938,124.49,0.010041,0.0194183,0.03916,1e-06,0.040164,0.010041,0,0,0,0,0,0,0,1,0,256,-1,6,0,0,0,0,ddos
4.02687,5,0,30,0,6,6,6,0,0,0,0,0,7.44995,1.24166,1.00672,2.01264,4.02567,0,4.02687,1.00672,0,0,0,0,0,0,0,1,0,256,-1,6,0,0,0,0,ddos
0.646978,5,0,30,0,6,6,6,0,0,0,0,0,46.3694,7.72824,0.161744,0.322835,0.645996,1e-06,0.646978,0.161744,0,0,0,0,0,0,0,1,0,256,-1,6,0,0,0,0,ddos
100.279,8,5,56,11601,20,0,7,5.65685,5840,0,2320.2,2436.83,116.246,0.129638,8.3566,25.5,88.9,1e-06,98.6,14.1,1.70992,0.42748,0,0,0,0,0,1,0,256,229,833.071,1774.91,0,0.000978,49.3,ddos
7.97681,5,0,30,0,6,6,6,0,0,0,0,0,3.7609,0.626817,1.9942,3.98774,7.97581,0,7.97681,1.9942,0,0,0,0,0,0,0,1,0,256,-1,6,0,0,0.001,7.97581,ddos
0.744244,3,5,26,11601,20,0,8.66667,10.2632,4380,0,2320.2,2207.34,15622.6,10.7492,0.106321,0.268244,0.714155,4.7e-05,0.029178,0.014589,0.744197,0.186049,0,0,0,0,1,0,0,8192,229,1291.89,1980.71,1,0,0,ddos
11.0659,4,0,24,0,6,6,6,0,0,0,0,0,2.16883,0.361472,3.68862,6.38801,11.1,1e-06,11.1,3.68862,0,0,0,0,0,0,0,1,0,256,-1,6,0,0,0.001002,11.1,ddos
0.220092,3,5,26,11601,20,0,8.66667,10.2632,8760,0,2320.2,3668.9,52827.9,36.3484,0.0314417,0.0721932,0.193731,2.7e-05,0.02592,0.01296,0.220065,0.0550162,0,0,0,0,1,0,0,8192,229,1291.89,2866.61,1,0,0,ddos
102.168,8,4,56,11601,20,0,7,5.65685,8760,0,2900.25,4128.32,114.097,0.117454,9.28799,30.3,101,0.000162,102,14.6,0.252924,0.084308,0,0,0,0,0,1,0,256,229,897.154,2488.51,0,1.2017,101,ddos
0.523936,3,4,26,11607,20,0,8.66667,10.2632,11595,0,2901.75,5795.5,22203.1,13.3604,0.0873227,0.213514,0.523156,4e-06,0.000688,0.000344,0.523807,0.174602,0,0,0,0,1,0,0,8192,229,1454.12,4097.54,1,0,0,ddos
0.683783,3,4,26,11601,20,0,8.66667,10.2632,5840,0,2900.25,3345.64,17003.9,10.2372,0.113964,0.269632,0.664145,6.4e-05,0.019392,0.009696,0.683719,0.227906,0,0,0,0,1,0,0,8192,229,1453.38,2681.36,1,0,0,ddos
0.139063,6,0,36,0,6,6,6,0,0,0,0,0,258.875,43.1459,0.0278126,0.0610691,0.137053,1e-06,0.139063,0.0278126,0,0,0,0,0,0,0,1,0,256,-1,6,0,0,0,0,ddos
6.0119,5,0,30,0,6,6,6,0,0,0,0,0,4.9901,0.831683,1.50298,3.00262,6.0069,1e-06,6.0119,1.50298,0,0,0,0,0,0,0,1,0,256,-1,6,0,0,0.005003,6.0069,ddos
8.09969,4,0,24,0,6,6,6,0,0,0,0,0,2.96308,0.493846,2.6999,4.67559,8.0988,1e-05,8.09969,2.6999,0,0,0,0,0,0,0,1,0,256,-1,6,0,0,0.000889,8.0988,ddos
10.0932,4,0,24,0,6,6,6,0,0,0,0,0,2.37783,0.396306,3.36441,5.82732,10.1,1e-06,10.1,3.36441,0,0,0,0,0,0,0,1,0,256,-1,6,0,0,2e-06,10.1,ddos
2.28994,5,0,30,0,6,6,6,0,0,0,0,0,13.1008,2.18346,0.572486,1.14364,2.28795,0,2.28994,0.572486,0,0,0,0,0,0,0,1,0,256,-1,6,0,0,0,0,ddos
1.3605,3,6,26,11607,20,0,8.66667,10.2632,8760,0,1934.5,3414.85,8550.51,6.6152,0.170063,0.480516,1.35928,4.5e-05,0.000818,0.000409,1.36046,0.272091,0,0,0,0,1,0,0,8192,229,1163.3,2733.08,2,0,0,ddos
1.248,5,0,30,0,6,6,6,0,0,0,0,0,24.0385,4.00642,0.311999,0.623339,1.24701,1e-06,1.248,0.311999,0,0,0,0,0,0,0,1,0,256,-1,6,0,0,0,0,ddos
5.81079,4,0,24,0,6,6,6,0,0,0,0,0,4.13025,0.688375,1.93693,3.35424,5.81007,0.000273,5.81079,1.93693,0,0,0,0,0,0,0,1,0,256,-1,6,0,0,0.000714,5.81007,ddos
0.267636,3,6,26,11601,20,0,8.66667,10.2632,4380,0,1933.5,1757.79,43443.3,33.6278,0.0334545,0.0928987,0.263347,4e-06,0.003844,0.001922,0.267412,0.0534824,0,0,0,0,1,0,0,8192,229,1162.7,1645.24,2,0,0,ddos
24.5764,4,0,24,0,6,6,6,0,0,0,0,0,0.976547,0.162758,8.19213,14.2,24.6,4e-06,24.6,8.19213,0,0,0,0,0,0,0,1,0,256,-1,6,0,0,0.001007,24.6,ddos
1.70166,3,6,26,11601,20,0,8.66667,10.2632,5840,0,1933.5,2189.77,6832.74,5.28895,0.212708,0.586309,1.66338,1.5e-05,0.03797,0.018985,1.70161,0.340322,0,0,0,0,1,0,0,8192,229,1162.7,1911.6,2,0,0,ddos
9.70778,4,0,24,0,6,6,6,0,0,0,0,0,2.47224,0.41204,3.23593,5.60423,9.70713,0.00029,9.70778,3.23593,0,0,0,0,0,0,0,1,0,256,-1,6,0,0,0.000651,9.70713,ddos
0.049862,3,4,26,11601,20,0,8.66667,10.2632,8760,0,2900.25,4128.32,233184,140.387,0.00831033,0.0165792,0.041571,4e-05,0.008003,0.0040015,0.049822,0.0166073,0,0,0,0,1,0,0,8192,229,1453.38,3113.95,1,0,0,ddos
97.8959,8,5,56,11601,20,0,7,5.65685,4380,0,2320.2,2207.34,119.075,0.132794,8.15799,25.3,88.2,1e-06,97.8,14,0.135622,0.0339055,0,0,0,0,0,1,0,256,229,833.071,1679.99,0,0.000985,48.9,ddos
0.413926,3,4,26,11607,20,0,8.66667,10.2632,11595,0,2901.75,5795.5,28104.1,16.9112,0.0689877,0.168609,0.413159,3e-06,0.000639,0.0003195,0.413833,0.137944,0,0,0,0,1,0,0,8192,229,1454.12,4097.54,1,0,0,ddos
0.217343,3,6,26,11601,20,0,8.66667,10.2632,4380,0,1933.5,1757.79,53496.1,41.4092,0.0271679,0.075414,0.213795,1.5e-05,0.00322,0.00161,0.217253,0.0434506,0,0,0,0,1,0,0,8192,229,1162.7,1645.24,2,0,0,ddos
96.969,8,6,56,11607,20,0,7,5.65685,5840,0,1934.5,2538.92,120.276,0.144376,7.45915,24.8,89.7,3e-06,96.9,13.8,0.11309,0.022618,0,0,0,0,0,1,0,256,229,777.933,1804.9,0,0.002039,48.4,ddos
6.21866,5,0,30,0,6,6,6,0,0,0,0,0,4.82419,0.804032,1.55466,3.10864,6.21762,2e-06,6.21866,1.55466,0,0,0,0,0,0,0,1,0,256,-1,6,0,0,0.001039,6.21762,ddos
93.0929,8,5,56,11607,20,0,7,5.65685,10135,0,2321.4,4413.2,125.284,0.139646,7.75774,23.6,81.9,3e-06,92.4,13.2,0.661401,0.16535,0,0,0,0,0,1,0,256,229,833.5,2705.04,0,0.002001,46.2,ddos
0.568001,3,4,26,11607,20,0,8.66667,10.2632,11595,0,2901.75,5795.5,20480.6,12.3239,0.0946668,0.231554,0.567325,3e-06,0.000593,0.0002965,0.567985,0.189328,0,0,0,0,1,0,0,8192,229,1454.12,4097.54,1,0,0,ddos
9.13635,5,0,30,0,6,6,6,0,0,0,0,0,3.28359,0.547265,2.28409,4.56748,9.13531,0.000311,9.13635,2.28409,0,0,0,0,0,0,0,1,0,256,-1,6,0,0,0.001036,9.13531,ddos
98.0775,8,6,56,11607,20,0,7,5.65685,5840,0,1934.5,2558.4,118.916,0.142744,7.54442,24,87,1e-06,97.2,13.9,0.895846,0.179169,0,0,0,0,0,1,0,256,229,777.933,1814.69,0,0.000983,48.6,ddos
1.64751,3,5,26,11607,20,0,8.66667,10.2632,7300,0,2321.4,3346.36,7060.96,4.85581,0.235359,0.622357,1.64673,3e-06,0.000579,0.0002895,1.64747,0.411867,0,0,0,0,1,0,0,8192,229,1292.56,2662.26,1,0,0,ddos
0.060382,3,4,26,11601,20,0,8.66667,10.2632,8760,0,2900.25,4128.32,192557,115.929,0.0100637,0.0163563,0.038828,3e-05,0.021336,0.010668,0.060245,0.0200817,0,0,0,0,1,0,0,8192,229,1453.38,3113.95,1,0,0,ddos
0.575343,3,4,26,11607,20,0,8.66667,10.2632,11595,0,2901.75,5795.5,20219.2,12.1667,0.0958905,0.234379,0.574315,6.3e-05,0.000722,0.000361,0.57528,0.19176,0,0,0,0,1,0,0,8192,229,1454.12,4097.54,1,0,0,ddos
1.67277,3,5,26,11607,20,0,8.66667,10.2632,8760,0,2321.4,3802.32,6954.35,4.7825,0.238967,0.631224,1.67045,4.2e-05,0.001904,0.000952,1.67269,0.418173,0,0,0,0,1,0,0,8192,229,1292.56,2952.52,1,0,0,ddos
1.18314,3,7,26,11601,20,0,8.66667,10.2632,2920,0,1657.29,1299.17,9827.21,8.45206,0.13146,0.386764,1.16269,1e-06,0.019689,0.0098445,1.18309,0.197182,0,0,0,0,1,0,0,8192,229,1057,1306.29,2,0,0,ddos
4.89588,5,0,30,0,6,6,6,0,0,0,0,0,6.1276,1.02127,1.22397,2.44794,4.89588,1e-06,4.89588,1.22397,0,0,0,0,0,0,0,1,0,256,-1,6,0,0,0,0,ddos
8.63081,5,0,30,0,6,6,6,0,0,0,0,0,3.47592,0.57932,2.1577,4.31383,8.62844,0,8.63081,2.1577,0,0,0,0,0,0,0,1,0,256,-1,6,0,0,0.002362,8.62844,ddos
2.01896,4,0,24,0,6,6,6,0,0,0,0,0,11.8873,1.98121,0.672988,1.16305,2.01596,3e-06,2.01896,0.672988,0,0,0,0,0,0,0,1,0,256,-1,6,0,0,0,0,ddos
1.68707,3,5,26,11607,20,0,8.66667,10.2632,7215,0,2321.4,3327.77,6895.39,4.74195,0.24101,0.637303,1.68628,3e-06,0.000606,0.000303,1.68705,0.421763,0,0,0,0,1,0,0,8192,229,1292.56,2650.59,1,0,0,ddos
0.503388,3,6,26,11601,20,0,8.66667,10.2632,5840,0,1933.5,2189.77,23097.5,17.8789,0.0629235,0.168681,0.479918,2e-06,0.023041,0.0115205,0.50331,0.100662,0,0,0,0,1,0,0,8192,229,1162.7,1911.6,2,0,0,ddos
8.01473,5,0,30,0,6,6,6,0,0,0,0,0,3.74311,0.623852,2.00368,4.00636,8.01322,0.000271,8.01473,2.00368,0,0,0,0,0,0,0,1,0,256,-1,6,0,0,0.001503,8.01322,ddos
0.027937,3,6,26,11601,20,0,8.66667,10.2632,4380,0,1933.5,1757.79,416186,322.153,0.00349213,0.00740493,0.020938,2e-06,0.02099,0.010495,0.027887,0.0055774,0,0,0,0,1,0,0,8192,229,1162.7,1645.24,2,0,0,ddos
8.06379,5,0,30,0,6,6,6,0,0,0,0,0,3.72033,0.620056,2.01595,4.03056,8.06179,3e-06,8.06379,2.01595,0,0,0,0,0,0,0,1,0,256,-1,6,0,0,0.001999,8.06179,ddos
0.030047,3,5,26,11607,20,0,8.66667,10.2632,10135,0,2321.4,4413.2,387160,266.25,0.00429243,0.0109586,0.029141,5e-06,0.000663,0.0003315,0.030003,0.00750075,0,0,0,0,1,0,0,8192,229,1292.56,3350.63,1,0,0,ddos
0.777993,3,5,26,11607,20,0,8.66667,10.2632,7300,0,2321.4,3346.36,14952.6,10.2829,0.111142,0.293642,0.77706,3e-06,0.000694,0.000347,0.777949,0.194487,0,0,0,0,1,0,0,8192,229,1292.56,2662.26,1,0,0,ddos
4.51791,5,0,30,0,6,6,6,0,0,0,0,0,6.64024,1.10671,1.12948,2.25828,4.51689,1e-06,4.51791,1.12948,0,0,0,0,0,0,0,1,0,256,-1,6,0,0,0,0,ddos
102.622,8,4,56,11601,20,0,7,5.65685,8675,0,2900.25,4088.04,113.591,0.116934,9.32931,30.3,101,3e-06,103,14.7,0.042292,0.0140973,0,0,0,0,0,1,0,256,229,897.154,2471.83,0,1.86598,101,ddos
100.204,9,5,62,11607,20,0,6.88889,5.30199,7215,0,2321.4,3327.77,116.452,0.139715,7.708,25.3,91.7,0,99.3,12.4,0.901187,0.225297,0,0,0,0,0,1,0,256,229,778.333,2107.03,0,6e-06,49.7,ddos
0.040376,3,5,26,11601,20,0,8.66667,10.2632,7300,0,2320.2,3022.51,287968,198.138,0.005768,0.0103623,0.026682,6e-06,0.013008,0.006504,0.040218,0.0100545,0,0,0,0,1,0,0,8192,229,1291.89,2460.65,1,0,0,ddos
1.6848,3,6,26,11601,20,0,8.66667,10.2632,5840,0,1933.5,2189.77,6901.1,5.34187,0.2106,0.580371,1.6466,4.5e-05,0.037861,0.0189305,1.68475,0.336949,0,0,0,0,1,0,0,8192,229,1162.7,1911.6,2,0,0,ddos
5.66989,4,0,24,0,6,6,6,0,0,0,0,0,4.23288,0.705481,1.88996,3.27265,5.66889,1e-06,5.66989,1.88996,0,0,0,0,0,0,0,1,0,256,-1,6,0,0,0.001003,5.66889,ddos
95.5017,8,5,56,11601,20,0,7,5.65685,8760,0,2320.2,3668.9,122.061,0.136123,7.95848,26.4,91.8,1e-06,95.4,13.6,0.127279,0.0318198,0,0,0,0,0,1,0,256,229,833.071,2337.72,0,3.54992,91.8,ddos
10.5297,5,0,30,0,6,6,6,0,0,0,0,0,2.84907,0.474845,2.63244,5.26285,10.5,1e-06,10.5,2.63244,0,0,0,0,0,0,0,1,0,256,-1,6,0,0,0.00303,10.5,ddos
99.0175,8,4,56,11607,20,0,7,5.65685,11595,0,2901.75,5795.5,117.787,0.121191,9.00159,29.4,97.8,3e-06,97.8,14,1.16871,0.389569,0,0,0,0,0,1,0,256,229,897.615,3214.17,0,0.098014,97.8,ddos
101.144,9,5,62,11607,20,0,6.88889,5.30199,7300,0,2321.4,3346.36,115.37,0.138417,7.78029,25.5,92.1,1e-06,101,12.6,0.029939,0.00748475,0,0,0,0,0,1,0,256,229,778.333,2115.43,0,0.000995,50.6,ddos
7.31984,4,0,24,0,6,6,6,0,0,0,0,0,3.27876,0.54646,2.43995,4.22611,7.31984,1e-06,7.31984,2.43995,0,0,0,0,0,0,0,1,0,256,-1,6,0,0,4e-06,7.31984,ddos
98.0687,9,5,62,11607,20,0,6.88889,5.30199,7215,0,2321.4,3327.77,118.988,0.142757,7.54375,27.1,97.7,1e-06,97.8,12.2,0.275238,0.0688095,0,0,0,0,0,1,0,256,229,778.333,2107.03,0,0.140051,97.7,ddos
0.666588,3,5,26,11601,20,0,8.66667,10.2632,4380,0,2320.2,2207.34,17442.6,12.0014,0.0952269,0.249958,0.662071,8.1e-05,0.004098,0.002049,0.666462,0.166615,0,0,0,0,1,0,0,8192,229,1291.89,1980.71,1,0,0,ddos
98.3954,8,4,56,11601,20,0,7,5.65685,5840,0,2900.25,3345.64,118.471,0.121957,8.94503,28.1,93.7,4.8e-05,98.4,14.1,0.042074,0.0140247,0,0,0,0,0,1,0,256,229,897.154,2174.91,0,4.68589,93.7,ddos
100.954,8,5,56,11607,20,0,7,5.65685,8675,0,2321.4,3769.54,115.528,0.128772,8.41283,26.9,93.7,4e-06,100,14.3,0.901991,0.225498,0,0,0,0,0,1,0,256,229,833.5,2386.77,0,0.003992,50,ddos
0.700312,3,5,26,11601,20,0,8.66667,10.2632,5755,0,2320.2,2411.24,16602.6,11.4235,0.100045,0.258118,0.685278,6.4e-05,0.01463,0.007315,0.700131,0.175033,0,0,0,0,1,0,0,8192,229,1291.89,2096.2,1,0,0,ddos
5.24484,5,0,30,0,6,6,6,0,0,0,0,0,5.71991,0.953318,1.31121,2.62241,5.24483,1e-06,5.24484,1.31121,0,0,0,0,0,0,0,1,0,256,-1,6,0,0,7e-06,5.24483,ddos
7.45997,5,0,30,0,6,6,6,0,0,0,0,0,4.02146,0.670244,1.86499,3.7293,7.45894,0.000322,7.45997,1.86499,0,0,0,0,0,0,0,1,0,256,-1,6,0,0,0.001032,7.45894,ddos
9.0438,4,0,24,0,6,6,6,0,0,0,0,0,2.65375,0.442292,3.0146,5.21884,9.04079,4e-06,9.0438,3.0146,0,0,0,0,0,0,0,1,0,256,-1,6,0,0,0.00301,9.04079,ddos
0.047999,4,0,24,0,6,6,6,0,0,0,0,0,500.01,83.3351,0.0159997,0.0258141,0.045807,0.00099,0.047999,0.0159997,0,0,0,0,0,0,0,1,0,256,-1,6,0,0,0,0,ddos
1.12913,3,4,26,11607,20,0,8.66667,10.2632,11595,0,2901.75,5795.5,10302.6,6.19946,0.188188,0.46064,1.12847,4e-06,0.000616,0.000308,1.12908,0.376359,0,0,0,0,1,0,0,8192,229,1454.12,4097.54,1,0,0,ddos
0.645089,3,6,26,11607,20,0,8.66667,10.2632,4380,0,1934.5,2177.34,18033.2,13.9516,0.0806361,0.227642,0.644021,1.7e-05,0.000719,0.0003595,0.645049,0.12901,0,0,0,0,1,0,0,8192,229,1163.3,1903.96,2,0,0,ddos
0.633765,3,4,26,11601,20,0,8.66667,10.2632,7215,0,2900.25,3540,18345.9,11.0451,0.105627,0.25562,0.627387,5.2e-05,0.006168,0.003084,0.633713,0.211238,0,0,0,0,1,0,0,8192,229,1453.38,2786.26,1,0,0,ddos
98.0691,8,6,56,11607,20,0,7,5.65685,5840,0,1934.5,2538.92,118.926,0.142756,7.54378,23.7,85.8,3e-06,97.7,14,0.397546,0.0795092,0,0,0,0,0,1,0,256,229,777.933,1804.9,0,0.004955,48.8,ddos
94.2732,8,4,56,11607,20,0,7,5.65685,11595,0,2901.75,5795.5,123.715,0.12729,8.57029,27,89.9,6e-06,94.2,13.5,0.10146,0.03382,0,0,0,0,0,1,0,256,229,897.615,3214.17,0,4.25163,89.9,ddos
94.149,8,6,56,11601,20,0,7,5.65685,5840,0,1933.5,2189.77,123.814,0.1487,7.24223,23.1,83.5,1e-06,94.1,13.4,0.120626,0.0241252,0,0,0,0,0,1,0,256,229,777.533,1633.1,0,0.002003,47,ddos
1.83458,3,4,26,11607,20,0,8.66667,10.2632,11595,0,2901.75,5795.5,6340.97,3.8156,0.305763,0.747601,1.83179,7.5e-05,0.002563,0.0012815,1.83449,0.611495,0,0,0,0,1,0,0,8192,229,1454.12,4097.54,1,0,0,ddos
99.018,8,5,56,11607,20,0,7,5.65685,10135,0,2321.4,4413.2,117.787,0.131289,8.2515,28.3,98.1,3e-06,98.2,14,0.808054,0.202013,0,0,0,0,0,1,0,256,229,833.5,2705.04,0,0.10202,98.1,ddos
0.697455,3,5,26,11607,20,0,8.66667,10.2632,8675,0,2321.4,3769.54,16679.2,11.4703,0.0996364,0.263063,0.696206,5e-06,0.00095,0.000475,0.697338,0.174335,0,0,0,0,1,0,0,8192,229,1292.56,2931.43,1,0,0,ddos
5.84088,4,0,24,0,6,6,6,0,0,0,0,0,4.10897,0.684829,1.94696,3.37223,5.84087,1e-06,5.84088,1.94696,0,0,0,0,0,0,0,1,0,256,-1,6,0,0,4e-06,5.84087,ddos
95.4084,8,5,56,11601,20,0,7,5.65685,5840,0,2320.2,2436.83,122.18,0.136256,7.9507,24.1,84,1e-06,93.7,13.4,1.71911,0.429777,0,0,0,0,0,1,0,256,229,833.071,1774.91,0,0.000881,46.8,ddos
8.11881,4,0,24,0,6,6,6,0,0,0,0,0,2.9561,0.492683,2.70627,4.68653,8.1178,1e-06,8.11881,2.70627,0,0,0,0,0,0,0,1,0,256,-1,6,0,0,0.001004,8.1178,ddos
10.0498,4,0,24,0,6,6,6,0,0,0,0,0,2.3881,0.398016,3.34995,5.80056,10,3e-06,10,3.34995,0,0,0,0,0,0,0,1,0,256,-1,6,0,0,0.001982,10,ddos
1.72035,3,6,26,11607,20,0,8.66667,10.2632,5840,0,1934.5,2538.92,6762,5.23149,0.215044,0.60775,1.71915,3e-06,0.000904,0.000452,1.7203,0.344061,0,0,0,0,1,0,0,8192,229,1163.3,2138.33,2,0,0,ddos
8.15576,4,0,24,0,6,6,6,0,0,0,0,0,2.94271,0.490451,2.71859,4.70616,8.15279,4e-06,8.15576,2.71859,0,0,0,0,0,0,0,1,0,256,-1,6,0,0,0.002969,8.15279,ddos
0.107256,3,4,26,11601,20,0,8.66667,10.2632,8760,0,2900.25,4128.32,108404,65.2644,0.017876,0.0343635,0.086086,4.3e-05,0.020939,0.0104695,0.107148,0.035716,0,0,0,0,1,0,0,8192,229,1453.38,3113.95,1,0,0,ddos
9.25878,4,0,24,0,6,6,6,0,0,0,0,0,2.59214,0.432023,3.08626,5.34555,9.25877,1e-06,9.25878,3.08626,0,0,0,0,0,0,0,1,0,256,-1,6,0,0,4e-06,9.25877,ddos
0.065467,3,6,26,11601,20,0,8.66667,10.2632,4380,0,1933.5,1757.79,177601,137.474,0.00818337,0.0200473,0.057449,1e-06,0.006968,0.003484,0.065416,0.0130832,0,0,0,0,1,0,0,8192,229,1162.7,1645.24,2,0,0,ddos
10.4857,5,0,30,0,6,6,6,0,0,0,0,0,2.86105,0.476841,2.62142,5.24018,10.5,0.000251,10.5,2.62142,0,0,0,0,0,0,0,1,0,256,-1,6,0,0,0.003988,10.5,ddos
95.5042,8,6,56,11601,20,0,7,5.65685,4380,0,1933.5,1757.79,122.057,0.14659,7.34648,24.8,89.8,3e-06,95.4,13.6,0.12481,0.024962,0,0,0,0,0,1,0,256,229,777.533,1434.57,0,0.003998,47.7,ddos
5.16688,5,0,30,0,6,6,6,0,0,0,0,0,5.80621,0.967701,1.29172,2.58278,5.16589,1e-06,5.16688,1.29172,0,0,0,0,0,0,0,1,0,256,-1,6,0,0,0.000991,5.16589,ddos
0.920155,3,5,26,11607,20,0,8.66667,10.2632,7215,0,2321.4,3327.77,12642.4,8.69419,0.131451,0.347384,0.919243,3e-06,0.000753,0.0003765,0.920109,0.230027,0,0,0,0,1,0,0,8192,229,1292.56,2650.59,1,0,0,ddos
97.8589,8,6,56,11601,20,0,7,5.65685,5840,0,1933.5,2189.77,119.121,0.143063,7.5276,26.3,95,1e-06,97.2,13.9,0.705534,0.141107,0,0,0,0,0,1,0,256,229,777.533,1633.1,0,2.20098,95,ddos
0.186357,3,5,26,11607,20,0,8.66667,10.2632,5840,0,2321.4,3173.37,62423.2,42.9284,0.0266224,0.0700053,0.185379,3e-06,0.000734,0.000367,0.186312,0.046578,0,0,0,0,1,0,0,8192,229,1292.56,2554.16,1,0,0,ddos
10.2659,5,0,30,0,6,6,6,0,0,0,0,0,2.9223,0.48705,2.56647,5.13227,10.3,3e-06,10.3,2.56647,0,0,0,0,0,0,0,1,0,256,-1,6,0,0,0.001007,10.3,ddos
1.24308,3,4,26,11601,20,0,8.66667,10.2632,8760,0,2900.25,4128.32,9353.4,5.63119,0.207179,0.503261,1.23444,5.7e-05,0.007861,0.0039305,1.24292,0.414308,0,0,0,0,1,0,0,8192,229,1453.38,3113.95,1,0,0,ddos
2.06199,5,0,30,0,6,6,6,0,0,0,0,0,14.5491,2.42485,0.515497,1.03099,2.06198,1e-06,2.06199,0.515497,0,0,0,0,0,0,0,1,0,256,-1,6,0,0,0,0,ddos
8.05782,5,0,30,0,6,6,6,0,0,0,0,0,3.72309,0.620515,2.01446,4.02825,8.05683,1e-06,8.05782,2.01446,0,0,0,0,0,0,0,1,0,256,-1,6,0,0,0.000988,8.05683,ddos
95.899,8,4,56,11607,20,0,7,5.65685,11595,0,2901.75,5795.5,121.618,0.125132,8.71809,28.5,94.7,1e-06,95.9,13.7,0.038322,0.012774,0,0,0,0,0,1,0,256,229,897.615,3214.17,0,1.12204,94.7,ddos
1.66472,3,5,26,11607,20,0,8.66667,10.2632,5840,0,2321.4,3173.37,6987.98,4.80562,0.237817,0.628803,1.66381,4e-06,0.000625,0.0003125,1.6647,0.416176,0,0,0,0,1,0,0,8192,229,1292.56,2554.16,1,0,0,ddos
0.028485,3,4,26,11607,20,0,8.66667,10.2632,11595,0,2901.75,5795.5,408390,245.743,0.0047475,0.0111219,0.027445,6e-06,0.000907,0.0004535,0.02844,0.00948,0,0,0,0,1,0,0,8192,229,1454.12,4097.54,1,0,0,ddos
12.2258,5,0,30,0,6,6,6,0,0,0,0,0,2.45384,0.408973,3.05644,6.11288,12.2,1e-06,12.2,3.05644,0,0,0,0,0,0,0,1,0,256,-1,6,0,0,5e-06,12.2,ddos
97.9019,8,5,56,11607,20,0,7,5.65685,7215,0,2321.4,3327.77,119.129,0.132786,8.15849,26.3,91.6,3e-06,97.8,14,0.076859,0.0192147,0,0,0,0,0,1,0,256,229,833.5,2175.3,0,0.001,48.9,ddos
7.63085,4,0,24,0,6,6,6,0,0,0,0,0,3.14513,0.524188,2.54362,4.4051,7.63018,0.000319,7.63085,2.54362,0,0,0,0,0,0,0,1,0,256,-1,6,0,0,0.000669,7.63018,ddos
10.1919,5,0,30,0,6,6,6,0,0,0,0,0,2.94352,0.490586,2.54797,5.09493,10.2,0.00014,10.2,2.54797,0,0,0,0,0,0,0,1,0,256,-1,6,0,0,0.001519,10.2,ddos
0.706985,3,6,26,11601,20,0,8.66667,10.2632,4380,0,1933.5,1757.79,16445.9,12.7301,0.0883731,0.246531,0.698465,3e-06,0.008223,0.0041115,0.706946,0.141389,0,0,0,0,1,0,0,8192,229,1162.7,1645.24,2,0,0,ddos
7.04074,4,0,24,0,6,6,6,0,0,0,0,0,3.40873,0.568122,2.34691,4.06437,7.04004,0.000339,7.04074,2.34691,0,0,0,0,0,0,0,1,0,256,-1,6,0,0,0.000697,7.04004,ddos
1.23839,3,6,26,11607,20,0,8.66667,10.2632,5840,0,1934.5,2538.92,9393.65,7.2675,0.154799,0.437485,1.23752,3e-06,0.000681,0.0003405,1.23826,0.247653,0,0,0,0,1,0,0,8192,229,1163.3,2138.33,2,0,0,ddos
101.962,8,6,56,11607,20,0,7,5.65685,4380,0,1934.5,2177.34,114.386,0.137306,7.84323,24.9,90.2,3e-06,101,14.5,0.518096,0.103619,0,0,0,0,0,1,0,256,229,777.933,1627.46,0,0.000858,50.7,ddos
3.38493,4,0,24,0,6,6,6,0,0,0,0,0,7.09024,1.18171,1.12831,1.95342,3.38393,4e-06,3.38493,1.12831,0,0,0,0,0,0,0,1,0,256,-1,6,0,0,0,0,ddos
96.0854,8,6,56,11607,20,0,7,5.65685,5840,0,1934.5,2538.92,121.382,0.145704,7.39119,23.4,84.8,4.7e-05,94.2,13.5,1.88956,0.377912,0,0,0,0,0,1,0,256,229,777.933,1804.9,0,0.000884,47.1,ddos
0.493623,3,5,26,11607,20,0,8.66667,10.2632,5840,0,2321.4,3173.37,23566.6,16.2067,0.0705176,0.186036,0.492408,1e-05,0.000894,0.000447,0.493563,0.123391,0,0,0,0,1,0,0,8192,229,1292.56,2554.16,1,0,0,ddos
0.027089,3,5,26,11601,20,0,8.66667,10.2632,7300,0,2320.2,3022.51,429215,295.323,0.00386986,0.00931264,0.02497,4.9e-05,0.025068,0.012534,0.02704,0.00676,0,0,0,0,1,0,0,8192,229,1291.89,2460.65,1,0,0,ddos
2.19896,4,0,24,0,6,6,6,0,0,0,0,0,10.9143,1.81904,0.732986,1.2687,2.19796,3e-06,2.19896,0.732986,0,0,0,0,0,0,0,1,0,256,-1,6,0,0,0,0,ddos
0.017377,3,5,26,11601,20,0,8.66667,10.2632,7300,0,2320.2,3022.51,669103,460.379,0.00248243,0.00516541,0.014127,1e-06,0.014169,0.0070845,0.017336,0.004334,0,0,0,0,1,0,0,8192,229,1291.89,2460.65,1,0,0,ddos
9.23499,4,0,24,0,6,6,6,0,0,0,0,0,2.59881,0.433135,3.07833,5.32835,9.23098,4e-06,9.23499,3.07833,0,0,0,0,0,0,0,1,0,256,-1,6,0,0,0.004008,9.23098,ddos
0.828736,3,6,26,11607,20,0,8.66667,10.2632,5755,0,1934.5,2529.12,14037,10.8599,0.103592,0.291637,0.825354,4.3e-05,0.002877,0.0014385,0.828693,0.165739,0,0,0,0,1,0,0,8192,229,1163.3,2131.87,2,0,0,ddos
2.56394,5,0,30,0,6,6,6,0,0,0,0,0,11.7007,1.95012,0.640986,1.28131,2.56295,1e-06,2.56394,0.640986,0,0,0,0,0,0,0,1,0,256,-1,6,0,0,0,0,ddos
93.9821,9,6,62,11601,20,0,6.88889,5.30199,4380,0,1933.5,1757.79,124.098,0.159605,6.71301,22.1,82.9,1e-06,92.3,11.5,1.69476,0.338953,0,0,0,0,0,1,0,256,229,729.312,1399.29,0,6e-06,46.1,ddos
9.3548,5,0,30,0,6,6,6,0,0,0,0,0,3.20691,0.534485,2.3387,4.6741,9.34985,0.001,9.3548,2.3387,0,0,0,0,0,0,0,1,0,256,-1,6,0,0,0.00495,9.34985,ddos
0.517799,3,5,26,11607,20,0,8.66667,10.2632,10135,0,2321.4,4413.2,22466.2,15.45,0.0739713,0.195249,0.516755,5e-06,0.000811,0.0004055,0.517794,0.129448,0,0,0,0,1,0,0,8192,229,1292.56,3350.63,1,0,0,ddos
1.94493,5,0,30,0,6,6,6,0,0,0,0,0,15.4247,2.57079,0.486232,0.970455,1.94191,1e-06,1.94493,0.486232,0,0,0,0,0,0,0,1,0,256,-1,6,0,0,0,0,ddos
98.9828,8,6,56,11601,20,0,7,5.65685,4380,0,1933.5,1757.79,117.768,0.141439,7.61406,24,86.9,1e-06,99,14.1,0.059347,0.0118694,0,0,0,0,0,1,0,256,229,777.533,1434.57,0,0.000986,49.5,ddos
6.34087,4,0,24,0,6,6,6,0,0,0,0,0,3.78497,0.630828,2.11362,3.6557,6.33487,3e-06,6.34087,2.11362,0,0,0,0,0,0,0,1,0,256,-1,6,0,0,0.006007,6.33487,ddos
0.396663,3,4,26,11601,20,0,8.66667,10.2632,7215,0,2900.25,3540,29312,17.6472,0.0661105,0.152024,0.376006,4.8e-05,0.020072,0.010036,0.396615,0.132205,0,0,0,0,1,0,0,8192,229,1453.38,2786.26,1,0,0,ddos
98.1019,8,4,56,11607,20,0,7,5.65685,11595,0,2901.75,5795.5,118.887,0.122322,8.91836,28.8,95.8,1e-06,97.7,14,0.369632,0.123211,0,0,0,0,0,1,0,256,229,897.615,3214.17,0,1.94797,95.8,ddos
0.650001,5,0,30,0,6,6,6,0,0,0,0,0,46.1538,7.6923,0.1625,0.321687,0.645024,3e-06,0.650001,0.1625,0,0,0,0,0,0,0,1,0,256,-1,6,0,0,0,0,ddos
8.61429,5,0,30,0,6,6,6,0,0,0,0,0,3.48259,0.580431,2.15357,4.30647,8.61328,0.000311,8.61429,2.15357,0,0,0,0,0,0,0,1,0,256,-1,6,0,0,0.001013,8.61328,ddos
8.08681,5,0,30,0,6,6,6,0,0,0,0,0,3.70975,0.618291,2.0217,4.04272,8.08578,1e-06,8.08681,2.0217,0,0,0,0,0,0,0,1,0,256,-1,6,0,0,0.001027,8.08578,ddos
0.159519,3,6,26,11601,20,0,8.66667,10.2632,4380,0,1933.5,1757.79,72887.9,56.4196,0.0199399,0.0543829,0.154491,1e-06,0.004017,0.0020085,0.1594,0.03188,0,0,0,0,1,0,0,8192,229,1162.7,1645.24,2,0,0,ddos
1.20482,3,6,26,11607,20,0,8.66667,10.2632,5840,0,1934.5,2538.92,9655.37,7.46998,0.150603,0.425501,1.20366,2e-06,0.001046,0.000523,1.20473,0.240946,0,0,0,0,1,0,0,8192,229,1163.3,2138.33,2,0,0,ddos
2.6119,4,0,24,0,6,6,6,0,0,0,0,0,9.1887,1.53145,0.870635,1.5054,2.60892,3e-06,2.6119,0.870635,0,0,0,0,0,0,0,1,0,256,-1,6,0,0,0,0,ddos
0.796208,3,6,26,11601,20,0,8.66667,10.2632,4380,0,1933.5,1757.79,14603,11.3036,0.099526,0.27486,0.779631,5e-06,0.016011,0.0080055,0.796166,0.159233,0,0,0,0,1,0,0,8192,229,1162.7,1645.24,2,0,0,ddos
3.88589,4,0,24,0,6,6,6,0,0,0,0,0,6.17618,1.02936,1.2953,2.24038,3.88226,0.001006,3.88589,1.2953,0,0,0,0,0,0,0,1,0,256,-1,6,0,0,0,0,ddos
100.982,8,5,56,11607,20,0,7,5.65685,7215,0,2321.4,3327.77,115.496,0.128736,8.41513,27.5,95.8,3e-06,100,14.3,0.826318,0.206579,0,0,0,0,0,1,0,256,229,833.5,2175.3,0,4.39562,95.8,ddos
7.03807,4,0,24,0,6,6,6,0,0,0,0,0,3.41003,0.568338,2.34602,4.06213,7.03656,0.000673,7.03807,2.34602,0,0,0,0,0,0,0,1,0,256,-1,6,0,0,0.001503,7.03656,ddos
99.8935,8,6,56,11607,20,0,7,5.65685,5840,0,1934.5,2538.92,116.754,0.140149,7.68411,25.3,91.8,3e-06,98.3,14,1.64375,0.328749,0,0,0,0,0,1,0,256,229,777.933,1804.9,0,0.00198,49.1,ddos
94.5459,8,5,56,11601,20,0,7,5.65685,5840,0,2320.2,2436.83,123.295,0.137499,7.87883,25.1,87.5,6.5e-05,94.1,13.4,0.427817,0.106954,0,0,0,0,0,1,0,256,229,833.071,1774.91,0,0.002006,47.1,ddos
3.59612,5,0,30,0,6,6,6,0,0,0,0,0,8.34232,1.39039,0.89903,1.7974,3.59513,0.000172,3.59612,0.89903,0,0,0,0,0,0,0,1,0,256,-1,6,0,0,0,0,ddos
1.84471,3,6,26,11607,20,0,8.66667,10.2632,5755,0,1934.5,2529.12,6306.15,4.87883,0.230588,0.651111,1.842,3e-06,0.002405,0.0012025,1.84469,0.368937,0,0,0,0,1,0,0,8192,229,1163.3,2131.87,2,0,0,ddos
4.60793,4,0,24,0,6,6,6,0,0,0,0,0,5.20841,0.868069,1.53598,2.6598,4.60725,0.000332,4.60793,1.53598,0,0,0,0,0,0,0,1,0,256,-1,6,0,0,0,0,ddos
0.623878,3,6,26,11607,20,0,8.66667,10.2632,5840,0,1934.5,2538.92,18646.3,14.4259,0.0779847,0.220255,0.623088,3e-06,0.000642,0.000321,0.623814,0.124763,0,0,0,0,1,0,0,8192,229,1163.3,2138.33,2,0,0,ddos
0.000804,4,0,0,0,0,0,0,0,0,0,0,0,0,4975.12,0.000268,5.45069e-05,0.000323,0.000214,0.000804,0.000268,0,0,0,0,0,0,0,1,0,251,-1,0,0,0,0,0,dos
85.2121,6,6,370,11595,352,0,61.6667,142.264,10136,0,1932.5,4060.25,140.414,0.140825,7.74655,25.6,85.1,1.9e-05,85.1,17,85.2,17,0,1,0,0,0,0,0,0,235,920.846,2797.86,1,0.004993,85.1,dos
83.8671,7,5,354,11595,348,0,50.5714,131.173,7240,0,2319,3331.64,142.475,0.143084,7.62428,25.2,83.7,0,83.7,14,0.1504,0.0376,0,0,0,0,0,1,0,251,235,919.154,2244,0,0.001973,83.7,dos
86.6032,9,4,317,11595,317,0,35.2222,105.667,7251,0,2898.75,3551.35,137.547,0.15011,7.21693,24.9,86.4,1e-06,86.4,10.8,0.207412,0.0691373,0,0,0,0,0,1,0,251,235,850.857,2173.48,0,0.001995,86.4,dos
96.5129,4,6,348,11595,342,0,87,170.024,5792,0,1932.5,2179.55,123.745,0.103613,10.7,32.2,96.5,2.3e-05,96.5,32.2,0.032488,0.0064976,0,1,0,0,0,0,0,0,235,1086.27,1824.74,1,0,96.5,dos
99.7287,5,7,379,11595,367,0,75.8,162.813,4344,0,1656.43,1947.64,120.066,0.120326,9.06625,30,99.6,2.7e-05,99.6,24.9,99.7,16.6,0,1,0,0,0,0,0,0,235,921.538,1608.85,1,0.012997,99.6,dos
84.9201,6,7,390,11595,372,0,65,150.427,4344,0,1656.43,1760.6,141.133,0.153085,7.07667,24.5,84.8,2e-06,84.8,17,84.9,14.2,0,1,0,0,0,0,0,0,235,856.5,1459,1,0.006008,84.8,dos
98.9227,6,6,380,11595,380,0,63.3333,155.134,4344,0,1932.5,1754.83,121.054,0.121307,8.99297,29.8,98.9,1e-06,98.9,19.8,0.034514,0.0069028,0,0,0,0,0,1,0,251,235,921.154,1497.72,1,4e-06,98.9,dos
86.0289,8,7,321,11595,321,0,40.125,113.491,4344,0,1656.43,1547.74,138.512,0.17436,6.14492,22.9,85.9,1e-06,85.9,12.3,0.172657,0.0287762,0,0,0,0,0,1,0,274,235,744.75,1286.02,0,0.000946,85.9,dos
0.012409,2,2,12,0,6,6,6,0,0,0,0,0,967.04,322.347,0.00413633,0.00675728,0.011936,5e-05,0.000473,0.000473,0.012359,0.012359,0,1,0,0,0,0,0,0,235,3.6,3.28634,1,0,0,dos
98.3205,8,5,359,11595,353,0,44.875,124.519,5803,0,2319,3175.42,121.582,0.132221,8.19337,28.4,98.3,1e-06,98.3,14,0.001617,0.00040425,0,0,0,0,0,1,0,251,235,853.857,2096.51,0,0.001998,98.3,dos
86.0017,6,4,329,11595,329,0,54.8333,134.314,7251,0,2898.75,3551.35,138.648,0.116277,9.55574,28.6,85.8,5e-06,85.9,17.2,0.155147,0.0517157,0,0,0,0,0,1,0,251,235,1084,2421.36,0,0.000283,85.8,dos
85.7642,4,5,385,11595,379,0,96.25,188.521,7240,0,2319,3331.64,139.685,0.104939,10.7,30.3,85.6,4e-06,85.6,28.5,0.145407,0.0363517,0,1,0,0,0,0,0,0,235,1198.6,2518.05,1,0,85.6,dos
99.5363,7,7,359,11595,359,0,51.2857,135.689,4344,0,1656.43,1757.58,120.097,0.140652,7.65664,27.6,99.4,4e-06,99.4,16.6,0.14861,0.0247683,0,0,0,0,0,1,0,274,235,796.933,1422.85,1,0.00052,99.4,dos
98.6151,6,5,393,11595,375,0,65.5,151.652,11595,0,2319,5185.44,121.563,0.111545,9.86151,31.2,98.6,1e-06,98.6,19.7,98.6,24.7,0,1,0,0,0,0,0,0,235,999.5,3338.44,0,0.013013,98.6,dos
85.5861,8,6,341,11595,341,0,42.625,120.562,4344,0,1932.5,1754.83,139.462,0.163578,6.58355,23.7,85.4,2e-06,85.4,12.2,0.165465,0.033093,0,0,0,0,0,1,0,274,235,795.733,1424.85,0,0.004017,85.4,dos
11.2937,7,6,488,11632,488,0,69.7143,184.447,5792,0,1938.67,2544.92,1073.17,1.15109,0.941139,2.21418,6.28765,1e-06,6.2914,1.04857,11.3,2.25871,0,0,0,0,1,0,0,29200,235,865.714,1853.88,0,0.001784,6.28765,dos
99.5861,6,5,320,11595,320,0,53.3333,130.639,7240,0,2319,3003.17,119.645,0.110457,9.95861,31.5,99.6,1e-06,99.6,19.9,0.006954,0.0017385,0,0,0,0,0,1,0,251,235,992.917,2158.21,0,0.000984,99.6,dos
0.001307,6,0,0,0,0,0,0,0,0,0,0,0,0,4590.67,0.0002614,6.62933e-05,0.000329,0.000187,0.001307,0.0002614,0,0,0,0,0,0,0,1,0,251,-1,0,0,0,0,0,dos
98.6993,6,7,358,11595,340,0,59.6667,137.366,5792,0,1656.43,2120.73,121.105,0.131713,8.22494,28.5,98.6,2e-06,98.6,19.7,98.7,16.4,0,1,0,0,0,0,0,0,235,854.214,1666.21,1,0.009012,98.6,dos
84.9553,6,5,760,11595,374,0,126.667,191.602,8688,0,2319,3776.35,145.429,0.12948,8.49553,26.7,84.6,1.8e-05,84.8,17,85,21.2,0,1,0,0,0,0,0,0,235,1030.08,2549.14,0,0.013994,84.6,dos
98.6809,7,8,372,11595,348,0,53.1429,130.051,5792,0,1449.38,1895.88,121.27,0.152005,7.04864,26.4,98.6,1e-06,98.7,16.4,98.7,14.1,0,1,0,0,0,0,0,0,235,748.312,1486.11,1,0.020038,98.6,dos
0.013987,2,1,12,0,6,6,6,0,0,0,0,0,857.94,214.485,0.0069935,0.00985495,0.013962,2.5e-05,0.013987,0.013987,0,0,0,1,0,0,0,0,0,0,235,4.5,3,0,0,0,dos
98.6264,6,6,345,11595,345,0,57.5,140.846,5803,0,1932.5,2539.08,121.063,0.121671,8.96604,29.7,98.6,1e-06,98.6,19.7,0.001274,0.0002548,0,0,0,0,0,1,0,251,235,918.462,1910.38,1,5e-06,98.6,dos
0.011007,3,0,18,0,6,6,6,0,0,0,0,0,1635.32,272.554,0.0055035,0.00635053,0.009994,0.001013,0.011007,0.0055035,0,0,0,1,0,0,0,0,0,0,-1,6,0,0,0,0,dos
117.674,9,6,322,11595,310,0,35.7778,102.866,4344,0,1932.5,1754.83,101.271,0.127471,8.4053,31.4,118,1e-06,118,14.7,0.149386,0.0298772,0,0,0,0,0,1,0,251,235,744.812,1391.04,0,0.002144,118,dos
98.6938,6,7,364,11595,346,0,60.6667,139.815,5792,0,1656.43,2120.73,121.173,0.131721,8.22448,28.5,98.6,1e-06,98.6,19.7,98.7,16.4,0,1,0,0,0,0,0,0,235,854.643,1666.07,1,0.013007,98.6,dos
0.000646,2,0,0,0,0,0,0,0,0,0,0,0,0,3095.98,0.000646,0,0.000646,0.000646,0.000646,0.000646,0,0,0,0,0,0,1,1,0,28960,-1,0,0,0,0,0,dos
0.004057,5,0,0,0,0,0,0,0,0,0,0,0,0,1232.44,0.00101425,0.000720238,0.001585,4e-06,0.004057,0.00101425,0,0,0,0,0,0,0,1,0,274,-1,0,0,0,0,0,dos
86.8475,7,4,356,11595,356,0,50.8571,134.555,8688,0,2898.75,4095.57,137.609,0.126659,8.68475,27.1,85.8,1e-06,86.8,14.5,0.005848,0.00194933,0,0,0,0,0,1,0,274,235,995.917,2561.19,0,5e-06,85.8,dos
100.796,6,7,349,11595,331,0,58.1667,133.693,4344,0,1656.43,1947.64,118.497,0.128974,8.39965,29.1,101,1e-06,101,20.1,101,16.8,0,1,0,0,0,0,0,0,235,853.571,1565.88,1,0.011978,101,dos
0.01,3,1,18,0,6,6,6,0,0,0,0,0,1800,400,0.00333333,0.00574754,0.00997,1e-06,0.01,0.005,0,0,0,1,0,0,0,0,0,0,235,4.8,2.68328,0,0,0,dos
85.7017,4,6,382,11595,376,0,95.5,187.021,5792,0,1932.5,2179.55,139.752,0.116684,9.52241,28.5,85.5,1.4e-05,85.6,28.5,0.16944,0.033888,0,1,0,0,0,0,0,0,235,1089.36,1823.38,1,0,85.5,dos
0.005942,6,0,0,0,0,0,0,0,0,0,0,0,0,1009.76,0.0011884,0.00210346,0.004951,0.000215,0.005942,0.0011884,0,0,0,0,0,0,0,1,0,251,-1,0,0,0,0,0,dos
85.2891,6,6,353,11595,353,0,58.8333,144.112,4344,0,1932.5,1754.83,140.088,0.140698,7.75356,25.7,85.1,4e-06,85.2,17,0.150469,0.0300938,0,0,0,0,0,1,0,274,235,919.077,1498.55,1,0.001006,85.1,dos
84.7454,8,7,367,11595,367,0,45.875,129.754,2896,0,1656.43,1546.02,141.152,0.177001,6.05324,22.6,84.5,1e-06,84.5,12.1,0.20971,0.0349517,0,0,0,0,0,1,0,274,235,747.625,1284.24,0,0.001005,84.5,dos
99.7017,8,6,367,11595,355,0,45.875,124.935,5792,0,1932.5,2181.01,119.978,0.140419,7.66936,27.6,99.6,1e-06,99.6,14.2,0.145351,0.0290702,0,0,0,0,0,1,0,251,235,797.467,1620.8,0,0.002977,99.6,dos
63.1064,7,0,0,0,0,0,0,0,0,0,0,0,0,0.110924,10.5,11.9,32.1,0.998723,63.1,10.5,0,0,0,0,0,0,1,0,0,29200,-1,0,0,0,7.01068,18.7,dos
11.5919,8,5,353,11632,353,0,44.125,124.804,7288,0,2326.4,3351.29,1033.91,1.12147,0.965992,2.28039,6.58594,6.8e-05,6.58943,0.941347,11.6,2.89796,0,0,0,0,1,0,0,29200,235,856.071,2181.21,0,0.000961,6.58594,dos
98.7079,7,6,415,11595,415,0,59.2857,156.855,5792,0,1932.5,2181.01,121.672,0.131702,8.22566,28.5,98.7,1e-06,98.7,16.4,0.048613,0.0097226,0,0,0,0,0,1,0,274,235,857.857,1665.5,0,0.000988,98.7,dos
0.014305,2,2,12,0,6,6,6,0,0,0,0,0,838.868,279.623,0.00476833,0.00819326,0.014229,1e-06,7.6e-05,7.6e-05,0.014304,0.014304,0,1,0,0,0,0,0,0,235,3.6,3.28634,1,0,0,dos
99.2038,7,5,332,11595,326,0,47.4286,122.859,7240,0,2319,3331.64,120.227,0.120963,9.01853,29.9,99.2,1e-06,99.2,16.5,0.004355,0.00108875,0,0,0,0,0,1,0,251,235,917.462,2244.47,0,5e-06,99.2,dos
101.372,6,7,602,11595,295,0,100.333,150.812,5792,0,1656.43,2120.73,120.32,0.128241,8.44763,29.1,101,5e-06,101,20.2,101,16.9,0,1,0,0,0,0,0,0,235,871.643,1657.82,1,0.010004,101,dos
86.7571,9,6,606,11595,303,0,67.3333,133.61,7240,0,1932.5,2845.84,140.634,0.172896,6.19694,23.1,86.4,1e-06,86.6,10.8,0.365092,0.0730184,0,0,0,0,0,1,0,274,235,762.562,1893.51,0,0.001974,86.4,dos
98.8715,6,6,329,11595,329,0,54.8333,134.314,5792,0,1932.5,2365.48,120.601,0.12137,8.98832,29.8,98.9,1e-06,98.9,19.8,0.002237,0.0004474,0,0,0,0,0,1,0,251,235,917.231,1815.58,1,4e-06,98.9,dos
0.001003,5,0,0,0,0,0,0,0,0,0,0,0,0,4985.04,0.00025075,0.000496168,0.000995,1e-06,0.001003,0.00025075,0,0,0,0,0,0,0,1,0,274,-1,0,0,0,0,0,dos
0.00498,6,0,12,0,6,0,2,3.09839,0,0,0,0,2409.64,1204.82,0.000996,0.0012393,0.003038,3e-06,0.00498,0.000996,0,0,0,0,0,0,0,1,0,251,-1,1.71429,2.9277,0,0,0,dos
100.532,10,6,377,11595,377,0,37.7,119.218,4344,0,1932.5,1754.83,119.087,0.159154,6.70211,25.9,100,1e-06,100,11.2,0.132448,0.0264896,0,0,0,0,0,1,0,251,235,704.235,1358.2,0,0.001003,100,dos
0.001023,4,0,6,0,6,0,1.5,3,0,0,0,0,5865.1,3910.07,0.000341,0.000587166,0.001019,1e-06,0.001023,0.000341,0,0,0,0,0,0,0,1,0,274,-1,1.2,2.68328,0,0,0,dos
99.6087,6,6,349,11595,349,0,58.1667,142.479,5792,0,1932.5,2179.55,119.909,0.120471,9.05534,30,99.4,1e-06,99.5,19.9,0.165461,0.0330922,0,0,0,0,0,1,0,251,235,918.769,1715.31,1,5e-06,99.4,dos
86.6005,8,7,332,11595,302,0,41.5,105.293,4344,0,1656.43,1760.6,137.724,0.173209,6.18575,23.1,86.4,1.5e-05,86.4,12.3,86.6,14.4,0,1,0,0,0,0,0,0,235,745.812,1390.35,0,0.012013,86.4,dos
98.9941,6,5,329,11595,329,0,54.8333,134.314,5803,0,2319,3175.42,120.452,0.111118,9.89941,31.3,99,1e-06,99,19.8,0.001024,0.000256,0,0,0,0,0,1,0,274,235,993.667,2245.84,0,2e-06,99,dos
99.798,7,8,740,11595,361,0,105.714,174.414,5792,0,1449.38,2046.67,123.6,0.150304,7.12843,26.6,99.4,2.7e-05,99.6,16.6,99.8,14.3,0,1,0,0,0,0,0,0,235,771.312,1567.79,1,0.014976,99.4,dos
85.6902,5,6,373,11595,361,0,74.6,160.131,8688,0,1932.5,3506.02,139.666,0.128369,8.56902,27,85.5,2.2e-05,85.6,21.4,85.7,17.1,0,1,0,0,0,0,0,0,235,997.833,2559.31,1,0.009989,85.5,dos
103.578,15,3,2541,6,231,0,169.4,105.737,6,0,2,3.4641,24.5901,0.173782,6.09283,12.9,51.3,0.000123,104,7.39843,103,51.3,0,0,0,0,1,0,0,29200,0,134.053,116.803,0,3.7057,19.2,dos
67.0196,7,5,314,11595,314,0,44.8571,118.681,7240,0,2319,3331.64,177.694,0.179052,6.09269,20.2,66.9,1e-06,66.9,11.1,0.148435,0.0371087,0,0,0,0,0,1,0,296,235,916.077,2244.94,0,5e-06,66.9,dos
102.143,9,6,658,11595,326,0,73.1111,143.388,4344,0,1932.5,2178.09,119.96,0.146853,7.29591,27.2,102,1e-06,102,12.7,0.40057,0.080114,0,0,0,0,0,1,0,251,235,765.812,1569.64,0,0.00099,102,dos
11.4595,8,5,377,11632,377,0,47.125,133.29,5840,0,2326.4,3185.6,1047.95,1.13443,0.954962,2.25102,6.45359,1e-06,6.45629,0.922327,11.5,2.86487,0,0,0,0,1,0,0,29200,235,857.786,2103,0,0.000894,6.45359,dos
0.001739,5,0,0,0,0,0,0,0,0,0,0,0,0,2875.22,0.00043475,0.000344895,0.000951,0.000243,0.001739,0.00043475,0,0,0,0,0,0,0,1,0,274,-1,0,0,0,0,0,dos
85.6393,9,7,598,11595,299,0,66.4444,131.847,4344,0,1656.43,1757.58,142.376,0.18683,5.70929,22,85.3,1e-06,85.5,10.7,0.355668,0.059278,0,0,0,0,0,1,0,274,235,717.235,1350.33,0,0.001008,85.3,dos
117.767,3,1,12,0,6,0,4,3.4641,0,0,0,0,0.101896,0.0339655,39.3,68,118,1.8e-05,118,58.9,0,0,0,1,0,0,0,0,0,0,235,3.6,3.28634,0,0.011987,118,dos
86.2611,7,5,322,11595,322,0,46,121.705,10147,0,2319,4420.68,138.15,0.139112,7.84192,25.7,85.3,1e-06,86.3,14.4,0.002487,0.00062175,0,0,0,0,0,1,0,251,235,916.692,2802.35,0,4e-06,85.3,dos
63.0892,7,0,0,0,0,0,0,0,0,0,0,0,0,0.110954,10.5,11.9,32,0.997476,63.1,10.5,0,0,0,0,0,0,1,0,0,29200,-1,0,0,0,7.0095,18.7,dos
84.5916,10,4,362,11595,356,0,36.2,112.382,11595,0,2898.75,5797.5,141.35,0.165501,6.50704,23.2,83.6,0,84.6,9.39896,0.003819,0.001273,0,0,0,0,0,1,0,251,235,797.133,2988.54,0,0.002002,83.6,dos
0.011012,2,1,12,0,6,6,6,0,0,0,0,0,1089.72,272.43,0.005506,0.00765231,0.010917,9.5e-05,0.011012,0.011012,0,0,0,1,0,0,0,0,0,0,235,4.5,3,0,0,0,dos
83.6593,9,6,361,11595,361,0,40.1111,120.333,4344,0,1932.5,2178.09,142.913,0.179299,5.97567,22.3,83.5,1e-06,83.5,10.4,0.15169,0.030338,0,0,0,0,0,1,0,251,235,747.25,1577.42,0,0.000986,83.5,dos
84.917,9,6,395,11595,395,0,43.8889,131.667,5792,0,1932.5,2181.01,141.197,0.176643,6.0655,22.7,84.8,1e-06,84.8,10.6,0.149374,0.0298748,0,0,0,0,0,1,0,251,235,749.375,1578.23,0,0.000981,84.8,dos
85.5881,8,6,302,11595,302,0,37.75,106.773,7240,0,1932.5,2695.64,139.003,0.163574,6.5837,23.7,85.4,1e-06,85.4,12.2,0.166537,0.0333074,0,0,0,0,0,1,0,274,235,793.133,1878.35,0,0.000994,85.4,dos
86.208,10,6,722,11595,352,0,72.2,147.493,4344,0,1932.5,2178.09,142.875,0.185598,5.7472,22.2,85.9,2e-06,86.1,9.56595,0.341448,0.0682896,0,0,0,0,0,1,0,251,235,724.529,1529.94,0,0.002006,85.9,dos
97.9907,8,6,319,11595,319,0,39.875,112.784,5792,0,1932.5,2181.01,121.583,0.142871,7.53775,27.2,98,5e-06,98,14,0.014303,0.0028606,0,0,0,0,0,1,0,274,235,794.267,1621.95,0,0.000904,98,dos
98.7212,6,6,367,11595,349,0,61.1667,141.04,5803,0,1932.5,2993.82,121.169,0.121554,8.97466,29.8,98.7,4.1e-05,98.7,19.7,98.7,19.7,0,1,0,0,0,0,0,0,235,920.615,2166.53,1,0.011997,98.7,dos
0.00692,3,1,18,0,6,6,6,0,0,0,0,0,2601.16,578.035,0.00230667,0.00399353,0.006918,1e-06,0.00692,0.00346,0,0,0,1,0,0,0,0,0,0,235,4.8,2.68328,0,0,0,dos
100.849,9,6,306,11595,306,0,34,102,5792,0,1932.5,2181.01,118.008,0.148738,7.20348,26.9,101,0,101,12.6,0.149481,0.0298962,0,0,0,0,0,1,0,251,235,743.812,1579.72,0,0.001986,101,dos
83.5893,9,6,346,11595,346,0,38.4444,115.333,5792,0,1932.5,2181.01,142.853,0.179449,5.97067,22.3,83.4,0,83.5,10.4,0.145587,0.0291174,0,0,0,0,0,1,0,251,235,746.312,1579.01,0,0.000977,83.4,dos
99.7647,10,6,317,11595,317,0,31.7,100.244,7240,0,1932.5,2695.64,119.401,0.160377,6.65098,25.7,99.7,1e-06,99.7,11.1,0.045523,0.0091046,0,0,0,0,0,1,0,251,235,700.706,1776.47,0,0.001018,99.7,dos
0.00014,1,1,8,0,8,8,8,0,0,0,0,0,57142.9,14285.7,0.00014,0,0.00014,0.00014,0,0,0,0,1,0,1,0,0,1,0,229,235,5.33333,4.6188,1,0,0,dos
116.334,7,7,425,11595,407,0,60.7143,152.727,5792,0,1656.43,2120.73,103.323,0.120343,8.94878,27.8,100,1e-06,116,19.4,116,19.4,0,1,0,0,0,0,0,0,235,801.733,1619.42,1,0.012993,58.2,dos
0.000698,4,0,0,0,0,0,0,0,0,0,0,0,0,5730.66,0.000232667,0.00018815,0.000425,4.9e-05,0.000698,0.000232667,0,0,0,0,0,0,0,1,0,296,-1,0,0,0,0,0,dos
99.1096,5,7,381,11595,369,0,76.2,163.708,4344,0,1656.43,1760.6,120.836,0.121078,9.00997,29.8,98.9,1e-06,98.9,24.7,99.1,16.5,0,1,0,0,0,0,0,0,235,921.692,1497.14,1,0.016976,98.9,dos
0.010969,2,1,12,0,6,6,6,0,0,0,0,0,1093.99,273.498,0.0054845,0.00767282,0.01091,5.9e-05,0.010969,0.010969,0,0,0,1,0,0,0,0,0,0,235,4.5,3,0,0,0,dos
85.2101,6,7,350,11595,332,0,58.3333,134.101,4344,0,1656.43,1760.6,140.183,0.152564,7.10084,24.5,85,1e-06,85.1,17,85.2,14.2,0,1,0,0,0,0,0,0,235,853.643,1460.06,1,0.01499,85,dos
85.4122,9,6,332,11595,320,0,36.8889,106.198,7240,0,1932.5,2695.64,139.641,0.175619,6.10087,22.8,85.3,1e-06,85.3,10.7,0.150549,0.0301098,0,0,0,0,0,1,0,251,235,745.438,1824.85,0,0.001994,85.3,dos
99.6023,6,5,370,11595,370,0,61.6667,151.052,4344,0,2319,2196.73,120.128,0.110439,9.96023,31.4,99.4,1e-06,99.4,19.9,0.168121,0.0420302,0,0,0,0,0,1,0,251,235,997.083,1768.36,0,5e-06,99.4,dos
99.437,7,6,304,11595,304,0,43.4286,114.901,4344,0,1932.5,1977.81,119.664,0.130736,8.28642,28.7,99.3,1e-06,99.3,16.6,0.136754,0.0273508,0,0,0,0,0,1,0,251,235,849.929,1567.58,0,5e-06,99.3,dos
63.1093,7,0,0,0,0,0,0,0,0,0,0,0,0,0.110919,10.5,11.9,32.1,0.997719,63.1,10.5,0,0,0,0,0,0,1,0,0,29200,-1,0,0,0,7.01366,18.7,dos
0.031014,3,1,18,0,6,6,6,0,0,0,0,0,580.383,128.974,0.010338,0.0170391,0.030006,4.8e-05,0.031014,0.015507,0,0,0,1,0,0,0,0,0,0,235,4.8,2.68328,0,0,0,dos
101.649,7,7,347,11595,347,0,49.5714,131.154,5792,0,1656.43,2118.23,117.483,0.137729,7.81912,28.1,101,1e-06,102,16.9,0.157413,0.0262355,0,0,0,0,0,1,0,274,235,796.133,1619.98,1,5e-06,101,dos
99.2126,6,6,383,11595,365,0,63.8333,147.57,7251,0,1932.5,3131.77,120.731,0.120952,9.01933,29.9,99.2,3e-06,99.2,19.8,99.2,19.8,0,1,0,0,0,0,0,0,235,921.846,2245.98,1,0.013998,99.2,dos
99.2487,6,7,391,11595,373,0,65.1667,150.836,5792,0,1656.43,2119.48,120.767,0.130984,8.27073,28.6,99.2,1e-06,99.2,19.8,99.2,16.5,0,1,0,0,0,0,0,0,235,856.571,1664.72,1,0.013021,99.2,dos
0.004006,2,1,12,0,6,6,6,0,0,0,0,0,2995.51,748.877,0.002003,0.0027464,0.003945,6.1e-05,0.004006,0.004006,0,0,0,1,0,0,0,0,0,0,235,4.5,3,0,0,0,dos
99.7157,5,7,405,11595,393,0,81,174.439,4344,0,1656.43,1760.6,120.342,0.120342,9.06506,30,99.5,3e-05,99.6,24.9,99.7,16.6,0,1,0,0,0,0,0,0,235,923.538,1496.41,1,0.013996,99.5,dos
85.4292,6,7,427,11595,409,0,71.1667,165.53,7240,0,1656.43,2566.89,140.725,0.152173,7.1191,24.6,85.2,1e-06,85.3,17.1,85.4,14.2,0,1,0,0,0,0,0,0,235,859.143,1932.98,1,0.010016,85.2,dos
85.4132,6,7,360,11595,342,0,60,138.182,7240,0,1656.43,2566.89,139.967,0.152201,7.11777,24.6,85.3,1e-06,85.3,17.1,85.4,14.2,0,1,0,0,0,0,0,0,235,854.357,1934.26,1,0.010005,85.3,dos
101.38,5,6,340,11595,328,0,68,145.375,8688,0,1932.5,3506.02,117.726,0.108503,10.1,32,101,2.9e-05,101,25.3,101,20.3,0,1,0,0,0,0,0,0,235,995.083,2560.07,1,0.010006,101,dos
98.6978,6,6,374,11595,374,0,62.3333,152.685,5792,0,1932.5,2534.05,121.269,0.121583,8.97252,29.8,98.7,2e-06,98.7,19.7,0.004493,0.0008986,0,0,0,0,0,1,0,274,235,920.692,1906.89,1,6e-06,98.7,dos
97.8499,7,7,324,11595,324,0,46.2857,122.46,5792,0,1656.43,2118.23,121.809,0.143076,7.52692,27.1,97.8,3e-06,97.8,16.3,0.026702,0.00445033,0,0,0,0,0,1,0,274,235,794.6,1620.44,1,5.9e-05,97.8,dos
99.8806,7,7,383,11595,359,0,54.7143,134.207,4344,0,1656.43,1760.6,119.923,0.140167,7.68312,27.7,99.7,1e-06,99.8,16.6,99.9,16.6,0,1,0,0,0,0,0,0,235,798.933,1423.25,1,0.014953,99.7,dos
84.2992,9,6,718,11595,359,0,79.7778,158.304,5792,0,1932.5,2181.01,146.063,0.177938,6.02137,22.4,83.9,1e-06,84.2,10.5,0.366554,0.0733108,0,0,0,0,0,1,0,274,235,769.562,1570,0,0.000975,83.9,dos
85.6951,7,6,323,11595,323,0,46.1429,122.083,8688,0,1932.5,3384.3,139.074,0.151701,7.14126,24.7,85.6,1e-06,85.6,14.3,0.143552,0.0287104,0,0,0,0,0,1,0,251,235,851.286,2314.4,0,0.000967,85.6,dos
117.601,7,0,0,0,0,0,0,0,0,0,0,0,0,0.0595235,19.6,40.7,102,1e-06,118,19.6,0,0,0,0,0,0,0,1,0,251,-1,0,0,0,0.000983,58.8,dos
0.006144,6,0,0,0,0,0,0,0,0,0,0,0,0,976.562,0.0012288,0.00223252,0.005149,2e-06,0.006144,0.0012288,0,0,0,0,0,0,0,1,0,251,-1,0,0,0,0,0,dos
86.7992,5,5,800,11595,397,0,160,216.364,8688,0,2319,3774.24,142.801,0.115208,9.64436,28.8,86.4,5.9e-05,86.6,21.7,0.406743,0.101686,0,1,0,0,0,0,0,0,235,1127.36,2649.59,1,0,86.4,dos
10.342,7,6,351,11632,351,0,50.1429,132.666,4392,0,1938.67,2190.72,1158.67,1.25701,0.861836,2.01345,5.33671,1.6e-05,5.3394,0.889901,10.3,2.0684,0,0,0,0,1,0,0,29200,235,855.929,1673.63,0,0.00088,5.33671,dos
85.4514,7,6,317,11595,311,0,45.2857,117.19,4344,0,1932.5,1754.83,139.401,0.152133,7.12095,24.6,85.3,1e-06,85.3,14.2,0.181649,0.0363298,0,0,0,0,0,1,0,251,235,850.857,1461.45,0,5e-06,85.3,dos
102.712,12,6,336,11595,336,0,28,96.9948,5792,0,1932.5,2537.82,116.16,0.175247,6.04189,24.1,99.7,1e-06,103,9.33742,0.00148,0.000296,0,0,0,0,0,1,0,251,235,627.947,1619.86,0,0.013961,99.7,dos
84.8032,8,5,413,11595,413,0,51.625,146.018,10136,0,2319,4414.37,141.598,0.153296,7.06694,24.4,84.6,1e-06,84.6,12.1,0.203617,0.0509042,0,0,0,0,0,1,0,274,235,857.714,2699.09,0,0.000983,84.6,dos
100.081,10,6,694,11595,347,0,69.4,146.308,5792,0,1932.5,2181.01,122.791,0.159871,6.67204,25.7,99.7,1e-06,99.9,11.1,0.360408,0.0720816,0,0,0,0,0,1,0,274,235,722.882,1531.92,0,0.001974,99.7,dos
0.017014,2,1,12,0,6,6,6,0,0,0,0,0,705.302,176.325,0.008507,0.0119756,0.016975,3.9e-05,0.017014,0.017014,0,0,0,1,0,0,0,0,0,0,235,4.5,3,0,0,0,dos
98.9316,8,5,297,11595,297,0,37.125,105.005,7240,0,2319,3331.64,120.204,0.131404,8.2443,28.5,98.9,0,98.9,14.1,0.037365,0.00934125,0,0,0,0,0,1,0,274,235,849.429,2171.05,0,4e-06,98.9,dos
0.000996,4,0,6,0,6,0,1.5,3,0,0,0,0,6024.1,4016.06,0.000332,0.000569846,0.00099,2e-06,0.000996,0.000332,0,0,0,0,0,0,0,1,0,251,-1,1.2,2.68328,0,0,0,dos
85.4544,10,7,350,11595,344,0,35,108.588,5792,0,1656.43,2118.23,139.782,0.198937,5.3409,21.3,85.3,0,85.3,9.47507,0.197664,0.032944,0,0,0,0,0,1,0,251,235,663.611,1501.36,0,0.002995,85.3,dos
85.9171,8,7,1089,11595,357,0,136.125,182.919,5792,0,1656.43,2120.73,147.631,0.174587,6.13693,22.8,85.3,2e-06,85.7,12.2,85.9,14.3,0,1,0,0,0,0,0,0,235,793.125,1560.11,0,0.006479,85.3,dos
86.0407,10,7,329,11595,323,0,32.9,101.948,4344,0,1656.43,1947.64,138.586,0.197581,5.37754,21.2,85,1e-06,86,9.56002,0.001735,0.000289167,0,0,0,0,0,1,0,251,235,662.444,1417.77,0,0.001004,85,dos
98.8277,6,7,315,11595,297,0,52.5,119.816,5792,0,1656.43,2120.73,120.513,0.131542,8.23564,28.5,98.8,3.1e-05,98.8,19.8,98.8,16.5,0,1,0,0,0,0,0,0,235,851.143,1667.27,1,0.013973,98.8,dos
100.674,7,8,744,11595,363,0,106.286,175.39,4344,0,1449.38,1546.51,122.564,0.148996,7.19099,26.8,100,1e-06,101,16.8,0.352398,0.0503426,0,1,0,0,0,0,0,0,235,771.562,1272.43,1,0.011997,100,dos
99.5928,7,6,314,11595,314,0,44.8571,118.681,4355,0,1932.5,2182.47,119.577,0.130532,8.2994,28.7,99.4,1e-06,99.4,16.6,0.18066,0.036132,0,0,0,0,0,1,0,251,235,850.643,1668.52,0,0.000986,99.4,dos
98.6978,7,6,324,11595,324,0,46.2857,122.46,5792,0,1932.5,2181.01,120.763,0.131715,8.22482,28.5,98.7,1e-06,98.7,16.4,0.038551,0.0077102,0,0,0,0,0,1,0,251,235,851.357,1667.54,0,0.000971,98.7,dos
22.3992,11,1,1848,0,231,0,168,107.9,0,0,0,0,82.5029,0.535733,2.03629,3.17696,9.5726,2e-05,22.4,2.23992,0,0,0,0,0,0,1,0,0,29200,28960,142.154,116.971,0,6.41067,6.41594,dos
99.9086,5,7,331,11595,319,0,66.2,141.351,5792,0,1656.43,2120.73,119.369,0.12011,9.0826,30.1,99.9,9e-06,99.9,25,99.9,16.7,0,1,0,0,0,0,0,0,235,917.846,1716.14,1,0.011991,99.9,dos
0.014139,2,2,12,0,6,6,6,0,0,0,0,0,848.716,282.905,0.004713,0.00795413,0.013897,2.7e-05,0.000242,0.000242,0.014112,0.014112,0,1,0,0,0,0,0,0,235,3.6,3.28634,1,0,0,dos
19.1142,2,0,0,0,0,0,0,0,0,0,0,0,0,0.104634,19.1,0,19.1,19.1,19.1,19.1,0,0,0,0,0,0,0,1,0,296,-1,0,0,0,0,19.1,dos
69.0228,7,7,360,11595,360,0,51.4286,136.067,4344,0,1656.43,1757.58,173.204,0.202832,5.30944,19.1,68.9,0,68.9,11.5,0.149595,0.0249325,0,0,0,0,0,1,0,251,235,797,1422.83,1,5e-06,68.9,dos
84.5543,8,7,632,11595,313,0,79,144.443,4344,0,1656.43,1757.58,144.605,0.177401,6.03959,22.5,84.2,1e-06,84.4,12.1,0.366482,0.0610803,0,0,0,0,0,1,0,251,235,764.188,1380.65,0,3e-06,84.2,dos
98.7718,7,6,356,11595,356,0,50.8571,134.555,5792,0,1932.5,2181.01,120.996,0.131617,8.23098,28.5,98.7,0,98.7,16.4,0.097532,0.0195064,0,0,0,0,0,1,0,251,235,853.643,1666.78,0,6e-06,98.7,dos
98.7337,9,5,329,11595,329,0,36.5556,109.667,7240,0,2319,3331.64,120.769,0.141796,7.5949,27.4,98.7,1e-06,98.7,12.3,0.032449,0.00811225,0,0,0,0,0,1,0,251,235,794.933,2103.02,0,0.000989,98.7,dos
5.00284,7,5,419,11632,419,0,59.8571,158.367,10184,0,2326.4,4437.06,2408.83,2.39864,0.454804,1.50732,4.99955,2e-05,0.00329,0.000548333,5.00282,1.25071,0,0,0,0,1,0,0,29200,235,927,2810.91,0,0,0,dos
100.538,7,7,1047,11595,345,0,149.571,182.823,5792,0,1656.43,2120.73,125.744,0.139251,7.73368,27.7,99.9,1.4e-05,100,16.7,101,16.8,0,1,0,0,0,0,0,0,235,843.2,1600.98,1,0.00999,99.9,dos
98.8698,8,6,361,11595,361,0,45.125,127.633,2907,0,1932.5,1496.91,120.927,0.1416,7.60537,27.4,98.7,2e-06,98.7,14.1,0.149579,0.0299158,0,0,0,0,0,1,0,274,235,797.067,1315.07,0,0.00098,98.7,dos
0.000729,4,0,0,0,0,0,0,0,0,0,0,0,0,5486.97,0.000243,2.83549e-05,0.000265,0.000211,0.000729,0.000243,0,0,0,0,0,0,0,1,0,251,-1,0,0,0,0,0,dos
116.626,8,6,331,11595,331,0,41.375,117.026,4344,0,1932.5,1754.83,102.258,0.120042,8.97125,27.9,101,0,117,16.7,0.039472,0.0078944,0,0,0,0,0,1,0,251,235,795.067,1425.08,0,5e-06,58.3,dos
85.6683,7,6,364,11595,364,0,52,137.579,5792,0,1932.5,2362.78,139.597,0.151748,7.13902,24.7,85.5,1e-06,85.5,14.3,0.148652,0.0297304,0,0,0,0,0,1,0,274,235,854.214,1759.33,0,0.001036,85.5,dos
10.5997,8,5,422,11632,422,0,52.75,149.2,7288,0,2326.4,3351.29,1137.2,1.22644,0.883312,2.06624,5.59529,4e-06,5.59791,0.799701,10.6,2.64993,0,0,0,0,1,0,0,29200,235,861,2180.06,0,0.000726,5.59529,dos
63.141,7,0,0,0,0,0,0,0,0,0,0,0,0,0.110863,10.5,11.9,32.1,0.997556,63.1,10.5,0,0,0,0,0,0,1,0,0,29200,-1,0,0,0,7.01349,18.7,dos
0.000971,5,0,0,0,0,0,0,0,0,0,0,0,0,5149.33,0.00024275,0.000267221,0.000635,4.9e-05,0.000971,0.00024275,0,0,0,0,0,0,0,1,0,251,-1,0,0,0,0,0,dos
100.702,4,5,349,11595,343,0,87.25,170.523,10136,0,2319,4414.37,118.607,0.0893725,12.6,35.6,101,2e-06,101,33.5,0.13132,0.03283,0,1,0,0,0,0,0,0,235,1195,3174.08,1,0,101,dos
85.5891,7,6,355,11595,349,0,50.7143,131.551,7240,0,1932.5,2695.64,139.621,0.151888,7.13243,24.7,85.4,4e-06,85.4,14.2,0.164508,0.0329016,0,0,0,0,0,1,0,274,235,853.571,1934.73,0,0.000998,85.4,dos
0.001004,3,0,0,0,0,0,0,0,0,0,0,0,0,2988.05,0.000502,0.000707107,0.001002,2e-06,0.001004,0.000502,0,0,0,0,0,0,0,1,0,251,-1,0,0,0,0,0,dos
82.9902,6,7,355,11595,337,0,59.1667,136.142,4344,0,1656.43,1760.6,143.993,0.156645,6.91585,23.9,82.8,4e-06,82.9,16.6,83,13.8,0,1,0,0,0,0,0,0,235,854,1459.92,1,0.016992,82.8,dos
86.0304,8,6,325,11595,325,0,40.625,114.905,4355,0,1932.5,2182.47,138.556,0.162733,6.61772,23.6,85,1e-06,86,12.3,0.00152,0.000304,0,0,0,0,0,1,0,274,235,794.667,1622.53,0,0.000994,85,dos
99.1824,5,5,392,11595,380,0,78.4,168.626,11595,0,2319,5185.44,120.858,0.100824,11,33.1,99.2,6.9e-05,99.2,24.8,99.2,24.8,0,1,0,0,0,0,0,0,235,1090.27,3485.87,1,0.014012,99.2,dos
98.4285,7,6,314,11595,308,0,44.8571,116.057,5792,0,1932.5,2537.82,120.991,0.132076,8.20237,28.4,98.4,1e-06,98.4,16.4,0.001988,0.0003976,0,0,0,0,0,1,0,274,235,850.643,1851.71,0,0.001998,98.4,dos
3.00275,3,0,0,0,0,0,0,0,0,0,0,0,0,0.999084,1.50138,0.710803,2.00399,0.998762,3.00275,1.50138,0,0,0,0,0,0,1,0,0,29200,-1,0,0,0,0,0,dos
84.9161,8,6,370,11595,370,0,46.25,130.815,5792,0,1932.5,2181.01,140.904,0.164869,6.53201,23.5,84.8,1e-06,84.8,12.1,0.157431,0.0314862,0,0,0,0,0,1,0,274,235,797.667,1620.94,0,0.001002,84.8,dos
84.8822,9,6,352,11595,352,0,39.1111,117.333,4344,0,1932.5,1977.81,140.748,0.176715,6.06302,22.4,83.8,1e-06,84.8,10.6,0.123566,0.0247132,0,0,0,0,0,1,0,251,235,746.688,1487.04,0,0.001031,83.8,dos
0.014008,2,1,12,0,6,6,6,0,0,0,0,0,856.653,214.163,0.007004,0.00981323,0.013943,6.5e-05,0.014008,0.014008,0,0,0,1,0,0,0,0,0,0,235,4.5,3,0,0,0,dos
98.7306,6,5,320,11595,320,0,53.3333,130.639,7240,0,2319,3331.64,120.682,0.111414,9.87306,31.2,98.7,2e-06,98.7,19.7,0.038392,0.009598,0,0,0,0,0,1,0,274,235,992.917,2326.91,0,0.000978,98.7,dos
66.7056,7,5,308,11595,302,0,44,113.789,5792,0,2319,3170.4,178.441,0.179895,6.06414,20.1,66.6,4e-06,66.6,11.1,0.147412,0.036853,0,0,0,0,0,1,0,251,235,915.615,2165.78,0,0.000994,66.6,dos
0.00227,6,0,0,0,0,0,0,0,0,0,0,0,0,2643.17,0.000454,0.000517152,0.001339,3e-06,0.00227,0.000454,0,0,0,0,0,0,0,1,0,251,-1,0,0,0,0,0,dos
85.4252,7,5,359,11595,359,0,51.2857,135.689,8688,0,2319,3633.8,139.935,0.140474,7.76593,25.7,85.3,3e-06,85.3,14.2,0.143506,0.0358765,0,0,0,0,0,1,0,274,235,919.538,2395.19,0,0.000993,85.3,dos
98.3585,9,6,369,11595,369,0,41,123,5792,0,1932.5,2537.82,121.637,0.152503,7.0256,26.3,98.3,1e-06,98.4,12.3,0.001672,0.0003344,0,0,0,0,0,1,0,274,235,747.75,1747.38,0,0.011185,98.3,dos
83.6995,7,6,366,11595,366,0,52.2857,138.335,5792,0,1932.5,2179.55,142.904,0.155318,6.97496,24.1,83.5,1e-06,83.6,13.9,0.150804,0.0301608,0,0,0,0,0,1,0,251,235,854.357,1665.82,0,6e-06,83.5,dos
99.3718,9,6,362,11595,362,0,40.2222,120.667,4344,0,1932.5,1754.83,120.326,0.150948,7.09798,26.5,99.3,1e-06,99.3,12.4,0.06451,0.012902,0,0,0,0,0,1,0,274,235,747.312,1390.44,0,0.00199,99.3,dos
85.3202,5,7,392,11595,380,0,78.4,168.626,5792,0,1656.43,2119.48,140.494,0.140647,7.75638,25.7,85.2,6e-06,85.2,21.3,85.3,14.2,0,1,0,0,0,0,0,0,235,922.538,1713.67,1,0.011025,85.2,dos
0.003027,5,0,0,0,0,0,0,0,0,0,0,0,0,1651.8,0.00075675,0.000897478,0.002098,0.000236,0.003027,0.00075675,0,0,0,0,0,0,0,1,0,274,-1,0,0,0,0,0,dos
98.7249,9,4,374,11595,374,0,41.5556,124.667,10147,0,2898.75,4880.14,121.236,0.131679,8.22708,28.5,98.7,1e-06,98.7,12.3,0.006786,0.002262,0,0,0,0,0,1,0,251,235,854.929,2702.78,0,0.001829,98.7,dos
85.2053,8,5,622,11595,311,0,77.75,143.965,5792,0,2319,2423.63,143.383,0.152573,7.10044,24.5,84.8,2e-06,85.1,12.2,0.360684,0.090171,0,0,0,0,0,1,0,251,235,872.643,1752.3,0,1e-05,84.8,dos
0.000529,4,0,0,0,0,0,0,0,0,0,0,0,0,7561.44,0.000176333,0.000161041,0.000323,4e-06,0.000529,0.000176333,0,0,0,0,0,0,0,1,0,274,-1,0,0,0,0,0,dos
85.8271,9,7,752,11595,361,0,83.5556,157.317,5792,0,1656.43,2120.73,143.859,0.186421,5.72181,22.1,85.4,6e-06,85.7,10.7,85.8,14.3,0,1,0,0,0,0,0,0,235,726.647,1530.44,0,0.007998,85.4,dos
0.004013,7,0,6,0,6,0,0.857143,2.26779,0,0,0,0,1495.14,1744.33,0.000668833,0.00121128,0.003003,1e-06,0.004013,0.000668833,0,0,0,0,0,0,0,1,0,251,-1,0.75,2.12132,0,0,0,dos
100.709,5,7,365,11595,353,0,73,156.554,4344,0,1656.43,1760.6,118.758,0.119156,9.15533,30.3,101,1.5e-05,101,25.1,101,16.8,0,1,0,0,0,0,0,0,235,920.462,1497.64,1,0.002984,101,dos
100.297,7,7,377,11595,371,0,53.8571,139.865,5792,0,1656.43,2118.23,119.366,0.139586,7.71515,27.8,100,1e-06,100,16.7,0.142701,0.0237835,0,0,0,0,0,1,0,274,235,798.133,1619.3,1,0.000998,100,dos
98.7989,5,8,349,11595,337,0,69.8,149.399,5792,0,1449.38,2046.67,120.892,0.13158,8.23324,28.5,98.8,3e-06,98.8,24.7,98.8,14.1,0,1,0,0,0,0,0,0,235,853.571,1665.05,1,0.013016,98.8,dos
0.016009,2,1,12,0,6,6,6,0,0,0,0,0,749.578,187.395,0.0080045,0.0112692,0.015973,3.6e-05,0.016009,0.016009,0,0,0,1,0,0,0,0,0,0,235,4.5,3,0,0,0,dos
19.1262,2,0,0,0,0,0,0,0,0,0,0,0,0,0.104568,19.1,0,19.1,19.1,19.1,19.1,0,0,0,0,0,0,0,1,0,410,-1,0,0,0,0,19.1,dos
0.001048,5,0,0,0,0,0,0,0,0,0,0,0,0,4770.99,0.000262,0.000478836,0.000979,3e-06,0.001048,0.000262,0,0,0,0,0,0,0,1,0,274,-1,0,0,0,0,0,dos
85.6111,7,6,324,11595,324,0,46.2857,122.46,5792,0,1932.5,2179.55,139.223,0.151849,7.13426,24.6,85.4,1e-06,85.4,14.2,0.228512,0.0457024,0,0,0,0,0,1,0,251,235,851.357,1666.81,0,7e-06,85.4,dos
86.309,8,6,389,11595,383,0,48.625,135.124,4344,0,1932.5,1754.83,138.85,0.162208,6.63915,23.6,85.3,1e-06,86.3,12.3,0.027429,0.0054858,0,0,0,0,0,1,0,251,235,798.933,1423.7,0,0.001995,85.3,dos
0.014025,3,1,18,0,6,6,6,0,0,0,0,0,1283.42,285.205,0.004675,0.00643623,0.01202,2.1e-05,0.014025,0.0070125,0,0,0,1,0,0,0,0,0,0,235,4.8,2.68328,0,0,0,dos
84.9376,9,6,313,11595,313,0,34.7778,104.333,5792,0,1932.5,2181.01,140.197,0.1766,6.06697,22.6,84.8,1e-06,84.8,10.6,0.182815,0.036563,0,0,0,0,0,1,0,251,235,744.25,1579.59,0,0.000986,84.8,dos
98.7149,5,6,374,11595,362,0,74.8,160.578,8688,0,1932.5,3506.02,121.248,0.111432,9.87149,31.2,98.7,3.8e-05,98.7,24.7,98.7,19.7,0,1,0,0,0,0,0,0,235,997.917,2559.29,1,0.011994,98.7,dos
11.9107,7,4,372,11632,372,0,53.1429,140.603,11632,0,2908,5816,1007.83,0.923537,1.19107,2.54919,6.90526,3e-06,6.91179,1.15196,11.9,3.97023,0,0,0,0,1,0,0,29200,235,1000.33,3349.81,0,0.000843,6.90526,dos
0.000715,4,0,0,0,0,0,0,0,0,0,0,0,0,5594.41,0.000238333,2.90918e-05,0.000266,0.000208,0.000715,0.000238333,0,0,0,0,0,0,0,1,0,251,-1,0,0,0,0,0,dos
100.678,7,6,370,11595,370,0,52.8571,139.847,4344,0,1932.5,1754.83,118.845,0.129125,8.3898,29,101,1e-06,101,16.8,0.055405,0.011081,0,0,0,0,0,1,0,274,235,854.643,1460.13,0,0.000978,101,dos
0.001075,5,0,6,0,6,0,1.2,2.68328,0,0,0,0,5581.4,4651.16,0.00026875,0.000536167,0.001073,0,0.001075,0.00026875,0,0,0,0,0,0,0,1,0,251,-1,1,2.44949,0,0,0,dos
84.2742,6,6,316,11595,316,0,52.6667,129.006,4344,0,1932.5,1754.83,141.336,0.142392,7.66129,25.4,84.1,1e-06,84.1,16.8,0.139542,0.0279084,0,0,0,0,0,1,0,274,235,916.231,1499.75,1,4e-06,84.1,dos
98.4087,5,7,404,11595,392,0,80.8,173.992,4355,0,1656.43,2121.98,121.93,0.12194,8.94624,29.7,98.4,1.6e-05,98.4,24.6,98.4,16.4,0,1,0,0,0,0,0,0,235,923.462,1714.91,1,0.013008,98.4,dos
83.4223,7,7,323,11595,323,0,46.1429,122.083,4344,0,1656.43,1946.27,142.863,0.167821,6.4171,23.1,83.3,2e-06,83.3,13.9,0.148604,0.0247673,0,0,0,0,0,1,0,274,235,794.533,1525.25,1,0.000997,83.3,dos
98.6908,7,5,323,11595,323,0,46.1429,122.083,8688,0,2319,3774.24,120.761,0.121592,8.9719,29.7,98.7,1e-06,98.7,16.4,0.029538,0.0073845,0,0,0,0,0,1,0,251,235,916.769,2467.23,0,6e-06,98.7,dos
87.9511,11,5,1400,11595,350,0,127.273,176.584,7240,0,2319,3331.64,147.753,0.181919,5.86341,22.4,86.9,8.9e-05,87.8,8.77865,1.09523,0.273808,0,0,0,0,0,1,0,251,235,764.412,1966.03,0,0.002152,86.9,dos
85.4331,8,6,363,11595,363,0,45.375,128.34,5792,0,1932.5,2181.01,139.969,0.163871,6.57177,23.6,85.3,3e-06,85.3,12.2,0.142404,0.0284808,0,0,0,0,0,1,0,251,235,797.2,1621.07,0,0.014017,85.3,dos
99.7347,7,6,379,11595,373,0,54.1429,140.621,5792,0,1932.5,2181.01,120.059,0.130346,8.31122,28.7,99.6,1e-06,99.6,16.6,0.153462,0.0306924,0,0,0,0,0,1,0,274,235,855.286,1666.16,0,6e-06,99.6,dos
99.0738,9,6,315,11595,309,0,35,102.769,4344,0,1932.5,1977.81,120.213,0.151402,7.0767,26.4,98.9,1e-06,98.9,12.4,0.148533,0.0297066,0,0,0,0,0,1,0,274,235,744.375,1487.64,0,0.002045,98.9,dos
0.002455,5,0,0,0,0,0,0,0,0,0,0,0,0,2036.66,0.00061375,0.000765156,0.001756,0.000141,0.002455,0.00061375,0,0,0,0,0,0,0,1,0,274,-1,0,0,0,0,0,dos
85.4103,7,5,339,11595,333,0,48.4286,125.504,10136,0,2319,4414.37,139.726,0.140498,7.76457,25.7,85.3,1e-06,85.3,14.2,0.147636,0.036909,0,0,0,0,0,1,0,251,235,918,2798.67,0,8e-06,85.3,dos
98.7426,6,5,322,11595,322,0,53.6667,131.456,5792,0,2319,3170.4,120.687,0.111401,9.87426,31.2,98.7,3e-06,98.7,19.7,0.038382,0.0095955,0,0,0,0,0,1,0,274,235,993.083,2243.45,0,0.000984,98.7,dos
99.6386,6,6,363,11595,345,0,60.5,139.407,5792,0,1932.5,2181.01,120.014,0.120435,9.05806,30,99.6,1e-06,99.6,19.9,0.056426,0.0112852,0,1,0,0,0,0,0,0,235,920.308,1715.13,1,0.011975,99.6,dos
98.7978,5,8,338,11595,326,0,67.6,144.481,5792,0,1449.38,1895.88,120.782,0.131582,8.23315,28.5,98.8,5e-06,98.8,24.7,98.8,14.1,0,1,0,0,0,0,0,0,235,852.786,1566.26,1,0.012991,98.8,dos
100.476,6,6,352,11595,352,0,58.6667,143.703,4344,0,1932.5,1754.83,118.904,0.119432,9.13415,30.2,100,1e-06,100,20.1,0.184159,0.0368318,0,0,0,0,0,1,0,274,235,919,1498.59,1,2e-06,100,dos
85.2126,9,6,352,11595,352,0,39.1111,117.333,4344,0,1932.5,1977.81,140.202,0.17603,6.08661,22.7,85.1,1e-06,85.1,10.6,0.150957,0.0301914,0,0,0,0,0,1,0,251,235,746.688,1487.04,0,0.001989,85.1,dos
99.2648,8,6,348,11595,336,0,43.5,118.219,5792,0,1932.5,2181.01,120.315,0.141037,7.63576,27.5,99.1,1e-06,99.1,14.2,0.148558,0.0297116,0,0,0,0,0,1,0,251,235,796.2,1621.18,0,0.003003,99.1,dos
85.5293,7,7,379,11595,361,0,54.1429,135.345,4344,0,1656.43,1947.64,139.999,0.163687,6.57917,23.4,84.5,4e-06,85.5,14.3,85.5,14.3,0,1,0,0,0,0,0,0,235,798.667,1524.29,1,0.019993,84.5,dos
85.781,7,5,375,11595,369,0,53.5714,139.109,5792,0,2319,3170.4,139.541,0.139891,7.79827,25.8,85.6,1e-06,85.7,14.3,0.143412,0.035853,0,0,0,0,0,1,0,274,235,920.769,2164.28,0,0.000967,85.6,dos
67.7117,4,6,360,11595,354,0,90,176.023,7240,0,1932.5,2695.64,176.557,0.147685,7.52353,22.5,67.6,3e-06,67.6,22.5,0.140579,0.0281158,0,1,0,0,0,0,0,0,235,1087.36,2141.47,1,0,67.6,dos
99.8558,6,7,354,11595,354,0,59,144.52,5792,0,1656.43,1947.64,119.663,0.130188,8.32132,28.8,99.7,1e-06,99.7,19.9,0.13059,0.021765,0,0,0,0,0,1,0,251,235,853.5,1566.3,1,5e-06,99.7,dos
85.8152,8,6,358,11595,346,0,44.75,121.754,5792,0,1932.5,2181.01,139.288,0.163141,6.60117,23.8,85.7,2e-06,85.7,12.2,0.150576,0.0301152,0,0,0,0,0,1,0,251,235,796.867,1620.98,0,0.000994,85.7,dos
85.2893,6,7,375,11595,375,0,62.5,153.093,5792,0,1656.43,2118.23,140.346,0.152422,7.10744,24.6,85.1,1e-06,85.2,17,0.148629,0.0247715,0,0,0,0,0,1,0,251,235,855,1664.88,1,4e-06,85.1,dos
98.5298,6,7,375,11595,375,0,62.5,153.093,5792,0,1656.43,1947.64,121.486,0.13194,8.21082,28.4,98.5,1e-06,98.5,19.7,0.039622,0.00660367,0,0,0,0,0,1,0,251,235,855,1565.8,1,4e-06,98.5,dos
99.7107,5,7,383,11595,371,0,76.6,164.602,4344,0,1656.43,1760.6,120.127,0.120348,9.06461,30.1,99.7,3e-06,99.7,24.9,99.7,16.6,0,1,0,0,0,0,0,0,235,921.846,1497.08,1,0.011011,99.7,dos
99.4379,5,6,387,11595,375,0,77.4,166.391,5792,0,1932.5,2365.48,120.497,0.110622,9.94379,31.4,99.3,6e-06,99.3,24.8,99.4,19.9,0,1,0,0,0,0,0,0,235,999,1872.03,1,0.017979,99.3,dos
98.4141,5,5,388,11595,376,0,77.6,166.838,11595,0,2319,5185.44,121.761,0.101611,10.9,32.8,98.4,1.7e-05,98.4,24.6,98.4,24.6,0,1,0,0,0,0,0,0,235,1089.91,3485.95,1,0.013997,98.4,dos
99.1685,9,5,305,11595,305,0,33.8889,101.667,10136,0,2319,4414.37,119.998,0.141174,7.62834,27.5,99,1e-06,99,12.4,0.144408,0.036102,0,0,0,0,0,1,0,251,235,793.333,2611.62,0,0.000798,99,dos
99.8748,7,6,359,11595,353,0,51.2857,133.062,4344,0,1932.5,1754.83,119.69,0.130163,8.3229,28.8,99.7,2e-06,99.7,16.6,0.143556,0.0287112,0,0,0,0,0,1,0,274,235,853.857,1460.3,0,8e-06,99.7,dos
102.723,8,7,369,11595,351,0,46.125,123.224,5792,0,1656.43,2119.48,116.469,0.146024,7.33733,26.6,99.7,1e-06,103,14.7,103,17.1,0,1,0,0,0,0,0,0,235,748.125,1577.5,0,0.011021,99.7,dos
86.1398,9,7,408,11595,402,0,45.3333,133.765,4344,0,1656.43,1946.27,139.343,0.185745,5.74265,22,85.1,1e-06,86.1,10.8,0.004767,0.0007945,0,0,0,0,0,1,0,251,235,706.059,1449.59,0,0.001986,85.1,dos
98.8468,5,7,368,11595,356,0,73.6,157.895,4344,0,1656.43,1760.6,121.026,0.1214,8.98607,29.8,98.8,7e-06,98.8,24.7,98.8,16.5,0,1,0,0,0,0,0,0,235,920.692,1497.54,1,0.013988,98.8,dos
0.01199,3,1,18,0,6,6,6,0,0,0,0,0,1501.25,333.611,0.00399667,0.00692156,0.011989,0,0.01199,0.005995,0,0,0,1,0,0,0,0,0,0,235,4.8,2.68328,0,0,0,dos
0.002769,7,0,0,0,0,0,0,0,0,0,0,0,0,2527.99,0.0004615,0.000447681,0.001018,1e-06,0.002769,0.0004615,0,0,0,0,0,0,0,1,0,251,-1,0,0,0,0,0,dos
35.5197,8,6,372,11595,360,0,46.5,126.702,7240,0,1932.5,2695.64,336.912,0.394148,2.73228,9.80588,35.4,1e-06,35.4,5.05486,0.149651,0.0299302,0,0,0,0,0,1,0,251,235,797.8,1876.97,0,0.001995,35.4,dos
63.1355,7,0,0,0,0,0,0,0,0,0,0,0,0,0.110873,10.5,11.9,32.1,0.999976,63.1,10.5,0,0,0,0,0,0,1,0,0,29200,-1,0,0,0,7.0079,18.7,dos
85.4264,7,8,742,11595,362,0,106,174.902,4344,0,1449.38,1729.38,144.417,0.17559,6.10189,22.7,85.1,6e-06,85.3,14.2,85.4,12.2,0,1,0,0,0,0,0,0,235,771.438,1377.95,1,0.011977,85.1,dos
116.156,9,5,350,11595,350,0,38.8889,116.667,5792,0,2319,3170.4,102.836,0.120527,8.93509,27.7,100,1e-06,116,14.5,0.019444,0.004861,0,0,0,0,0,1,0,274,235,796.333,2030.22,0,0.000985,58.1,dos
68.4407,8,6,337,11595,331,0,42.125,116.742,5792,0,1932.5,2534.05,174.341,0.204557,5.26467,18.7,67.4,3e-06,68.4,9.77718,0.004641,0.0009282,0,0,0,0,0,1,0,274,235,795.467,1795.48,0,0.000974,67.4,dos
0.016591,6,0,0,0,0,0,0,0,0,0,0,0,0,361.642,0.0033182,0.00738677,0.016532,1e-06,0.016591,0.0033182,0,0,0,0,0,0,0,1,0,251,-1,0,0,0,0,0,dos
100.959,8,6,702,11595,351,0,87.75,162.481,5792,0,1932.5,2181.01,121.802,0.138671,7.76605,27.9,101,1e-06,101,14.4,0.376363,0.0752726,0,0,0,0,0,1,0,251,235,819.8,1611.49,0,5e-06,101,dos
86.0738,6,6,370,11595,358,0,61.6667,145.203,10136,0,1932.5,4061.03,139.009,0.139415,7.82489,25.6,85.1,1e-06,86.1,17.2,86.1,17.2,0,1,0,0,0,0,0,0,235,920.846,2798.39,1,0.011003,85.1,dos
0.01679,2,2,12,0,6,6,6,0,0,0,0,0,714.711,238.237,0.00559667,0.00926569,0.016293,3.8e-05,0.000497,0.000497,0.016752,0.016752,0,1,0,0,0,0,0,0,235,3.6,3.28634,1,0,0,dos
86.0576,8,6,375,11595,369,0,46.875,130.175,5792,0,1932.5,2537.82,139.093,0.162682,6.61981,23.6,85.1,0,86.1,12.3,0.001335,0.000267,0,0,0,0,0,1,0,251,235,798,1796.71,0,5e-06,85.1,dos
83.216,7,6,343,11595,343,0,49,129.642,5792,0,1932.5,2537.82,143.458,0.15622,6.93467,23.7,82.2,3e-06,83.2,13.9,0.003281,0.0006562,0,0,0,0,0,1,0,251,235,852.714,1851.15,0,1.8e-05,82.2,dos
84.8741,7,5,421,11595,415,0,60.1429,156.493,5792,0,2319,2423.63,141.574,0.141386,7.71582,25.5,84.7,1e-06,84.7,14.1,0.148404,0.037101,0,0,0,0,0,1,0,251,235,924.308,1813.16,0,0.001991,84.7,dos
86.5882,10,5,370,11595,364,0,37,114.912,7240,0,2319,3331.64,138.183,0.173234,6.18487,23.1,86.4,1e-06,86.4,9.59795,0.214631,0.0536577,0,0,0,0,0,1,0,251,235,747.812,2040.8,0,0.001997,86.4,dos
0.007246,5,0,0,0,0,0,0,0,0,0,0,0,0,690.036,0.0018115,0.00340299,0.006913,4e-06,0.007246,0.0018115,0,0,0,0,0,0,0,1,0,274,-1,0,0,0,0,0,dos
11.5229,5,5,478,3525,478,0,95.6,213.768,2077,0,705,990.645,347.397,0.86784,1.28032,2.56736,6.51752,4e-06,6.52232,1.63058,11.5,2.8807,0,0,0,0,1,0,0,29200,235,363.909,719.888,1,0.000788,6.51752,dos
83.1881,7,5,406,11595,400,0,58,150.824,5792,0,2319,3170.4,144.263,0.144251,7.56256,25,83,0,83,13.8,0.15643,0.0391075,0,0,0,0,0,1,0,251,235,923.154,2163.64,0,7e-06,83,dos
83.1303,6,8,390,11595,372,0,65,150.427,4344,0,1449.38,1547.98,144.171,0.16841,6.39464,23,83,1e-06,83,16.6,83.1,11.9,0,1,0,0,0,0,0,0,235,799.4,1312.91,1,0.020018,83,dos
69.9726,8,5,652,11595,326,0,81.5,150.909,8688,0,2319,3774.24,175.026,0.185787,5.83105,19.8,68.7,1e-06,69.9,9.99243,0.273479,0.0683697,0,0,0,0,0,1,0,251,235,874.786,2375.63,0,0.000983,68.7,dos
98.528,8,7,375,11595,375,0,46.875,132.583,5792,0,1656.43,2120.73,121.488,0.152241,7.03771,26.3,98.5,1e-06,98.5,14.1,0.025661,0.00427683,0,0,0,0,0,1,0,251,235,748.125,1578.54,0,0.001011,98.5,dos
85.7281,4,7,342,11595,336,0,85.5,167.024,4344,0,1656.43,1547.74,139.243,0.128313,8.57281,27.1,85.6,5e-06,85.6,28.5,0.155613,0.0259355,0,1,0,0,0,0,0,0,235,995.25,1407.96,1,0,85.6,dos
99.1906,7,6,358,11595,358,0,51.1429,135.311,5792,0,1932.5,2181.01,120.505,0.131061,8.26589,28.6,99.2,1e-06,99.2,16.5,0.01344,0.002688,0,0,0,0,0,1,0,274,235,853.786,1666.74,0,0.000993,99.2,dos
100.603,6,6,320,11595,320,0,53.3333,130.639,5792,0,1932.5,2181.01,118.436,0.119281,9.14569,30.3,100,1e-06,100,20.1,0.150322,0.0300644,0,0,0,0,0,1,0,274,235,916.538,1716.91,1,5e-06,100,dos
0.013007,2,1,12,0,6,6,6,0,0,0,0,0,922.58,230.645,0.0065035,0.00912238,0.012954,5.3e-05,0.013007,0.013007,0,0,0,1,0,0,0,0,0,0,235,4.5,3,0,0,0,dos
0.001016,5,0,0,0,0,0,0,0,0,0,0,0,0,4921.26,0.000254,0.000494033,0.000995,2e-06,0.001016,0.000254,0,0,0,0,0,0,0,1,0,274,-1,0,0,0,0,0,dos
18.0389,2,0,0,0,0,0,0,0,0,0,0,0,0,0.110872,18,0,18,18,18,18,0,0,0,0,0,0,0,1,0,410,-1,0,0,0,0,18,dos
11.3492,8,5,347,11632,347,0,43.375,122.683,7288,0,2326.4,3351.29,1055.5,1.14546,0.945763,2.2266,6.34655,1e-06,6.35013,0.907161,11.3,2.83727,0,0,0,0,1,0,0,29200,235,855.643,2181.32,0,0.000829,6.34655,dos
86.1334,9,6,301,11595,301,0,33.4444,100.333,4344,0,1932.5,1977.81,138.111,0.174148,6.15239,23,86,3e-06,86,10.7,0.156546,0.0313092,0,0,0,0,0,1,0,251,235,743.5,1488,0,0.002427,86,dos
11.2456,8,5,351,11632,351,0,43.875,124.097,7240,0,2326.4,3340.9,1065.57,1.15601,0.937132,2.20263,6.24124,3e-06,6.25032,0.892902,11.2,2.81139,0,0,0,0,1,0,0,29200,235,855.929,2176.34,0,0.000892,6.24124,dos
3.00363,3,0,0,0,0,0,0,0,0,0,0,0,0,0.998793,1.50181,0.710184,2.00399,0.999637,3.00363,1.50181,0,0,0,0,0,0,1,0,0,29200,-1,0,0,0,0,0,dos
98.9127,7,6,342,11595,336,0,48.8571,126.638,4344,0,1932.5,1754.83,120.682,0.131429,8.24273,28.5,98.8,2e-06,98.8,16.5,0.152464,0.0304928,0,0,0,0,0,1,0,274,235,852.643,1460.75,0,0.001973,98.8,dos
85.4201,6,7,362,11595,344,0,60.3333,138.999,4344,0,1656.43,1947.64,139.979,0.152189,7.11834,24.6,85.3,2.5e-05,85.3,17.1,85.4,14.2,0,1,0,0,0,0,0,0,235,854.5,1565.55,1,0.010015,85.3,dos
0.016999,2,1,12,0,6,6,6,0,0,0,0,0,705.924,176.481,0.0084995,0.0119211,0.016929,7e-05,0.016999,0.016999,0,0,0,1,0,0,0,0,0,0,235,4.5,3,0,0,0,dos
84.5672,5,8,314,11595,302,0,62.8,133.751,5792,0,1449.38,1895.88,140.823,0.153724,7.04727,24.4,84.4,2e-06,84.4,21.1,84.6,12.1,0,1,0,0,0,0,0,0,235,851.071,1566.89,1,0.011002,84.4,dos
83.8902,8,6,361,11595,361,0,45.125,127.633,4344,0,1932.5,1754.83,142.52,0.166885,6.45309,23.2,83.7,1e-06,83.8,12,0.148472,0.0296944,0,0,0,0,0,1,0,274,235,797.067,1424.41,0,0.002005,83.7,dos
0.000995,5,0,0,0,0,0,0,0,0,0,0,0,0,5025.13,0.00024875,0.000488838,0.000982,2e-06,0.000995,0.00024875,0,0,0,0,0,0,0,1,0,274,-1,0,0,0,0,0,dos
98.8084,6,8,379,11595,361,0,63.1667,145.938,5792,0,1449.38,2046.67,121.184,0.141688,7.60065,27.4,98.8,4e-06,98.8,19.8,98.8,14.1,0,1,0,0,0,0,0,0,235,798.667,1618.86,1,0.013008,98.8,dos
83.7632,8,6,377,11595,371,0,47.125,130.882,5792,0,1932.5,2179.55,142.927,0.167138,6.44332,22.9,82.8,1e-06,83.8,12,0.01249,0.002498,0,0,0,0,0,1,0,251,235,798.133,1620.01,0,0.00101,82.8,dos
99.444,7,7,365,11595,341,0,52.1429,127.405,4344,0,1656.43,1760.6,120.269,0.140783,7.64954,27.5,99.3,1e-06,99.3,16.6,99.4,16.6,0,1,0,0,0,0,0,0,235,797.733,1423.66,1,0.016,99.3,dos
85.8141,9,6,334,11595,328,0,37.1111,109.101,5792,0,1932.5,2181.01,139.01,0.174797,6.12958,22.9,85.6,1e-06,85.7,10.7,0.176492,0.0352984,0,0,0,0,0,1,0,251,235,745.562,1579.14,0,0.001981,85.6,dos
83.0354,8,5,380,11595,374,0,47.5,131.943,5792,0,2319,3170.4,144.216,0.15656,6.91961,23.6,81.9,3e-06,82.9,11.8,0.101625,0.0254062,0,0,0,0,0,1,0,251,235,855.357,2093.79,0,0.004022,81.9,dos
98.7489,7,8,332,11595,308,0,47.4286,114.936,5792,0,1449.38,2046.67,120.781,0.1519,7.05349,26.3,98.6,3e-06,98.6,16.4,98.7,14.1,0,1,0,0,0,0,0,0,235,745.812,1577.4,1,0.022005,98.6,dos
99.3823,8,6,326,11595,326,0,40.75,115.258,7240,0,1932.5,2695.64,119.951,0.14087,7.64479,27.6,99.4,1e-06,99.4,14.2,0.024115,0.004823,0,0,0,0,0,1,0,274,235,794.733,1877.92,0,0.000972,99.4,dos
98.8987,8,6,295,11595,295,0,36.875,104.298,4344,0,1932.5,1754.83,120.224,0.141559,7.60759,27.4,98.7,1e-06,98.8,14.1,0.148497,0.0296994,0,0,0,0,0,1,0,251,235,792.667,1425.95,0,0.000977,98.7,dos
86.5756,7,9,312,11595,294,0,44.5714,110.029,2896,0,1288.33,1342.37,137.533,0.18481,5.77171,22.1,85.5,2e-06,86.6,14.4,86.6,10.8,0,1,0,0,0,0,0,0,235,700.765,1148.16,1,0.008005,85.5,dos
0.000547,3,0,0,0,0,0,0,0,0,0,0,0,0,5484.46,0.0002735,6.29325e-05,0.000318,0.000229,0.000547,0.0002735,0,0,0,0,0,0,0,1,0,274,-1,0,0,0,0,0,dos
98.8378,5,7,342,11595,330,0,68.4,146.27,4344,0,1656.43,1760.6,120.774,0.121411,8.98525,29.8,98.8,4e-06,98.8,24.7,98.8,16.5,0,1,0,0,0,0,0,0,235,918.692,1498.38,1,0.013012,98.8,dos
86.0102,7,5,338,11595,338,0,48.2857,127.752,8688,0,2319,3633.8,138.739,0.139518,7.81911,25.9,85.9,1e-06,85.9,14.3,0.148552,0.037138,0,0,0,0,0,1,0,274,235,917.923,2395.61,0,0.001009,85.9,dos
0.002891,5,0,0,0,0,0,0,0,0,0,0,0,0,1729.51,0.00072275,0.000923032,0.002106,0.000221,0.002891,0.00072275,0,0,0,0,0,0,0,1,0,251,-1,0,0,0,0,0,dos
84.1701,6,7,350,11595,332,0,58.3333,134.101,5792,0,1656.43,2120.73,141.915,0.154449,7.01418,24.2,84,1e-06,84,16.8,84.2,14,0,1,0,0,0,0,0,0,235,853.643,1666.41,1,0.010987,84,dos
84.5613,5,8,309,11595,297,0,61.8,131.515,5792,0,1449.38,2046.67,140.774,0.153735,7.04677,24.4,84.4,4e-06,84.4,21.1,84.6,12.1,0,1,0,0,0,0,0,0,235,850.714,1666.04,1,0.011001,84.4,dos
98.3701,6,6,368,11595,350,0,61.3333,141.448,8688,0,1932.5,3506.02,121.612,0.121988,8.94273,29.7,98.3,1e-06,98.4,19.7,98.4,19.7,0,1,0,0,0,0,0,0,235,920.692,2465.95,1,0.013011,98.3,dos
101.337,9,5,796,11595,398,0,88.4444,175.502,7240,0,2319,3331.64,122.276,0.138153,7.79512,28,101,1e-06,101,12.7,0.328267,0.0820667,0,0,0,0,0,1,0,274,235,826.067,2093.68,0,0.001011,101,dos
86.8212,8,5,366,11595,366,0,45.75,129.401,7251,0,2319,3337.61,137.766,0.149733,7.2351,25,86.6,1e-06,86.6,12.4,0.173118,0.0432795,0,0,0,0,0,1,0,274,235,854.357,2172.6,0,7e-06,86.6,dos
0.010989,3,1,18,0,6,6,6,0,0,0,0,0,1638,364,0.003663,0.00470595,0.008981,3.7e-05,0.010989,0.0054945,0,0,0,1,0,0,0,0,0,0,235,4.8,2.68328,0,0,0,dos
85.6711,9,6,341,11595,335,0,37.8889,111.434,4344,0,1932.5,1754.83,139.324,0.175088,6.11936,22.9,85.5,1e-06,85.5,10.7,0.149475,0.029895,0,0,0,0,0,1,0,251,235,746,1390.74,0,0.001985,85.5,dos
85.3041,7,6,395,11595,371,0,56.4286,138.742,7240,0,1932.5,3126.68,140.556,0.152396,7.10867,24.6,85.1,1e-06,85.2,14.2,85.3,17.1,0,1,0,0,0,0,0,0,235,856.857,2168.78,0,0.00597,85.1,dos
98.967,6,7,367,11595,349,0,61.1667,141.04,7240,0,1656.43,2566.89,120.869,0.131357,8.24725,28.5,98.8,4.9e-05,98.8,19.8,99,16.5,0,1,0,0,0,0,0,0,235,854.857,1934.12,1,0.017003,98.8,dos
0.000998,5,0,0,0,0,0,0,0,0,0,0,0,0,5010.02,0.0002495,0.000382304,0.000808,1e-06,0.000998,0.0002495,0,0,0,0,0,0,0,1,0,251,-1,0,0,0,0,0,dos
11.2975,5,5,430,3525,430,0,86,192.302,2896,0,705,1254.72,350.078,0.885153,1.25528,2.51067,6.29215,4.3e-05,6.29568,1.57392,11.3,2.82436,0,0,0,0,1,0,0,29200,235,359.545,868.64,1,0.000932,6.29215,dos
0.013007,2,1,12,0,6,6,6,0,0,0,0,0,922.58,230.645,0.0065035,0.00906016,0.01291,9.7e-05,0.013007,0.013007,0,0,0,1,0,0,0,0,0,0,235,4.5,3,0,0,0,dos
0.049463,3,5,371,11595,371,0,123.667,214.197,10136,0,2319,4414.37,241918,161.737,0.00706614,0.0139299,0.037022,6e-06,0.01202,0.00601,0.04941,0.0123525,0,0,0,0,1,0,0,29200,235,1329.56,3336.61,1,0,0,dos
85.4811,5,7,323,11595,311,0,64.6,137.774,4344,0,1656.43,1760.6,139.423,0.140382,7.77101,25.7,85.2,4e-06,85.3,21.3,85.5,14.2,0,1,0,0,0,0,0,0,235,917.231,1499.01,1,0.009981,85.2,dos
0.000988,4,0,0,0,0,0,0,0,0,0,0,0,0,4048.58,0.000329333,0.000565226,0.000982,3e-06,0.000988,0.000329333,0,0,0,0,0,0,0,1,0,274,-1,0,0,0,0,0,dos
100.869,7,7,345,11595,327,0,49.2857,122.497,7240,0,1656.43,2566.89,118.372,0.138794,7.75914,27.6,99.7,1e-06,101,16.8,101,16.8,0,1,0,0,0,0,0,0,235,796.4,1877.17,1,0.011014,99.7,dos
85.6187,9,5,371,11595,371,0,41.2222,123.667,8688,0,2319,3774.24,139.759,0.163516,6.58606,23.7,85.5,2e-06,85.5,10.7,0.141392,0.035348,0,0,0,0,0,1,0,251,235,797.733,2306.21,0,0.00124,85.5,dos
68.3588,8,7,386,11595,362,0,48.25,126.809,5792,0,1656.43,2277.23,175.266,0.21943,4.88277,17.9,67.2,1e-06,68.2,9.74615,68.4,11.4,0,1,0,0,0,0,0,0,235,749.188,1662.76,0,0.010991,67.2,dos
69.7656,8,5,316,11595,316,0,39.5,111.723,8688,0,2319,3774.24,170.729,0.186338,5.8138,19.8,68.6,1e-06,69.6,9.94843,0.144499,0.0361247,0,0,0,0,0,1,0,251,235,850.786,2383.19,0,0.000958,68.6,dos
99.6006,6,6,347,11595,347,0,57.8333,141.662,4344,0,1932.5,1754.83,119.899,0.120481,9.0546,30,99.6,1e-06,99.6,19.9,0.022353,0.0044706,0,0,0,0,0,1,0,274,235,918.615,1498.74,1,4e-06,99.6,dos
116.663,6,7,312,11595,300,0,52,121.53,4344,0,1656.43,1760.6,102.063,0.111432,9.72194,29,101,1e-05,117,23.3,117,19.4,0,1,0,0,0,0,0,0,235,850.929,1461.23,1,0.012036,58.3,dos
68.5626,5,6,359,11595,347,0,71.8,153.871,10136,0,1932.5,4060.25,174.352,0.160437,6.85626,21.6,68.4,3.4e-05,68.4,17.1,68.6,13.7,0,1,0,0,0,0,0,0,235,996.667,2908.23,1,0.009001,68.4,dos
11.8297,14,8,2700,11632,450,0,192.857,231.099,4344,0,1454,1548.07,1211.52,1.85972,0.563321,1.16637,5.00249,1e-06,6.82725,0.525173,8.82734,1.26105,0,0,0,0,1,0,0,29200,235,623.13,1086.55,0,0,0,dos
98.5209,7,6,329,11595,329,0,47,124.35,7240,0,1932.5,2695.64,121.03,0.131952,8.21007,28.4,98.5,3e-06,98.5,16.4,0.035676,0.0071352,0,0,0,0,0,1,0,251,235,851.714,1935.34,0,0.001009,98.5,dos
97.8675,7,6,336,11595,336,0,48,126.996,7240,0,1932.5,2845.84,121.91,0.132833,8.15562,28.2,97.8,4.1e-05,97.8,16.3,0.059552,0.0119104,0,0,0,0,0,1,0,251,235,852.214,2016.21,0,0.001022,97.8,dos
0.001013,5,0,0,0,0,0,0,0,0,0,0,0,0,4935.83,0.00025325,0.000503168,0.001008,1e-06,0.001013,0.00025325,0,0,0,0,0,0,0,1,0,274,-1,0,0,0,0,0,dos
68.8836,6,7,331,11595,313,0,55.1667,126.346,5792,0,1656.43,2120.73,173.133,0.188724,5.7403,19.8,68.7,5e-06,68.7,13.7,68.9,11.5,0,1,0,0,0,0,0,0,235,852.286,1666.87,1,0.010982,68.7,dos
100.012,5,7,407,11595,395,0,81.4,175.333,4344,0,1656.43,1760.6,120.006,0.119986,9.09197,30.1,99.9,1.4e-05,99.9,25,100,16.7,0,1,0,0,0,0,0,0,235,923.692,1496.36,1,0.012027,99.9,dos
97.8542,8,4,357,11595,351,0,44.625,123.812,11584,0,2898.75,5790.17,122.141,0.122631,8.89584,29.5,97.8,1e-06,97.8,14,0.059923,0.0199743,0,0,0,0,0,1,0,251,235,919.385,3205.78,0,0.00044,97.8,dos
99.7017,7,6,411,11595,405,0,58.7143,152.714,5792,0,1932.5,2181.01,120.419,0.130389,8.30848,28.7,99.6,1e-06,99.6,16.6,0.14446,0.028892,0,0,0,0,0,1,0,274,235,857.571,1665.47,0,0.001004,99.6,dos
0.001033,4,0,6,0,6,0,1.5,3,0,0,0,0,5808.33,3872.22,0.000344333,0.00059294,0.001029,1e-06,0.001033,0.000344333,0,0,0,0,0,0,0,1,0,251,-1,1.2,2.68328,0,0,0,dos
98.6675,5,7,384,11595,372,0,76.8,165.049,5792,0,1656.43,2429.12,121.408,0.121621,8.96977,29.7,98.7,4.8e-05,98.7,24.7,98.7,16.4,0,1,0,0,0,0,0,0,235,921.923,1908.3,1,0.013986,98.7,dos
85.4711,6,6,383,11595,383,0,63.8333,156.359,5792,0,1932.5,2181.01,140.141,0.140398,7.7701,25.7,85.3,1e-06,85.3,17.1,0.174474,0.0348948,0,0,0,0,0,1,0,274,235,921.385,1715.17,1,6e-06,85.3,dos
0.000983,5,0,0,0,0,0,0,0,0,0,0,0,0,5086.47,0.00024575,0.000486835,0.000976,1e-06,0.000983,0.00024575,0,0,0,0,0,0,0,1,0,274,-1,0,0,0,0,0,dos
98.6559,5,6,329,11595,317,0,65.8,140.457,8688,0,1932.5,3506.02,120.865,0.111499,9.86559,31.2,98.6,4e-05,98.6,24.7,98.7,19.7,0,1,0,0,0,0,0,0,235,994.167,2560.34,1,0.011999,98.6,dos
66.4436,8,6,642,11595,321,0,80.25,148.594,4344,0,1932.5,1754.83,184.171,0.210705,5.11105,18.3,66.1,1e-06,66.3,9.47402,0.354435,0.070887,0,0,0,0,0,1,0,251,235,815.8,1414.91,0,0.000998,66.1,dos
0.016617,3,2,18,0,6,6,6,0,0,0,0,0,1083.23,300.897,0.00415425,0.00811636,0.016328,1.2e-05,0.000289,0.0001445,0.016565,0.016565,0,1,0,0,0,0,0,0,235,4,3.09839,0,0,0,dos
0.000229,3,0,0,0,0,0,0,0,0,0,0,0,0,13100.4,0.0001145,0.000156271,0.000225,4e-06,0.000229,0.0001145,0,0,0,0,0,0,0,1,0,274,-1,0,0,0,0,0,dos
3.0016,3,0,0,0,0,0,0,0,0,0,0,0,0,0.999467,1.5008,0.711541,2.00393,0.997664,3.0016,1.5008,0,0,0,0,0,0,1,0,0,29200,-1,0,0,0,0,0,dos
0.03454,3,2,18,11,6,6,6,0,11,0,5.5,7.77817,839.606,144.76,0.008635,0.0159486,0.032549,4.9e-05,0.001991,0.0009955,0.034491,0.034491,0,1,0,0,0,0,0,0,235,5.83333,3.48807,0,0,0,dos
84.0164,9,7,375,11595,375,0,41.6667,125,4344,0,1656.43,1757.58,142.472,0.190439,5.60109,21.7,83.9,1e-06,83.9,10.5,0.147651,0.0246085,0,0,0,0,0,1,0,251,235,704.118,1356.77,0,0.000988,83.9,dos
99.7329,9,7,364,11595,364,0,40.4444,121.333,5792,0,1656.43,1947.64,119.91,0.160428,6.64886,25.7,99.6,0,99.6,12.4,0.149732,0.0249553,0,0,0,0,0,1,0,251,235,703.471,1450.99,0,0.001016,99.6,dos
99.7287,6,7,410,11595,392,0,68.3333,158.591,4344,0,1656.43,1760.6,120.377,0.130354,8.31072,28.8,99.7,3e-06,99.7,19.9,99.7,16.6,0,1,0,0,0,0,0,0,235,857.929,1458.5,1,0.010959,99.7,dos
0.000904,5,0,0,0,0,0,0,0,0,0,0,0,0,5530.97,0.000226,0.00016776,0.00041,3e-06,0.000904,0.000226,0,0,0,0,0,0,0,1,0,251,-1,0,0,0,0,0,dos
0.013893,2,2,12,0,6,6,6,0,0,0,0,0,863.744,287.915,0.004631,0.00702316,0.012717,5.2e-05,0.001176,0.001176,0.013841,0.013841,0,1,0,0,0,0,0,0,235,3.6,3.28634,1,0,0,dos
0.002396,5,0,0,0,0,0,0,0,0,0,0,0,0,2086.81,0.000599,0.00072401,0.001632,3e-06,0.002396,0.000599,0,0,0,0,0,0,0,1,0,251,-1,0,0,0,0,0,portscan
0.000435,3,1,0,0,0,0,0,0,0,0,0,0,0,9195.4,0.000145,0.000210836,0.000387,1e-06,0.000435,0.0002175,0,0,0,0,0,0,1,0,0,29200,28960,0,0,0,0,0,portscan
0.000512,2,1,8,2,6,2,4,2.82843,2,2,2,0,19531.2,5859.38,0.000256,0.000322441,0.000484,2.8e-05,0.000512,0.000512,0,0,0,0,0,0,1,0,0,1024,29200,3,2,0,0,0,portscan
11.0094,4,2,18,0,18,0,4.5,9,0,0,0,0,1.63497,0.54499,2.20187,3.03559,6.00665,0.000101,11,3.66979,6.00721,6.00721,0,0,0,0,1,0,0,29200,227,2.57143,6.80336,0,0.000547,6.00665,portscan
0.000694,3,1,0,0,0,0,0,0,0,0,0,0,0,5763.69,0.000231333,0.000315081,0.000591,4e-06,0.000694,0.000347,0,0,0,0,0,0,1,0,0,29200,28960,0,0,0,0,0,portscan
0.003312,5,0,0,0,0,0,0,0,0,0,0,0,0,1509.66,0.000828,0.00108263,0.002448,0.000208,0.003312,0.000828,0,0,0,0,0,0,0,1,0,251,-1,0,0,0,0,0,portscan
0.002441,5,0,0,0,0,0,0,0,0,0,0,0,0,2048.34,0.00061025,0.000640279,0.001569,0.000239,0.002441,0.00061025,0,0,0,0,0,0,0,1,0,251,-1,0,0,0,0,0,portscan
0.000127,1,1,0,6,0,0,0,0,6,6,6,0,47244.1,15748,0.000127,0,0.000127,0.000127,0,0,0,0,0,0,0,0,1,0,0,64240,0,2,3.4641,1,0,0,portscan
0.000877,3,1,0,0,0,0,0,0,0,0,0,0,0,4561,0.000292333,0.000453886,0.000816,1.2e-05,0.000877,0.0004385,0,0,0,0,0,0,1,0,0,29200,28960,0,0,0,0,0,portscan
0.000508,2,1,8,2,6,2,4,2.82843,2,2,2,0,19685,5905.51,0.000254,0.000336583,0.000492,1.6e-05,0.000508,0.000508,0,0,0,0,0,0,1,0,0,1024,29200,3,2,0,0,0,portscan
18.4233,2,2,0,12,0,0,0,0,6,6,6,0,0.65135,0.217117,6.14109,10.6,18.4,4e-05,18.4,18.4,18.4,18.4,0,0,0,0,1,0,0,29200,0,2.4,3.28634,1,7.8e-05,18.4,portscan
0.001311,3,1,0,0,0,0,0,0,0,0,0,0,0,3051.11,0.000437,0.000716526,0.001264,2e-06,0.001311,0.0006555,0,0,0,0,0,0,1,0,0,29200,28960,0,0,0,0,0,portscan
0.007328,4,2,0,20,0,0,0,0,20,0,10,14.1421,2729.26,818.777,0.0014656,0.0023995,0.005737,0.00014,0.007328,0.00244267,0.006223,0.006223,0,0,0,0,1,0,0,29200,227,2.85714,7.55929,0,0,0,portscan
5.00174,3,1,0,0,0,0,0,0,0,0,0,0,0,0.799721,1.66725,2.88713,5.00101,0.000127,5.00174,2.50087,0,0,0,0,0,0,1,0,0,29200,28960,0,0,0,0,0,portscan
9.7e-05,1,1,0,6,0,0,0,0,6,6,6,0,61855.7,20618.6,9.7e-05,0,9.7e-05,9.7e-05,0,0,0,0,0,0,0,0,1,0,0,64240,0,2,3.4641,1,0,0,portscan
0.013261,4,2,0,41,0,0,0,0,41,0,20.5,28.9914,3091.77,452.455,0.0026522,0.00479209,0.011214,0.00014,0.013261,0.00442033,0.011684,0.011684,0,0,0,0,1,0,0,29200,227,5.85714,15.4965,0,0,0,portscan
6.02759,5,3,168,127,168,0,33.6,75.1319,127,0,42.3333,73.3235,48.9416,1.32723,0.861084,2.26866,6.00591,8.3e-05,6.02759,1.5069,6.00833,3.00416,0,0,0,0,1,0,0,29200,235,32.7778,65.8441,0,0.000576,6.00591,portscan
0.000792,2,1,8,2,6,2,4,2.82843,2,2,2,0,12626.3,3787.88,0.000396,0.000526087,0.000768,2.4e-05,0.000792,0.000792,0,0,0,0,0,0,1,0,0,1024,29200,3,2,0,0,0,portscan
0.000198,1,1,0,6,0,0,0,0,6,6,6,0,30303,10101,0.000198,0,0.000198,0.000198,0,0,0,0,0,0,0,0,1,0,0,29200,0,2,3.4641,1,0,0,portscan
0.002336,6,5,62,11576,62,0,10.3333,25.3114,5792,0,2315.2,2628.88,4.98202e+06,4708.9,0.0002336,0.000248478,0.000787,4.6e-05,0.002336,0.0004672,0.001147,0.00028675,0,0,0,0,1,0,0,29200,227,969.833,1980.86,0,0,0,portscan
0.000705,3,1,0,0,0,0,0,0,0,0,0,0,0,5673.76,0.000235,0.000222353,0.000491,9e-05,0.000705,0.0003525,0,0,0,0,0,0,1,0,0,29200,28960,0,0,0,0,0,portscan
0.000721,3,1,0,0,0,0,0,0,0,0,0,0,0,5547.85,0.000240333,0.000357654,0.000653,2e-05,0.000721,0.0003605,0,0,0,0,0,0,1,0,0,29200,28960,0,0,0,0,0,portscan
0.006068,5,3,168,127,168,0,33.6,75.1319,127,0,42.3333,73.3235,48615.7,1318.39,0.000866857,0.00169583,0.004658,3e-06,0.006068,0.001517,0.00551,0.002755,0,0,0,0,1,0,0,29200,235,32.7778,65.8441,0,0,0,portscan
0.002571,5,0,0,0,0,0,0,0,0,0,0,0,0,1944.77,0.00064275,0.000691928,0.001679,0.000243,0.002571,0.00064275,0,0,0,0,0,0,0,1,0,251,-1,0,0,0,0,0,portscan
6.02337,5,3,168,127,168,0,33.6,75.1319,127,0,42.3333,73.3235,48.9759,1.32816,0.860481,2.26754,6.00275,6.8e-05,6.02337,1.50584,6.0051,3.00255,0,0,0,0,1,0,0,29200,235,32.7778,65.8441,0,0.000552,6.00275,portscan
0.000729,3,1,0,0,0,0,0,0,0,0,0,0,0,5486.97,0.000243,0.000337751,0.000633,4.7e-05,0.000729,0.0003645,0,0,0,0,0,0,1,0,0,29200,28960,0,0,0,0,0,portscan
11.0074,4,2,18,0,18,0,4.5,9,0,0,0,0,1.63527,0.545089,2.20148,3.03478,6.00279,8.5e-05,11,3.66913,6.00345,6.00345,0,0,0,0,1,0,0,29200,227,2.57143,6.80336,0,0.000567,6.00279,portscan
0.007329,4,2,0,20,0,0,0,0,20,0,10,14.1421,2728.89,818.666,0.0014658,0.00240234,0.005756,0.000162,0.007329,0.002443,0.006215,0.006215,0,0,0,0,1,0,0,29200,227,2.85714,7.55929,0,0,0,portscan
0.000825,3,1,0,0,0,0,0,0,0,0,0,0,0,4848.48,0.000275,0.000346559,0.000674,4.9e-05,0.000825,0.0004125,0,0,0,0,0,0,1,0,0,29200,28960,0,0,0,0,0,portscan
0.01278,4,2,0,41,0,0,0,0,41,0,20.5,28.9914,3208.14,469.484,0.002556,0.00443795,0.010472,0.000117,0.01278,0.00426,0.010916,0.010916,0,0,0,0,1,0,0,29200,227,5.85714,15.4965,0,0,0,portscan
0.000679,2,1,8,2,6,2,4,2.82843,2,2,2,0,14727.5,4418.26,0.0003395,0.000461741,0.000666,1.3e-05,0.000679,0.000679,0,0,0,0,0,0,1,0,0,1024,29200,3,2,0,0,0,portscan
0.000596,2,1,8,2,6,2,4,2.82843,2,2,2,0,16778.5,5033.56,0.000298,0.000364867,0.000556,4e-05,0.000596,0.000596,0,0,0,0,0,0,1,0,0,1024,29200,3,2,0,0,0,portscan
0.00083,3,1,0,0,0,0,0,0,0,0,0,0,0,4819.28,0.000276667,0.00043656,0.00078,1e-06,0.00083,0.000415,0,0,0,0,0,0,1,0,0,29200,28960,0,0,0,0,0,portscan
0.000611,2,1,8,2,6,2,4,2.82843,2,2,2,0,16366.6,4909.98,0.0003055,0.00036416,0.000563,4.8e-05,0.000611,0.000611,0,0,0,0,0,0,1,0,0,1024,29200,3,2,0,0,0,portscan
0.000158,1,1,2,6,2,2,2,0,6,6,6,0,50632.9,12658.2,0.000158,0,0.000158,0.000158,0,0,0,0,0,0,0,0,1,0,0,1024,0,3.33333,2.3094,1,0,0,portscan
0.000722,2,1,8,2,6,2,4,2.82843,2,2,2,0,13850.4,4155.12,0.000361,0.00043982,0.000672,5e-05,0.000722,0.000722,0,0,0,0,0,0,1,0,0,1024,29200,3,2,0,0,0,portscan
0.000598,2,1,8,2,6,2,4,2.82843,2,2,2,0,16722.4,5016.72,0.000299,0.000350725,0.000547,5.1e-05,0.000598,0.000598,0,0,0,0,0,0,1,0,0,1024,29200,3,2,0,0,0,portscan
0.000627,2,1,8,2,6,2,4,2.82843,2,2,2,0,15949,4784.69,0.0003135,0.000399515,0.000596,3.1e-05,0.000627,0.000627,0,0,0,0,0,0,1,0,0,1024,29200,3,2,0,0,0,portscan
0.000604,3,1,0,0,0,0,0,0,0,0,0,0,0,6622.52,0.000201333,0.000264012,0.000501,3e-06,0.000604,0.000302,0,0,0,0,0,0,1,0,0,29200,28960,0,0,0,0,0,portscan
0.000467,3,1,0,0,0,0,0,0,0,0,0,0,0,8565.31,0.000155667,0.000239751,0.000432,3e-06,0.000467,0.0002335,0,0,0,0,0,0,1,0,0,29200,28960,0,0,0,0,0,portscan
0.000713,2,1,8,2,6,2,4,2.82843,2,2,2,0,14025.2,4207.57,0.0003565,0.000269408,0.000547,0.000166,0.000713,0.000713,0,0,0,0,0,0,1,0,0,1024,29200,3,2,0,0,0,portscan
11.0114,4,2,18,0,18,0,4.5,9,0,0,0,0,1.63466,0.544888,2.20229,3.03606,6.00677,5.2e-05,11,3.67048,6.00742,6.00742,0,0,0,0,1,0,0,29200,227,2.57143,6.80336,0,0.000571,6.00677,portscan
0.001068,3,1,0,0,0,0,0,0,0,0,0,0,0,3745.32,0.000356,0.000526559,0.000964,4.8e-05,0.001068,0.000534,0,0,0,0,0,0,1,0,0,29200,28960,0,0,0,0,0,portscan
0.000227,1,1,0,6,0,0,0,0,6,6,6,0,26431.7,8810.57,0.000227,0,0.000227,0.000227,0,0,0,0,0,0,0,0,1,0,0,29200,0,2,3.4641,1,0,0,portscan
0.001094,3,1,0,0,0,0,0,0,0,0,0,0,0,3656.31,0.000364667,0.000548484,0.000998,4.7e-05,0.001094,0.000547,0,0,0,0,0,0,1,0,0,29200,28960,0,0,0,0,0,portscan
0.000499,2,1,8,2,6,2,4,2.82843,2,2,2,0,20040.1,6012.02,0.0002495,0.000342947,0.000492,7e-06,0.000499,0.000499,0,0,0,0,0,0,1,0,0,1024,29200,3,2,0,0,0,portscan
0.000877,3,1,0,0,0,0,0,0,0,0,0,0,0,4561,0.000292333,0.000442891,0.000802,1e-06,0.000877,0.0004385,0,0,0,0,0,0,1,0,0,29200,28960,0,0,0,0,0,portscan
0.000552,2,1,8,2,6,2,4,2.82843,2,2,2,0,18115.9,5434.78,0.000276,0.000285671,0.000478,7.4e-05,0.000552,0.000552,0,0,0,0,0,0,1,0,0,1024,29200,3,2,0,0,0,portscan
8.4397,4,2,18,0,18,0,4.5,9,0,0,0,0,2.13278,0.710926,1.68794,2.6338,6.00632,0.000118,8.4397,2.81323,6.00702,6.00702,0,0,0,0,1,0,0,29200,227,2.57143,6.80336,0,0.000598,6.00632,portscan
0.01981,5,0,0,0,0,0,0,0,0,0,0,0,0,252.398,0.0049525,0.00931461,0.018924,0.000237,0.01981,0.0049525,0,0,0,0,0,0,0,1,0,251,-1,0,0,0,0,0,portscan
0.001858,6,5,62,11576,62,0,10.3333,25.3114,5792,0,2315.2,2628.88,6.26372e+06,5920.34,0.0001858,0.000222594,0.000593,3e-06,0.001858,0.0003716,0.000915,0.00022875,0,0,0,0,1,0,0,29200,227,969.833,1980.86,0,0,0,portscan
0.000536,2,1,8,2,6,2,4,2.82843,2,2,2,0,18656.7,5597.01,0.000268,0.000329512,0.000501,3.5e-05,0.000536,0.000536,0,0,0,0,0,0,1,0,0,1024,29200,3,2,0,0,0,portscan
0.000605,3,1,0,0,0,0,0,0,0,0,0,0,0,6611.57,0.000201667,0.000320962,0.000572,4e-06,0.000605,0.0003025,0,0,0,0,0,0,1,0,0,29200,28960,0,0,0,0,0,portscan
0.002418,5,0,0,0,0,0,0,0,0,0,0,0,0,2067.82,0.0006045,0.000631336,0.001548,0.000217,0.002418,0.0006045,0,0,0,0,0,0,0,1,0,251,-1,0,0,0,0,0,portscan
0.000463,2,1,8,2,6,2,4,2.82843,2,2,2,0,21598.3,6479.48,0.0002315,0.000194454,0.000369,9.4e-05,0.000463,0.000463,0,0,0,0,0,0,1,0,0,1024,29200,3,2,0,0,0,portscan
18.42,2,2,0,12,0,0,0,0,6,6,6,0,0.651466,0.217155,6.13999,10.6,18.4,1.5e-05,18.4,18.4,18.4,18.4,0,0,0,0,1,0,0,29200,0,2.4,3.28634,1,2.9e-05,18.4,portscan
0.000685,3,1,0,0,0,0,0,0,0,0,0,0,0,5839.42,0.000228333,0.000296328,0.000564,3e-06,0.000685,0.0003425,0,0,0,0,0,0,1,0,0,29200,28960,0,0,0,0,0,portscan
0.000977,3,1,0,0,0,0,0,0,0,0,0,0,0,4094.17,0.000325667,0.000433834,0.000826,5.4e-05,0.000977,0.0004885,0,0,0,0,0,0,1,0,0,29200,28960,0,0,0,0,0,portscan
0.01985,5,0,0,0,0,0,0,0,0,0,0,0,0,251.889,0.0049625,0.00933937,0.018971,0.000208,0.01985,0.0049625,0,0,0,0,0,0,0,1,0,251,-1,0,0,0,0,0,portscan
0.247248,3,6,18,11595,18,0,6,10.3923,4344,0,1932.5,1754.83,46969,36.4007,0.030906,0.0867442,0.245586,1.5e-05,0.246482,0.123241,0.247141,0.0494282,0,0,0,0,1,0,0,29200,227,1161.3,1643.8,2,0,0,portscan
0.000614,3,1,0,0,0,0,0,0,0,0,0,0,0,6514.66,0.000204667,0.000295094,0.000545,2e-05,0.000614,0.000307,0,0,0,0,0,0,1,0,0,29200,28960,0,0,0,0,0,portscan
0.018827,5,0,0,0,0,0,0,0,0,0,0,0,0,265.576,0.00470675,0.00882307,0.017941,0.000244,0.018827,0.00470675,0,0,0,0,0,0,0,1,0,251,-1,0,0,0,0,0,portscan
0.001076,3,1,0,0,0,0,0,0,0,0,0,0,0,3717.47,0.000358667,0.000474183,0.000906,7.2e-05,0.001076,0.000538,0,0,0,0,0,0,1,0,0,29200,28960,0,0,0,0,0,portscan
0.000558,2,1,8,2,6,2,4,2.82843,2,2,2,0,17921.1,5376.34,0.000279,0.000282843,0.000479,7.9e-05,0.000558,0.000558,0,0,0,0,0,0,1,0,0,1024,29200,3,2,0,0,0,portscan
0.000673,2,1,8,2,6,2,4,2.82843,2,2,2,0,14858.8,4457.65,0.0003365,0.000441942,0.000649,2.4e-05,0.000673,0.000673,0,0,0,0,0,0,1,0,0,1024,29200,3,2,0,0,0,portscan
0.000695,3,1,0,0,0,0,0,0,0,0,0,0,0,5755.4,0.000231667,0.000317217,0.000594,4e-06,0.000695,0.0003475,0,0,0,0,0,0,1,0,0,29200,28960,0,0,0,0,0,portscan
11.0086,4,2,18,0,18,0,4.5,9,0,0,0,0,1.63508,0.545027,2.20173,3.03519,6.00398,3.9e-05,11,3.66954,6.00462,6.00462,0,0,0,0,1,0,0,29200,227,2.57143,6.80336,0,0.000567,6.00398,portscan
0.002435,5,0,0,0,0,0,0,0,0,0,0,0,0,2053.39,0.00060875,0.000731811,0.001699,0.000164,0.002435,0.00060875,0,0,0,0,0,0,0,1,0,251,-1,0,0,0,0,0,portscan
0.006311,5,3,168,127,168,0,33.6,75.1319,127,0,42.3333,73.3235,46743.8,1267.63,0.000901571,0.00163744,0.004562,3e-06,0.006311,0.00157775,0.005438,0.002719,0,0,0,0,1,0,0,29200,235,32.7778,65.8441,0,0,0,portscan
0.000643,3,1,0,0,0,0,0,0,0,0,0,0,0,6220.84,0.000214333,0.000288327,0.000543,4e-06,0.000643,0.0003215,0,0,0,0,0,0,1,0,0,29200,28960,0,0,0,0,0,portscan
0.000564,2,1,8,2,6,2,4,2.82843,2,2,2,0,17730.5,5319.15,0.000282,0.000329512,0.000515,4.9e-05,0.000564,0.000564,0,0,0,0,0,0,1,0,0,1024,29200,3,2,0,0,0,portscan
0.00065,2,1,8,2,6,2,4,2.82843,2,2,2,0,15384.6,4615.38,0.000325,0.000335169,0.000562,8.8e-05,0.00065,0.00065,0,0,0,0,0,0,1,0,0,1024,29200,3,2,0,0,0,portscan
0.001047,3,1,0,0,0,0,0,0,0,0,0,0,0,3820.44,0.000349,0.000519615,0.000949,4.9e-05,0.001047,0.0005235,0,0,0,0,0,0,1,0,0,29200,28960,0,0,0,0,0,portscan
0.000661,3,1,0,0,0,0,0,0,0,0,0,0,0,6051.44,0.000220333,0.000326548,0.000597,1.7e-05,0.000661,0.0003305,0,0,0,0,0,0,1,0,0,29200,28960,0,0,0,0,0,portscan
0.005794,4,2,0,20,0,0,0,0,20,0,10,14.1421,3451.85,1035.55,0.0011588,0.00170727,0.004196,0.000101,0.005794,0.00193133,0.004709,0.004709,0,0,0,0,1,0,0,29200,227,2.85714,7.55929,0,0,0,portscan
0.000785,3,1,0,0,0,0,0,0,0,0,0,0,0,5095.54,0.000261667,0.000408118,0.000732,1e-06,0.000785,0.0003925,0,0,0,0,0,0,1,0,0,29200,28960,0,0,0,0,0,portscan
0.000177,1,1,2,6,2,2,2,0,6,6,6,0,45197.7,11299.4,0.000177,0,0.000177,0.000177,0,0,0,0,0,0,0,0,1,0,0,1024,0,3.33333,2.3094,1,0,0,portscan
0.535026,3,6,18,11595,18,0,6,10.3923,5792,0,1932.5,2181.01,21705.5,16.8216,0.0668783,0.188558,0.533536,4.3e-05,0.534204,0.267102,0.534906,0.106981,0,0,0,0,1,0,0,29200,227,1161.3,1906.29,2,0,0,portscan
0.000104,1,1,0,6,0,0,0,0,6,6,6,0,57692.3,19230.8,0.000104,0,0.000104,0.000104,0,0,0,0,0,0,0,0,1,0,0,64240,0,2,3.4641,1,0,0,portscan
0.000649,2,1,8,2,6,2,4,2.82843,2,2,2,0,15408.3,4622.5,0.0003245,0.000443356,0.000638,1.1e-05,0.000649,0.000649,0,0,0,0,0,0,1,0,0,1024,29200,3,2,0,0,0,portscan
0.000745,2,1,8,2,6,2,4,2.82843,2,2,2,0,13422.8,4026.85,0.0003725,0.000441942,0.000685,6e-05,0.000745,0.000745,0,0,0,0,0,0,1,0,0,1024,29200,3,2,0,0,0,portscan
0.000668,3,1,0,0,0,0,0,0,0,0,0,0,0,5988.02,0.000222667,0.0003457,0.000621,1e-06,0.000668,0.000334,0,0,0,0,0,0,1,0,0,29200,28960,0,0,0,0,0,portscan
0.000493,2,1,8,2,6,2,4,2.82843,2,2,2,0,20284,6085.19,0.0002465,0.000317491,0.000471,2.2e-05,0.000493,0.000493,0,0,0,0,0,0,1,0,0,1024,29200,3,2,0,0,0,portscan
0.000538,2,1,8,2,6,2,4,2.82843,2,2,2,0,18587.4,5576.21,0.000269,0.000285671,0.000471,6.7e-05,0.000538,0.000538,0,0,0,0,0,0,1,0,0,1024,29200,3,2,0,0,0,portscan
0.000449,2,1,8,2,6,2,4,2.82843,2,2,2,0,22271.7,6681.51,0.0002245,0.000188798,0.000358,9.1e-05,0.000449,0.000449,0,0,0,0,0,0,1,0,0,1024,29200,3,2,0,0,0,portscan
11.0094,4,2,18,0,18,0,4.5,9,0,0,0,0,1.63497,0.544989,2.20188,3.03542,6.00492,0.000113,11,3.6698,6.00554,6.00554,0,0,0,0,1,0,0,29200,227,2.57143,6.80336,0,0.00057,6.00492,portscan
0.009551,4,2,0,20,0,0,0,0,20,0,10,14.1421,2094.02,628.206,0.0019102,0.00351571,0.008191,0.000103,0.009551,0.00318367,0.008698,0.008698,0,0,0,0,1,0,0,29200,227,2.85714,7.55929,0,0,0,portscan
0.000679,3,1,0,0,0,0,0,0,0,0,0,0,0,5891.02,0.000226333,0.000287711,0.000551,3e-06,0.000679,0.0003395,0,0,0,0,0,0,1,0,0,29200,28960,0,0,0,0,0,portscan
0.000602,3,1,0,0,0,0,0,0,0,0,0,0,0,6644.52,0.000200667,0.000249817,0.000489,4.9e-05,0.000602,0.000301,0,0,0,0,0,0,1,0,0,29200,28960,0,0,0,0,0,portscan
0.013582,4,2,0,41,0,0,0,0,41,0,20.5,28.9914,3018.7,441.761,0.0027164,0.00468062,0.01105,0.000152,0.013582,0.00452733,0.011507,0.011507,0,0,0,0,1,0,0,29200,227,5.85714,15.4965,0,0,0,portscan
0.00111,3,1,0,0,0,0,0,0,0,0,0,0,0,3603.6,0.00037,0.000574253,0.001033,2.9e-05,0.00111,0.000555,0,0,0,0,0,0,1,0,0,29200,28960,0,0,0,0,0,portscan
0.000495,2,1,8,2,6,2,4,2.82843,2,2,2,0,20202,6060.61,0.0002475,0.000222739,0.000405,9e-05,0.000495,0.000495,0,0,0,0,0,0,1,0,0,1024,29200,3,2,0,0,0,portscan
18.4233,2,2,0,12,0,0,0,0,6,6,6,0,0.651348,0.217116,6.14111,10.6,18.4,6.9e-05,18.4,18.4,18.4,18.4,0,0,0,0,1,0,0,29200,0,2.4,3.28634,1,7.3e-05,18.4,portscan
0.000142,1,1,0,6,0,0,0,0,6,6,6,0,42253.5,14084.5,0.000142,0,0.000142,0.000142,0,0,0,0,0,0,0,0,1,0,0,29200,0,2,3.4641,1,0,0,portscan
0.006407,5,3,168,127,168,0,33.6,75.1319,127,0,42.3333,73.3235,46043.4,1248.63,0.000915286,0.00166403,0.004636,3e-06,0.006407,0.00160175,0.00551,0.002755,0,0,0,0,1,0,0,29200,235,32.7778,65.8441,0,0,0,portscan
0.002192,6,5,62,11576,62,0,10.3333,25.3114,4344,0,2315.2,2194.16,5.30931e+06,5018.25,0.0002192,0.000193865,0.000578,3e-06,0.002192,0.0004384,0.000954,0.0002385,0,0,0,0,1,0,0,29200,227,969.833,1778.02,0,0,0,portscan
0.00063,3,1,0,0,0,0,0,0,0,0,0,0,0,6349.21,0.00021,0.000296764,0.00055,3e-06,0.00063,0.000315,0,0,0,0,0,0,1,0,0,29200,28960,0,0,0,0,0,portscan
0.000819,3,1,0,0,0,0,0,0,0,0,0,0,0,4884,0.000273,0.000414293,0.00075,3e-06,0.000819,0.0004095,0,0,0,0,0,0,1,0,0,29200,28960,0,0,0,0,0,portscan
0.00066,2,1,8,2,6,2,4,2.82843,2,2,2,0,15151.5,4545.45,0.00033,0.000335169,0.000567,9.3e-05,0.00066,0.00066,0,0,0,0,0,0,1,0,0,1024,29200,3,2,0,0,0,portscan
0.00632,5,3,168,127,168,0,33.6,75.1319,127,0,42.3333,73.3235,46677.2,1265.82,0.000902857,0.00165654,0.00462,4.7e-05,0.00632,0.00158,0.005469,0.0027345,0,0,0,0,1,0,0,29200,235,32.7778,65.8441,0,0,0,portscan
11.0079,4,2,18,0,18,0,4.5,9,0,0,0,0,1.63519,0.545062,2.20158,3.03485,6.00303,9.4e-05,11,3.6693,6.00386,6.00386,0,0,0,0,1,0,0,29200,227,2.57143,6.80336,0,0.000743,6.00303,portscan
6.02743,5,3,168,127,168,0,33.6,75.1319,127,0,42.3333,73.3235,48.9429,1.32727,0.861061,2.2685,6.00552,9.2e-05,6.02743,1.50686,6.00781,3.0039,0,0,0,0,1,0,0,29200,235,32.7778,65.8441,0,0.000559,6.00552,portscan
0.00086,3,1,0,0,0,0,0,0,0,0,0,0,0,4651.16,0.000286667,0.000402995,0.000752,5.2e-05,0.00086,0.00043,0,0,0,0,0,0,1,0,0,29200,28960,0,0,0,0,0,portscan
0.000574,3,1,0,0,0,0,0,0,0,0,0,0,0,6968.64,0.000191333,0.000290741,0.000526,1e-06,0.000574,0.000287,0,0,0,0,0,0,1,0,0,29200,28960,0,0,0,0,0,portscan
0.000704,3,1,0,0,0,0,0,0,0,0,0,0,0,5681.82,0.000234667,0.000349619,0.000638,1.8e-05,0.000704,0.000352,0,0,0,0,0,0,1,0,0,29200,28960,0,0,0,0,0,portscan
0.000479,3,1,0,0,0,0,0,0,0,0,0,0,0,8350.73,0.000159667,0.000234481,0.000429,1e-06,0.000479,0.0002395,0,0,0,0,0,0,1,0,0,29200,28960,0,0,0,0,0,portscan
0.002362,6,5,62,11576,62,0,10.3333,25.3114,5792,0,2315.2,2628.88,4.92718e+06,4657.07,0.0002362,0.000271817,0.000826,3e-06,0.002362,0.0004724,0.001151,0.00028775,0,0,0,0,1,0,0,29200,227,969.833,1980.86,0,0,0,portscan
0.000837,3,1,0,0,0,0,0,0,0,0,0,0,0,4778.97,0.000279,0.000365858,0.000701,5.1e-05,0.000837,0.0004185,0,0,0,0,0,0,1,0,0,29200,28960,0,0,0,0,0,portscan
7.1e-05,1,1,0,6,0,0,0,0,6,6,6,0,84507,28169,7.1e-05,0,7.1e-05,7.1e-05,0,0,0,0,0,0,0,0,1,0,0,64240,0,2,3.4641,1,0,0,portscan
0.00065,3,1,0,0,0,0,0,0,0,0,0,0,0,6153.85,0.000216667,0.00036663,0.00064,2e-06,0.00065,0.000325,0,0,0,0,0,0,1,0,0,29200,28960,0,0,0,0,0,portscan
0.000449,2,1,8,2,6,2,4,2.82843,2,2,2,0,22271.7,6681.51,0.0002245,0.00020294,0.000368,8.1e-05,0.000449,0.000449,0,0,0,0,0,0,1,0,0,1024,29200,3,2,0,0,0,portscan
0.000549,3,1,0,0,0,0,0,0,0,0,0,0,0,7285.97,0.000183,0.000225222,0.000443,4.8e-05,0.000549,0.0002745,0,0,0,0,0,0,1,0,0,29200,28960,0,0,0,0,0,portscan
0.000599,2,1,8,2,6,2,4,2.82843,2,2,2,0,16694.5,5008.35,0.0002995,0.000296278,0.000509,9e-05,0.000599,0.000599,0,0,0,0,0,0,1,0,0,1024,29200,3,2,0,0,0,portscan
0.014548,4,2,0,41,0,0,0,0,41,0,20.5,28.9914,2818.26,412.428,0.0029096,0.00516358,0.012124,0.000113,0.014548,0.00484933,0.012607,0.012607,0,0,0,0,1,0,0,29200,227,5.85714,15.4965,0,0,0,portscan
0.000576,2,1,8,2,6,2,4,2.82843,2,2,2,0,17361.1,5208.33,0.000288,0.000328098,0.00052,5.6e-05,0.000576,0.000576,0,0,0,0,0,0,1,0,0,1024,29200,3,2,0,0,0,portscan
7.9e-05,1,1,0,6,0,0,0,0,6,6,6,0,75949.4,25316.5,7.9e-05,0,7.9e-05,7.9e-05,0,0,0,0,0,0,0,0,1,0,0,64240,0,2,3.4641,1,0,0,portscan
0.012701,4,2,0,41,0,0,0,0,41,0,20.5,28.9914,3228.09,472.404,0.0025402,0.00439202,0.010376,0.000136,0.012701,0.00423367,0.010841,0.010841,0,0,0,0,1,0,0,29200,227,5.85714,15.4965,0,0,0,portscan
6.02842,5,3,168,127,168,0,33.6,75.1319,127,0,42.3333,73.3235,48.9349,1.32705,0.861203,2.26893,6.00662,9.6e-05,6.02842,1.5071,6.00917,3.00459,0,0,0,0,1,0,0,29200,235,32.7778,65.8441,0,0.00054,6.00662,portscan
0.003965,4,2,0,20,0,0,0,0,20,0,10,14.1421,5044.14,1513.24,0.000793,0.0009921,0.002537,0.000139,0.003965,0.00132167,0.003033,0.003033,0,0,0,0,1,0,0,29200,227,2.85714,7.55929,0,0,0,portscan
18.4357,2,2,0,12,0,0,0,0,6,6,6,0,0.650909,0.21697,6.14525,10.6,18.4,3.9e-05,18.4,18.4,18.4,18.4,0,0,0,0,1,0,0,29200,0,2.4,3.28634,1,3.9e-05,18.4,portscan
6.00629,3,6,18,11595,18,0,6,10.3923,5792,0,1932.5,2181.01,1933.47,1.49843,0.750786,2.123,6.00493,4.4e-05,6.00551,3.00276,6.00616,1.20123,0,0,0,0,1,0,0,29200,227,1161.3,1906.29,2,0.000579,6.00493,portscan
0.000218,1,1,2,6,2,2,2,0,6,6,6,0,36697.2,9174.31,0.000218,0,0.000218,0.000218,0,0,0,0,0,0,0,0,1,0,0,1024,0,3.33333,2.3094,1,0,0,portscan
0.010595,4,2,0,41,0,0,0,0,41,0,20.5,28.9914,3869.75,566.305,0.002119,0.00354664,0.008434,0.000135,0.010595,0.00353167,0.008861,0.008861,0,0,0,0,1,0,0,29200,227,5.85714,15.4965,0,0,0,portscan
0.002483,5,0,0,0,0,0,0,0,0,0,0,0,0,2013.69,0.00062075,0.000684671,0.001644,0.000197,0.002483,0.00062075,0,0,0,0,0,0,0,1,0,251,-1,0,0,0,0,0,portscan
0.000711,3,1,0,0,0,0,0,0,0,0,0,0,0,5625.88,0.000237,0.000160122,0.00041,9.4e-05,0.000711,0.0003555,0,0,0,0,0,0,1,0,0,29200,28960,0,0,0,0,0,portscan
0.000911,3,1,0,0,0,0,0,0,0,0,0,0,0,4390.78,0.000303667,0.000484102,0.000862,1e-06,0.000911,0.0004555,0,0,0,0,0,0,1,0,0,29200,28960,0,0,0,0,0,portscan
6.02631,5,3,168,127,168,0,33.6,75.1319,127,0,42.3333,73.3235,48.952,1.32751,0.860901,2.26825,6.00479,4.8e-05,6.02631,1.50658,6.00711,3.00355,0,0,0,0,1,0,0,29200,235,32.7778,65.8441,0,0.000521,6.00479,portscan
0.000627,3,1,0,0,0,0,0,0,0,0,0,0,0,6379.59,0.000209,0.000329528,0.000589,2e-06,0.000627,0.0003135,0,0,0,0,0,0,1,0,0,29200,28960,0,0,0,0,0,portscan
0.00083,3,1,0,0,0,0,0,0,0,0,0,0,0,4819.28,0.000276667,0.000410046,0.000748,2e-06,0.00083,0.000415,0,0,0,0,0,0,1,0,0,29200,28960,0,0,0,0,0,portscan
0.019954,5,0,0,0,0,0,0,0,0,0,0,0,0,250.576,0.0049885,0.00939003,0.019073,0.000209,0.019954,0.0049885,0,0,0,0,0,0,0,1,0,251,-1,0,0,0,0,0,portscan
0.006361,5,3,168,127,168,0,33.6,75.1319,127,0,42.3333,73.3235,46376.4,1257.66,0.000908714,0.00169219,0.004713,4.9e-05,0.006361,0.00159025,0.005494,0.002747,0,0,0,0,1,0,0,29200,235,32.7778,65.8441,0,0,0,portscan
0.000574,3,1,0,0,0,0,0,0,0,0,0,0,0,6968.64,0.000191333,0.00032016,0.000561,3e-06,0.000574,0.000287,0,0,0,0,0,0,1,0,0,29200,28960,0,0,0,0,0,portscan
0.000637,2,1,8,2,6,2,4,2.82843,2,2,2,0,15698.6,4709.58,0.0003185,0.000344361,0.000562,7.5e-05,0.000637,0.000637,0,0,0,0,0,0,1,0,0,1024,29200,3,2,0,0,0,portscan
0.000151,1,1,0,6,0,0,0,0,6,6,6,0,39735.1,13245,0.000151,0,0.000151,0.000151,0,0,0,0,0,0,0,0,1,0,0,64240,0,2,3.4641,1,0,0,portscan
0.000651,2,1,8,2,6,2,4,2.82843,2,2,2,0,15361,4608.29,0.0003255,0.000345775,0.00057,8.1e-05,0.000651,0.000651,0,0,0,0,0,0,1,0,0,1024,29200,3,2,0,0,0,portscan
0.000484,3,1,0,0,0,0,0,0,0,0,0,0,0,8264.46,0.000161333,0.000265649,0.000468,2e-06,0.000484,0.000242,0,0,0,0,0,0,1,0,0,29200,28960,0,0,0,0,0,portscan
6.02616,5,3,168,127,168,0,33.6,75.1319,127,0,42.3333,73.3235,48.9532,1.32755,0.86088,2.26845,6.00521,6e-05,6.02616,1.50654,6.00741,3.0037,0,0,0,0,1,0,0,29200,235,32.7778,65.8441,0,0.000582,6.00521,portscan
0.000509,2,1,8,2,6,2,4,2.82843,2,2,2,0,19646.4,5893.91,0.0002545,0.000275065,0.000449,6e-05,0.000509,0.000509,0,0,0,0,0,0,1,0,0,1024,29200,3,2,0,0,0,portscan
0.001324,3,1,0,0,0,0,0,0,0,0,0,0,0,3021.15,0.000441333,0.00068214,0.001229,4.7e-05,0.001324,0.000662,0,0,0,0,0,0,1,0,0,29200,28960,0,0,0,0,0,portscan
18.4396,2,2,0,12,0,0,0,0,6,6,6,0,0.650774,0.216925,6.14653,10.6,18.4,7.2e-05,18.4,18.4,18.4,18.4,0,0,0,0,1,0,0,29200,0,2.4,3.28634,1,7.2e-05,18.4,portscan
0.000646,3,1,0,0,0,0,0,0,0,0,0,0,0,6191.95,0.000215333,0.000286373,0.000546,4.8e-05,0.000646,0.000323,0,0,0,0,0,0,1,0,0,29200,28960,0,0,0,0,0,portscan
6.3e-05,1,1,0,6,0,0,0,0,6,6,6,0,95238.1,31746,6.3e-05,0,6.3e-05,6.3e-05,0,0,0,0,0,0,0,0,1,0,0,64240,0,2,3.4641,1,0,0,portscan
11.009,4,2,18,0,18,0,4.5,9,0,0,0,0,1.63502,0.545007,2.20181,3.03533,6.00454,5e-05,11,3.66968,6.00516,6.00516,0,0,0,0,1,0,0,29200,227,2.57143,6.80336,0,0.000563,6.00454,portscan
0.00058,2,1,8,2,6,2,4,2.82843,2,2,2,0,17241.4,5172.41,0.00029,0.000323855,0.000519,6.1e-05,0.00058,0.00058,0,0,0,0,0,0,1,0,0,1024,29200,3,2,0,0,0,portscan
0.002269,6,5,62,11576,62,0,10.3333,25.3114,5792,0,2315.2,2628.88,5.12913e+06,4847.95,0.0002269,0.000271189,0.000816,4e-06,0.002269,0.0004538,0.001131,0.00028275,0,0,0,0,1,0,0,29200,227,969.833,1980.86,0,0,0,portscan
11.0108,4,2,18,0,18,0,4.5,9,0,0,0,0,1.63476,0.54492,2.20216,3.03585,6.00641,0.000142,11,3.67026,6.00704,6.00704,0,0,0,0,1,0,0,29200,227,2.57143,6.80336,0,0.000584,6.00641,portscan
0.000456,3,1,0,0,0,0,0,0,0,0,0,0,0,8771.93,0.000152,0.000177823,0.000348,1e-06,0.000456,0.000228,0,0,0,0,0,0,1,0,0,29200,28960,0,0,0,0,0,portscan
0.000622,2,1,8,2,6,2,4,2.82843,2,2,2,0,16077.2,4823.15,0.000311,0.000431335,0.000616,6e-06,0.000622,0.000622,0,0,0,0,0,0,1,0,0,1024,29200,3,2,0,0,0,portscan
0.000812,3,1,0,0,0,0,0,0,0,0,0,0,0,4926.11,0.000270667,0.000393503,0.000725,3.8e-05,0.000812,0.000406,0,0,0,0,0,0,1,0,0,29200,28960,0,0,0,0,0,portscan
0.010632,4,2,0,41,0,0,0,0,41,0,20.5,28.9914,3856.28,564.334,0.0021264,0.00339045,0.008142,0.000112,0.010632,0.003544,0.008645,0.008645,0,0,0,0,1,0,0,29200,227,5.85714,15.4965,0,0,0,portscan
9.4e-05,1,1,0,6,0,0,0,0,6,6,6,0,63829.8,21276.6,9.4e-05,0,9.4e-05,9.4e-05,0,0,0,0,0,0,0,0,1,0,0,64240,0,2,3.4641,1,0,0,portscan
0.000514,2,1,8,2,6,2,4,2.82843,2,2,2,0,19455.3,5836.58,0.000257,0.000267286,0.000446,6.8e-05,0.000514,0.000514,0,0,0,0,0,0,1,0,0,1024,29200,3,2,0,0,0,portscan
0.006363,5,3,168,127,168,0,33.6,75.1319,127,0,42.3333,73.3235,46361.8,1257.27,0.000909,0.00168296,0.004649,3e-06,0.006363,0.00159075,0.005507,0.0027535,0,0,0,0,1,0,0,29200,235,32.7778,65.8441,0,0,0,portscan
0.001268,3,1,0,0,0,0,0,0,0,0,0,0,0,3154.57,0.000422667,0.000672319,0.001198,1e-06,0.001268,0.000634,0,0,0,0,0,0,1,0,0,29200,28960,0,0,0,0,0,portscan
0.000448,2,1,8,2,6,2,4,2.82843,2,2,2,0,22321.4,6696.43,0.000224,0.000272943,0.000417,3.1e-05,0.000448,0.000448,0,0,0,0,0,0,1,0,0,1024,29200,3,2,0,0,0,portscan
11.0118,4,2,18,0,18,0,4.5,9,0,0,0,0,1.63461,0.544869,2.20236,3.03615,6.00686,0.000121,11,3.67061,6.00746,6.00746,0,0,0,0,1,0,0,29200,227,2.57143,6.80336,0,0.000595,6.00686,portscan
0.000468,2,1,8,2,6,2,4,2.82843,2,2,2,0,21367.5,6410.26,0.000234,0.000220617,0.00039,7.8e-05,0.000468,0.000468,0,0,0,0,0,0,1,0,0,1024,29200,3,2,0,0,0,portscan
0.0006,3,1,0,0,0,0,0,0,0,0,0,0,0,6666.67,0.0002,0.000260985,0.000496,3e-06,0.0006,0.0003,0,0,0,0,0,0,1,0,0,29200,28960,0,0,0,0,0,portscan
0.002239,6,5,62,11576,62,0,10.3333,25.3114,4344,0,2315.2,2194.16,5.19786e+06,4912.91,0.0002239,0.00021951,0.000603,3e-06,0.002239,0.0004478,0.001038,0.0002595,0,0,0,0,1,0,0,29200,227,969.833,1778.02,0,0,0,portscan
0.000597,3,1,0,0,0,0,0,0,0,0,0,0,0,6700.17,0.000199,0.000216465,0.000447,4.8e-05,0.000597,0.0002985,0,0,0,0,0,0,1,0,0,29200,28960,0,0,0,0,0,portscan
0.000607,2,1,8,2,6,2,4,2.82843,2,2,2,0,16474.5,4942.34,0.0003035,0.000306177,0.00052,8.7e-05,0.000607,0.000607,0,0,0,0,0,0,1,0,0,1024,29200,3,2,0,0,0,portscan
6.00459,3,6,18,11595,18,0,6,10.3923,5792,0,1932.5,2181.01,1934.02,1.49885,0.750574,2.12232,6.00305,4.5e-05,6.00383,3.00192,6.00446,1.20089,0,0,0,0,1,0,0,29200,227,1161.3,1906.29,2,0.000779,6.00305,portscan
117.897,18,2,0,0,0,0,0,0,0,0,0,0,0,0.16964,6.20509,8.64211,35.7,8.2e-05,118,6.9351,1.30317,1.30317,0,0,0,0,0,0,0,-1,-1,0,0,0,2.36853,14.8,portscan
5.7e-05,1,1,0,6,0,0,0,0,6,6,6,0,105263,35087.7,5.7e-05,0,5.7e-05,5.7e-05,0,0,0,0,0,0,0,0,1,0,0,64240,0,2,3.4641,1,0,0,portscan
0.000547,2,1,8,2,6,2,4,2.82843,2,2,2,0,18281.5,5484.46,0.0002735,0.000335876,0.000511,3.6e-05,0.000547,0.000547,0,0,0,0,0,0,1,0,0,1024,29200,3,2,0,0,0,portscan
18.44,2,2,0,12,0,0,0,0,6,6,6,0,0.650759,0.21692,6.14667,10.6,18.4,2.4e-05,18.4,18.4,18.4,18.4,0,0,0,0,1,0,0,29200,0,2.4,3.28634,1,6e-05,18.4,portscan
0.000921,3,1,0,0,0,0,0,0,0,0,0,0,0,4343.11,0.000307,0.000450143,0.000824,2e-06,0.000921,0.0004605,0,0,0,0,0,0,1,0,0,29200,28960,0,0,0,0,0,portscan
0.001003,3,1,0,0,0,0,0,0,0,0,0,0,0,3988.04,0.000334333,0.000469387,0.000876,4.7e-05,0.001003,0.0005015,0,0,0,0,0,0,1,0,0,29200,28960,0,0,0,0,0,portscan
0.00127,3,1,0,0,0,0,0,0,0,0,0,0,0,3149.61,0.000423333,0.000612387,0.00113,4.8e-05,0.00127,0.000635,0,0,0,0,0,0,1,0,0,29200,28960,0,0,0,0,0,portscan
0.000735,3,1,0,0,0,0,0,0,0,0,0,0,0,5442.18,0.000245,0.000338501,0.000632,4e-06,0.000735,0.0003675,0,0,0,0,0,0,1,0,0,29200,28960,0,0,0,0,0,portscan
0.00087,3,1,0,0,0,0,0,0,0,0,0,0,0,4597.7,0.00029,0.000194425,0.000506,0.000129,0.00087,0.000435,0,0,0,0,0,0,1,0,0,29200,28960,0,0,0,0,0,portscan
6.027,5,3,168,127,168,0,33.6,75.1319,127,0,42.3333,73.3235,48.9464,1.32736,0.861,2.26894,6.00644,0.000124,6.027,1.50675,6.00878,3.00439,0,0,0,0,1,0,0,29200,235,32.7778,65.8441,0,0.000566,6.00644,portscan
0.000609,2,1,8,2,6,2,4,2.82843,2,2,2,0,16420.4,4926.11,0.0003045,0.000375474,0.00057,3.9e-05,0.000609,0.000609,0,0,0,0,0,0,1,0,0,1024,29200,3,2,0,0,0,portscan
0.000155,1,1,0,6,0,0,0,0,6,6,6,0,38709.7,12903.2,0.000155,0,0.000155,0.000155,0,0,0,0,0,0,0,0,1,0,0,29200,0,2,3.4641,1,0,0,portscan
0.000206,1,1,2,6,2,2,2,0,6,6,6,0,38835,9708.74,0.000206,0,0.000206,0.000206,0,0,0,0,0,0,0,0,1,0,0,1024,0,3.33333,2.3094,1,0,0,portscan
0.000713,3,1,0,0,0,0,0,0,0,0,0,0,0,5610.1,0.000237667,0.000330246,0.000619,4.6e-05,0.000713,0.0003565,0,0,0,0,0,0,1,0,0,29200,28960,0,0,0,0,0,portscan
18.4438,2,2,0,12,0,0,0,0,6,6,6,0,0.650625,0.216875,6.14793,10.6,18.4,2.8e-05,18.4,18.4,18.4,18.4,0,0,0,0,1,0,0,29200,0,2.4,3.28634,1,2.8e-05,18.4,portscan
5.00149,3,1,0,0,0,0,0,0,0,0,0,0,0,0.799761,1.66716,2.88718,5.001,1.8e-05,5.00149,2.50075,0,0,0,0,0,0,1,0,0,29200,28960,0,0,0,0,0,portscan
0.00081,3,1,0,0,0,0,0,0,0,0,0,0,0,4938.27,0.00027,0.000424084,0.000759,3e-06,0.00081,0.000405,0,0,0,0,0,0,1,0,0,29200,28960,0,0,0,0,0,portscan
0.019519,6,0,0,0,0,0,0,0,0,0,0,0,0,307.393,0.0039038,0.00821159,0.018591,4e-06,0.019519,0.0039038,0,0,0,0,0,0,0,1,0,251,-1,0,0,0,0,0,portscan
0.000691,3,1,0,0,0,0,0,0,0,0,0,0,0,5788.71,0.000230333,0.000313369,0.000588,4e-06,0.000691,0.0003455,0,0,0,0,0,0,1,0,0,29200,28960,0,0,0,0,0,portscan
0.000559,2,1,8,2,6,2,4,2.82843,2,2,2,0,17889.1,5366.73,0.0002795,0.000350018,0.000527,3.2e-05,0.000559,0.000559,0,0,0,0,0,0,1,0,0,1024,29200,3,2,0,0,0,portscan
0.01888,5,0,0,0,0,0,0,0,0,0,0,0,0,264.831,0.00472,0.0088471,0.01799,0.000209,0.01888,0.00472,0,0,0,0,0,0,0,1,0,251,-1,0,0,0,0,0,portscan
0.002168,6,5,62,11576,62,0,10.3333,25.3114,5792,0,2315.2,2628.88,5.36808e+06,5073.8,0.0002168,0.00031275,0.000834,1e-06,0.002168,0.0004336,0.001086,0.0002715,0,0,0,0,1,0,0,29200,227,969.833,1980.86,0,0,0,portscan
0.000525,3,1,0,0,0,0,0,0,0,0,0,0,0,7619.05,0.000175,0.000217874,0.00042,3e-06,0.000525,0.0002625,0,0,0,0,0,0,1,0,0,29200,28960,0,0,0,0,0,portscan
0.000936,3,1,0,0,0,0,0,0,0,0,0,0,0,4273.5,0.000312,0.000438323,0.000818,4.9e-05,0.000936,0.000468,0,0,0,0,0,0,1,0,0,29200,28960,0,0,0,0,0,portscan
0.00075,2,1,8,2,6,2,4,2.82843,2,2,2,0,13333.3,4000,0.000375,0.000469519,0.000707,4.3e-05,0.00075,0.00075,0,0,0,0,0,0,1,0,0,1024,29200,3,2,0,0,0,portscan
0.001357,3,1,0,0,0,0,0,0,0,0,0,0,0,2947.68,0.000452333,0.000687376,0.001246,4.8e-05,0.001357,0.0006785,0,0,0,0,0,0,1,0,0,29200,28960,0,0,0,0,0,portscan
6.02796,5,3,168,127,168,0,33.6,75.1319,127,0,42.3333,73.3235,48.9386,1.32715,0.861137,2.26879,6.00625,5.4e-05,6.02796,1.50699,6.00858,3.00429,0,0,0,0,1,0,0,29200,235,32.7778,65.8441,0,0.000596,6.00625,portscan
0.000494,2,1,8,2,6,2,4,2.82843,2,2,2,0,20242.9,6072.87,0.000247,0.000237588,0.000415,7.9e-05,0.000494,0.000494,0,0,0,0,0,0,1,0,0,1024,29200,3,2,0,0,0,portscan
0.000683,3,1,0,0,0,0,0,0,0,0,0,0,0,5856.52,0.000227667,0.000365965,0.00065,4e-06,0.000683,0.0003415,0,0,0,0,0,0,1,0,0,29200,28960,0,0,0,0,0,portscan
0.002434,6,5,62,11576,62,0,10.3333,25.3114,5792,0,2315.2,2628.88,4.78143e+06,4519.31,0.0002434,0.000252275,0.000789,4.6e-05,0.002434,0.0004868,0.001229,0.00030725,0,0,0,0,1,0,0,29200,227,969.833,1980.86,0,0,0,portscan
0.000755,2,1,8,2,6,2,4,2.82843,2,2,2,0,13245,3973.51,0.0003775,0.000470226,0.00071,4.5e-05,0.000755,0.000755,0,0,0,0,0,0,1,0,0,1024,29200,3,2,0,0,0,portscan
0.000649,2,1,8,2,6,2,4,2.82843,2,2,2,0,15408.3,4622.5,0.0003245,0.000392444,0.000602,4.7e-05,0.000649,0.000649,0,0,0,0,0,0,1,0,0,1024,29200,3,2,0,0,0,portscan
6.00774,3,6,18,11595,18,0,6,10.3923,4344,0,1932.5,1754.83,1933.01,1.49807,0.750967,2.12349,6.00634,1.6e-05,6.00693,3.00346,6.00764,1.20153,0,0,0,0,1,0,0,29200,227,1161.3,1643.8,2,0.000584,6.00634,portscan
6.00782,3,6,18,11595,18,0,6,10.3923,5792,0,1932.5,2181.01,1932.98,1.49805,0.750977,2.12351,6.0064,1.4e-05,6.00703,3.00351,6.00769,1.20154,0,0,0,0,1,0,0,29200,227,1161.3,1906.29,2,0.000626,6.0064,portscan
0.000918,3,1,0,0,0,0,0,0,0,0,0,0,0,4357.3,0.000306,0.000264363,0.000562,3.4e-05,0.000918,0.000459,0,0,0,0,0,0,1,0,0,29200,28960,0,0,0,0,0,portscan
6.02435,5,3,168,127,168,0,33.6,75.1319,127,0,42.3333,73.3235,48.9679,1.32794,0.860622,2.26745,6.0027,4.9e-05,6.02435,1.50609,6.00516,3.00258,0,0,0,0,1,0,0,29200,235,32.7778,65.8441,0,0.00059,6.0027,portscan
18.4233,2,2,0,12,0,0,0,0,6,6,6,0,0.651348,0.217116,6.14111,10.6,18.4,4.4e-05,18.4,18.4,18.4,18.4,0,0,0,0,1,0,0,29200,0,2.4,3.28634,1,5.3e-05,18.4,portscan
0.000419,2,1,8,2,6,2,4,2.82843,2,2,2,0,23866.3,7159.9,0.0002095,0.000239709,0.000379,4e-05,0.000419,0.000419,0,0,0,0,0,0,1,0,0,1024,29200,3,2,0,0,0,portscan
0.000564,3,1,0,0,0,0,0,0,0,0,0,0,0,7092.2,0.000188,0.000268418,0.000496,4e-06,0.000564,0.000282,0,0,0,0,0,0,1,0,0,29200,28960,0,0,0,0,0,portscan
0.000782,3,1,0,0,0,0,0,0,0,0,0,0,0,5115.09,0.000260667,0.000300853,0.000607,6.4e-05,0.000782,0.000391,0,0,0,0,0,0,1,0,0,29200,28960,0,0,0,0,0,portscan
0.000627,3,1,0,0,0,0,0,0,0,0,0,0,0,6379.59,0.000209,0.0003061,0.000562,1.7e-05,0.000627,0.0003135,0,0,0,0,0,0,1,0,0,29200,28960,0,0,0,0,0,portscan
0.002405,5,0,0,0,0,0,0,0,0,0,0,0,0,2079,0.00060125,0.000629134,0.001539,0.000193,0.002405,0.00060125,0,0,0,0,0,0,0,1,0,251,-1,0,0,0,0,0,portscan
0.006214,5,3,168,127,168,0,33.6,75.1319,127,0,42.3333,73.3235,47473.4,1287.42,0.000887714,0.00171887,0.004734,3e-06,0.006214,0.0015535,0.005564,0.002782,0,0,0,0,1,0,0,29200,235,32.7778,65.8441,0,0,0,portscan
0.105004,3,6,18,11595,18,0,6,10.3923,4344,0,1932.5,1754.83,110596,85.711,0.0131255,0.0365076,0.103475,1.5e-05,0.104314,0.052157,0.104936,0.0209872,0,0,0,0,1,0,0,29200,227,1161.3,1643.8,2,0,0,portscan
0.000762,2,1,8,2,6,2,4,2.82843,2,2,2,0,13123.4,3937.01,0.000381,0.000322441,0.000609,0.000153,0.000762,0.000762,0,0,0,0,0,0,1,0,0,1024,29200,3,2,0,0,0,portscan
0.013804,4,2,0,41,0,0,0,0,41,0,20.5,28.9914,2970.15,434.657,0.0027608,0.00487297,0.011453,0.000111,0.013804,0.00460133,0.011924,0.011924,0,0,0,0,1,0,0,29200,227,5.85714,15.4965,0,0,0,portscan
0.532011,3,6,18,11595,18,0,6,10.3923,5792,0,1932.5,2181.01,21828.5,16.9169,0.0665014,0.187502,0.530544,1.4e-05,0.531253,0.265626,0.531877,0.106375,0,0,0,0,1,0,0,29200,227,1161.3,1906.29,2,0,0,portscan
3.56976,3,1,0,0,0,0,0,0,0,0,0,0,0,1.12052,1.18992,2.06046,3.56914,0.000165,3.56976,1.78488,0,0,0,0,0,0,1,0,0,29200,28960,0,0,0,0,0,portscan
0.000859,3,1,0,0,0,0,0,0,0,0,0,0,0,4656.58,0.000286333,0.000417914,0.000768,2e-05,0.000859,0.0004295,0,0,0,0,0,0,1,0,0,29200,28960,0,0,0,0,0,portscan
0.000444,2,1,8,2,6,2,4,2.82843,2,2,2,0,22522.5,6756.76,0.000222,0.00022486,0.000381,6.3e-05,0.000444,0.000444,0,0,0,0,0,0,1,0,0,1024,29200,3,2,0,0,0,portscan
0.000498,2,1,8,2,6,2,4,2.82843,2,2,2,0,20080.3,6024.1,0.000249,0.000254558,0.000429,6.9e-05,0.000498,0.000498,0,0,0,0,0,0,1,0,0,1024,29200,3,2,0,0,0,portscan
0.000979,3,1,0,0,0,0,0,0,0,0,0,0,0,4085.8,0.000326333,0.000451231,0.000847,4.9e-05,0.000979,0.0004895,0,0,0,0,0,0,1,0,0,29200,28960,0,0,0,0,0,portscan
6.00688,3,6,18,11595,18,0,6,10.3923,5792,0,1932.5,2181.01,1933.28,1.49828,0.75086,2.12318,6.00547,1.6e-05,6.00608,3.00304,6.00672,1.20134,0,0,0,0,1,0,0,29200,227,1161.3,1906.29,2,0.000608,6.00547,portscan
0.006452,5,3,168,127,168,0,33.6,75.1319,127,0,42.3333,73.3235,45722.3,1239.93,0.000921714,0.00168858,0.004699,3e-06,0.006452,0.001613,0.005574,0.002787,0,0,0,0,1,0,0,29200,235,32.7778,65.8441,0,0,0,portscan
0.000921,3,1,0,0,0,0,0,0,0,0,0,0,0,4343.11,0.000307,0.00043825,0.000813,4.8e-05,0.000921,0.0004605,0,0,0,0,0,0,1,0,0,29200,28960,0,0,0,0,0,portscan
0.000121,1,1,0,6,0,0,0,0,6,6,6,0,49586.8,16528.9,0.000121,0,0.000121,0.000121,0,0,0,0,0,0,0,0,1,0,0,64240,0,2,3.4641,1,0,0,portscan
0.007066,4,2,0,20,0,0,0,0,20,0,10,14.1421,2830.46,849.137,0.0014132,0.0021969,0.005328,0.000135,0.007066,0.00235533,0.005962,0.005962,0,0,0,0,1,0,0,29200,227,2.85714,7.55929,0,0,0,portscan
0.001233,3,1,0,0,0,0,0,0,0,0,0,0,0,3244.12,0.000411,0.000629601,0.001138,4.7e-05,0.001233,0.0006165,0,0,0,0,0,0,1,0,0,29200,28960,0,0,0,0,0,portscan
0.020163,5,0,0,0,0,0,0,0,0,0,0,0,0,247.979,0.00504075,0.00947661,0.019255,0.000213,0.020163,0.00504075,0,0,0,0,0,0,0,1,0,251,-1,0,0,0,0,0,portscan
0.002004,6,5,62,11576,62,0,10.3333,25.3114,5792,0,2315.2,2628.88,5.80739e+06,5489.02,0.0002004,0.000261946,0.000749,4e-06,0.002004,0.0004008,0.001073,0.00026825,0,0,0,0,1,0,0,29200,227,969.833,1980.86,0,0,0,portscan
0.000897,3,1,0,0,0,0,0,0,0,0,0,0,0,4459.31,0.000299,0.000393074,0.000752,4.8e-05,0.000897,0.0004485,0,0,0,0,0,0,1,0,0,29200,28960,0,0,0,0,0,portscan
0.000511,2,1,8,2,6,2,4,2.82843,2,2,2,0,19569.5,5870.84,0.0002555,0.000277893,0.000452,5.9e-05,0.000511,0.000511,0,0,0,0,0,0,1,0,0,1024,29200,3,2,0,0,0,portscan
3.5696,3,1,0,0,0,0,0,0,0,0,0,0,0,1.12057,1.18987,2.06042,3.56904,7.4e-05,3.5696,1.7848,0,0,0,0,0,0,1,0,0,29200,28960,0,0,0,0,0,portscan
0.001019,3,1,0,0,0,0,0,0,0,0,0,0,0,3925.42,0.000339667,0.000488801,0.000904,4.9e-05,0.001019,0.0005095,0,0,0,0,0,0,1,0,0,29200,28960,0,0,0,0,0,portscan
6.0077,3,6,18,11595,18,0,6,10.3923,5792,0,1932.5,2181.01,1933.02,1.49808,0.750962,2.12348,6.00632,4.4e-05,6.00692,3.00346,6.00761,1.20152,0,0,0,0,1,0,0,29200,227,1161.3,1906.29,2,0.000606,6.00632,portscan
0.01207,4,2,0,20,0,0,0,0,20,0,10,14.1421,1657,497.1,0.002414,0.00463591,0.01069,3e-06,0.01207,0.00402333,0.01119,0.01119,0,0,0,0,1,0,0,29200,227,2.85714,7.55929,0,0,0,portscan
0.000707,3,1,0,0,0,0,0,0,0,0,0,0,0,5657.71,0.000235667,0.000311271,0.000595,4.9e-05,0.000707,0.0003535,0,0,0,0,0,0,1,0,0,29200,28960,0,0,0,0,0,portscan
0.000417,2,1,8,2,6,2,4,2.82843,2,2,2,0,23980.8,7194.24,0.0002085,0.000197283,0.000348,6.9e-05,0.000417,0.000417,0,0,0,0,0,0,1,0,0,1024,29200,3,2,0,0,0,portscan
11.0073,4,2,18,0,18,0,4.5,9,0,0,0,0,1.63527,0.54509,2.20147,3.03476,6.00263,0.000109,11,3.66912,6.00325,6.00325,0,0,0,0,1,0,0,29200,227,2.57143,6.80336,0,0.000599,6.00263,portscan
6.02448,5,3,168,127,168,0,33.6,75.1319,127,0,42.3333,73.3235,48.9669,1.32792,0.86064,2.268,6.00397,8.7e-05,6.02448,1.50612,6.00639,3.0032,0,0,0,0,1,0,0,29200,235,32.7778,65.8441,0,0.00059,6.00397,portscan
0.00249,6,0,0,0,0,0,0,0,0,0,0,0,0,2409.64,0.000498,0.000450227,0.001294,0.000234,0.00249,0.000498,0,0,0,0,0,0,0,1,0,251,-1,0,0,0,0,0,portscan
0.000872,3,1,0,0,0,0,0,0,0,0,0,0,0,4587.16,0.000290667,0.000424656,0.000781,4.2e-05,0.000872,0.000436,0,0,0,0,0,0,1,0,0,29200,28960,0,0,0,0,0,portscan
0.00022,1,1,2,6,2,2,2,0,6,6,6,0,36363.6,9090.91,0.00022,0,0.00022,0.00022,0,0,0,0,0,0,0,0,1,0,0,1024,0,3.33333,2.3094,1,0,0,portscan
6.00418,3,6,18,11595,18,0,6,10.3923,5792,0,1932.5,2181.01,1934.15,1.49896,0.750522,2.12221,6.00272,1.3e-05,6.00336,3.00168,6.00403,1.20081,0,0,0,0,1,0,0,29200,227,1161.3,1906.29,2,0.000636,6.00272,portscan
0.338731,3,6,18,11595,18,0,6,10.3923,5792,0,1932.5,2181.01,34283.8,26.5698,0.0423414,0.119111,0.337125,1.5e-05,0.33806,0.16903,0.338603,0.0677206,0,0,0,0,1,0,0,29200,227,1161.3,1906.29,2,0,0,portscan
0.000498,2,1,8,2,6,2,4,2.82843,2,2,2,0,20080.3,6024.1,0.000249,0.000321026,0.000476,2.2e-05,0.000498,0.000498,0,0,0,0,0,0,1,0,0,1024,29200,3,2,0,0,0,portscan
0.000584,3,1,0,0,0,0,0,0,0,0,0,0,0,6849.32,0.000194667,0.000254034,0.000488,4.8e-05,0.000584,0.000292,0,0,0,0,0,0,1,0,0,29200,28960,0,0,0,0,0,portscan
0.711577,3,6,18,11595,18,0,6,10.3923,4344,0,1932.5,1754.83,16320.1,12.648,0.0889471,0.250939,0.709988,1.6e-05,0.710816,0.355408,0.711496,0.142299,0,0,0,0,1,0,0,29200,227,1161.3,1643.8,2,0,0,portscan
0.009683,4,2,0,20,0,0,0,0,20,0,10,14.1421,2065.48,619.643,0.0019366,0.00361676,0.008403,0.000128,0.009683,0.00322767,0.008852,0.008852,0,0,0,0,1,0,0,29200,227,2.85714,7.55929,0,0,0,portscan
11.0089,4,2,18,0,18,0,4.5,9,0,0,0,0,1.63504,0.545015,2.20178,3.03541,6.00634,0.000101,11,3.66963,6.00699,6.00699,0,0,0,0,1,0,0,29200,227,2.57143,6.80336,0,0.000586,6.00634,portscan
11.0092,4,2,18,0,18,0,4.5,9,0,0,0,0,1.63499,0.544997,2.20185,3.03541,6.00523,0.000107,11,3.66974,6.00586,6.00586,0,0,0,0,1,0,0,29200,227,2.57143,6.80336,0,0.000569,6.00523,portscan
1.4e-05,1,1,0,6,0,0,0,0,6,6,6,0,428571,142857,1.4e-05,0,1.4e-05,1.4e-05,0,0,0,0,0,0,0,0,1,0,0,64240,0,2,3.4641,1,0,0,portscan
0.000974,3,1,0,0,0,0,0,0,0,0,0,0,0,4106.78,0.000324667,0.000500106,0.000902,2.5e-05,0.000974,0.000487,0,0,0,0,0,0,1,0,0,29200,28960,0,0,0,0,0,portscan
0.018773,5,0,0,0,0,0,0,0,0,0,0,0,0,266.34,0.00469325,0.00878559,0.017871,0.000217,0.018773,0.00469325,0,0,0,0,0,0,0,1,0,251,-1,0,0,0,0,0,portscan
0.000831,3,1,0,0,0,0,0,0,0,0,0,0,0,4813.48,0.000277,0.000395776,0.000734,4.7e-05,0.000831,0.0004155,0,0,0,0,0,0,1,0,0,29200,28960,0,0,0,0,0,portscan
4.8e-05,1,1,0,6,0,0,0,0,6,6,6,0,125000,41666.7,4.8e-05,0,4.8e-05,4.8e-05,0,0,0,0,0,0,0,0,1,0,0,64240,0,2,3.4641,1,0,0,portscan
0.001475,3,1,0,0,0,0,0,0,0,0,0,0,0,2711.86,0.000491667,0.000552648,0.001096,1.2e-05,0.001475,0.0007375,0,0,0,0,0,0,1,0,0,29200,28960,0,0,0,0,0,portscan
0.00051,2,1,8,2,6,2,4,2.82843,2,2,2,0,19607.8,5882.35,0.000255,0.000292742,0.000462,4.8e-05,0.00051,0.00051,0,0,0,0,0,0,1,0,0,1024,29200,3,2,0,0,0,portscan
18.4444,2,2,0,12,0,0,0,0,6,6,6,0,0.650605,0.216868,6.14812,10.6,18.4,7.4e-05,18.4,18.4,18.4,18.4,0,0,0,0,1,0,0,29200,0,2.4,3.28634,1,7.4e-05,18.4,portscan
0.008426,4,2,0,20,0,0,0,0,20,0,10,14.1421,2373.61,712.082,0.0016852,0.00288848,0.006846,0.000164,0.008426,0.00280867,0.00729,0.00729,0,0,0,0,1,0,0,29200,227,2.85714,7.55929,0,0,0,portscan
0.002257,6,5,62,11576,62,0,10.3333,25.3114,5792,0,2315.2,2628.88,5.1564e+06,4873.73,0.0002257,0.000249619,0.000726,4e-06,0.002257,0.0004514,0.001056,0.000264,0,0,0,0,1,0,0,29200,227,969.833,1980.86,0,0,0,portscan
0.000463,3,1,0,0,0,0,0,0,0,0,0,0,0,8639.31,0.000154333,0.000226001,0.000414,2e-06,0.000463,0.0002315,0,0,0,0,0,0,1,0,0,29200,28960,0,0,0,0,0,portscan
0.004293,4,2,0,20,0,0,0,0,20,0,10,14.1421,4658.75,1397.62,0.0008586,0.00117814,0.002902,3e-06,0.004293,0.001431,0.003376,0.003376,0,0,0,0,1,0,0,29200,227,2.85714,7.55929,0,0,0,portscan
0.006719,4,2,0,20,0,0,0,0,20,0,10,14.1421,2976.63,892.99,0.0013438,0.00212646,0.005137,0.000122,0.006719,0.00223967,0.005627,0.005627,0,0,0,0,1,0,0,29200,227,2.85714,7.55929,0,0,0,portscan
0.000843,3,1,0,0,0,0,0,0,0,0,0,0,0,4744.96,0.000281,0.000379542,0.000719,4.9e-05,0.000843,0.0004215,0,0,0,0,0,0,1,0,0,29200,28960,0,0,0,0,0,portscan
0.002365,5,0,0,0,0,0,0,0,0,0,0,0,0,2114.16,0.00059125,0.000685184,0.001613,0.000184,0.002365,0.00059125,0,0,0,0,0,0,0,1,0,251,-1,0,0,0,0,0,portscan
0.000469,2,1,8,2,6,2,4,2.82843,2,2,2,0,21322,6396.59,0.0002345,0.000263751,0.000421,4.8e-05,0.000469,0.000469,0,0,0,0,0,0,1,0,0,1024,29200,3,2,0,0,0,portscan
0.000791,3,1,0,0,0,0,0,0,0,0,0,0,0,5056.89,0.000263667,0.000202219,0.000475,7.2e-05,0.000791,0.0003955,0,0,0,0,0,0,1,0,0,29200,28960,0,0,0,0,0,portscan
0.000717,3,1,0,0,0,0,0,0,0,0,0,0,0,5578.8,0.000239,0.00030102,0.000586,4.8e-05,0.000717,0.0003585,0,0,0,0,0,0,1,0,0,29200,28960,0,0,0,0,0,portscan
0.000793,2,1,8,2,6,2,4,2.82843,2,2,2,0,12610.3,3783.1,0.0003965,0.000449013,0.000714,7.9e-05,0.000793,0.000793,0,0,0,0,0,0,1,0,0,1024,29200,3,2,0,0,0,portscan
0.000596,3,1,0,0,0,0,0,0,0,0,0,0,0,6711.41,0.000198667,0.000298302,0.000542,3e-06,0.000596,0.000298,0,0,0,0,0,0,1,0,0,29200,28960,0,0,0,0,0,portscan
0.000691,2,1,8,2,6,2,4,2.82843,2,2,2,0,14471.8,4341.53,0.0003455,0.000297692,0.000556,0.000135,0.000691,0.000691,0,0,0,0,0,0,1,0,0,1024,29200,3,2,0,0,0,portscan
0.000572,3,1,0,0,0,0,0,0,0,0,0,0,0,6993.01,0.000190667,0.000188421,0.000404,4.7e-05,0.000572,0.000286,0,0,0,0,0,0,1,0,0,29200,28960,0,0,0,0,0,portscan
6.00857,3,6,18,11595,18,0,6,10.3923,4344,0,1932.5,1977.81,1932.74,1.49786,0.751072,2.12377,6.00714,5.4e-05,6.00775,3.00388,6.0084,1.20168,0,0,0,0,1,0,0,29200,227,1161.3,1778.89,2,0.00061,6.00714,portscan
0.000869,3,1,0,0,0,0,0,0,0,0,0,0,0,4602.99,0.000289667,0.00023493,0.000558,0.000121,0.000869,0.0004345,0,0,0,0,0,0,1,0,0,29200,28960,0,0,0,0,0,portscan
0.001879,6,6,62,11576,62,0,10.3333,25.3114,5792,0,1929.33,2180.39,6.19372e+06,6386.38,0.000170818,0.000165496,0.00055,4.6e-05,0.001879,0.0003758,0.001122,0.0002244,0,0,0,0,1,0,0,29200,227,895.231,1724.57,1,0,0,portscan
0.000822,3,1,0,0,0,0,0,0,0,0,0,0,0,4866.18,0.000274,0.000354797,0.000683,4.9e-05,0.000822,0.000411,0,0,0,0,0,0,1,0,0,29200,28960,0,0,0,0,0,portscan
6.00401,3,6,18,11595,18,0,6,10.3923,4344,0,1932.5,1754.83,1934.21,1.499,0.750501,2.12217,6.0026,1.4e-05,6.00321,3.0016,6.00391,1.20078,0,0,0,0,1,0,0,29200,227,1161.3,1643.8,2,0.000608,6.0026,portscan
0.000767,3,1,0,0,0,0,0,0,0,0,0,0,0,5215.12,0.000255667,0.000208668,0.000469,5.2e-05,0.000767,0.0003835,0,0,0,0,0,0,1,0,0,29200,28960,0,0,0,0,0,portscan
0.00095,3,1,0,0,0,0,0,0,0,0,0,0,0,4210.53,0.000316667,0.000467949,0.000857,4.4e-05,0.00095,0.000475,0,0,0,0,0,0,1,0,0,29200,28960,0,0,0,0,0,portscan
0.000812,3,1,0,0,0,0,0,0,0,0,0,0,0,4926.11,0.000270667,0.000259504,0.000557,5.1e-05,0.000812,0.000406,0,0,0,0,0,0,1,0,0,29200,28960,0,0,0,0,0,portscan
0.000951,3,1,0,0,0,0,0,0,0,0,0,0,0,4206.1,0.000317,0.000462459,0.000851,4.9e-05,0.000951,0.0004755,0,0,0,0,0,0,1,0,0,29200,28960,0,0,0,0,0,portscan
0.001141,3,1,0,0,0,0,0,0,0,0,0,0,0,3505.7,0.000380333,0.00052881,0.00099,4.6e-05,0.001141,0.0005705,0,0,0,0,0,0,1,0,0,29200,28960,0,0,0,0,0,portscan
0.000476,2,1,8,2,6,2,4,2.82843,2,2,2,0,21008.4,6302.52,0.000238,0.000226274,0.000398,7.8e-05,0.000476,0.000476,0,0,0,0,0,0,1,0,0,1024,29200,3,2,0,0,0,portscan
0.001995,6,5,62,11576,62,0,10.3333,25.3114,5792,0,2315.2,2628.88,5.83358e+06,5513.78,0.0001995,0.00026192,0.000744,3e-06,0.001995,0.000399,0.001054,0.0002635,0,0,0,0,1,0,0,29200,227,969.833,1980.86,0,0,0,portscan
6.0082,3,6,18,11595,18,0,6,10.3923,4344,0,1932.5,1754.83,1932.86,1.49795,0.751026,2.12364,6.00678,1.5e-05,6.00742,3.00371,6.00808,1.20162,0,0,0,0,1,0,0,29200,227,1161.3,1643.8,2,0.000645,6.00678,portscan
0.000912,3,1,0,0,0,0,0,0,0,0,0,0,0,4385.96,0.000304,0.000475848,0.000853,1e-05,0.000912,0.000456,0,0,0,0,0,0,1,0,0,29200,28960,0,0,0,0,0,portscan
0.000625,3,1,0,0,0,0,0,0,0,0,0,0,0,6400,0.000208333,0.000292551,0.000546,3.1e-05,0.000625,0.0003125,0,0,0,0,0,0,1,0,0,29200,28960,0,0,0,0,0,portscan
3.56969,3,1,0,0,0,0,0,0,0,0,0,0,0,1.12055,1.1899,2.06045,3.5691,5.7e-05,3.56969,1.78484,0,0,0,0,0,0,1,0,0,29200,28960,0,0,0,0,0,portscan
0.013154,4,2,0,41,0,0,0,0,41,0,20.5,28.9914,3116.92,456.135,0.0026308,0.00457283,0.010787,0.000105,0.013154,0.00438467,0.011264,0.011264,0,0,0,0,1,0,0,29200,227,5.85714,15.4965,0,0,0,portscan
0.001003,3,1,0,0,0,0,0,0,0,0,0,0,0,3988.04,0.000334333,0.000441019,0.000843,5.9e-05,0.001003,0.0005015,0,0,0,0,0,0,1,0,0,29200,28960,0,0,0,0,0,portscan
0.006359,5,3,168,127,168,0,33.6,75.1319,127,0,42.3333,73.3235,46390.9,1258.06,0.000908429,0.001668,0.004639,4e-06,0.006359,0.00158975,0.005525,0.0027625,0,0,0,0,1,0,0,29200,235,32.7778,65.8441,0,0,0,portscan
108.259,150,30,0,0,0,0,0,0,0,0,0,0,0,1.66268,0.6048,1.03014,4.4545,1e-06,108,0.726572,108,3.71575,0,0,0,0,0,0,0,-1,-1,0,0,0,0,0,portscan
0.000634,2,1,8,2,6,2,4,2.82843,2,2,2,0,15772.9,4731.86,0.000317,0.000313955,0.000539,9.5e-05,0.000634,0.000634,0,0,0,0,0,0,1,0,0,1024,29200,3,2,0,0,0,portscan
0.000472,2,1,8,2,6,2,4,2.82843,2,2,2,0,21186.4,6355.93,0.000236,0.000237588,0.000404,6.8e-05,0.000472,0.000472,0,0,0,0,0,0,1,0,0,1024,29200,3,2,0,0,0,portscan
0.006308,5,3,168,127,168,0,33.6,75.1319,127,0,42.3333,73.3235,46766,1268.23,0.000901143,0.00167044,0.004644,4e-06,0.006308,0.001577,0.005467,0.0027335,0,0,0,0,1,0,0,29200,235,32.7778,65.8441,0,0,0,portscan
0.019886,5,0,0,0,0,0,0,0,0,0,0,0,0,251.433,0.0049715,0.00934593,0.01899,0.000247,0.019886,0.0049715,0,0,0,0,0,0,0,1,0,251,-1,0,0,0,0,0,portscan
0.000161,1,1,48,48,48,48,48,0,48,48,48,0,596273,12422.4,0.000161,0,0.000161,0.000161,0,0,0,0,0,0,0,0,0,0,0,-1,-1,48,0,1,0,0,portscan
7.4e-05,1,1,0,6,0,0,0,0,6,6,6,0,81081.1,27027,7.4e-05,0,7.4e-05,7.4e-05,0,0,0,0,0,0,0,0,1,0,0,64240,0,2,3.4641,1,0,0,portscan
36.8509,2,2,0,12,0,0,0,0,6,6,6,0,0.325636,0.108545,12.3,21.3,36.9,6e-05,36.9,36.9,36.9,36.9,0,0,0,0,1,0,0,29200,0,2.4,3.28634,1,8.1e-05,36.9,portscan
0.000603,3,1,0,0,0,0,0,0,0,0,0,0,0,6633.5,0.000201,0.000306609,0.000554,1e-06,0.000603,0.0003015,0,0,0,0,0,0,1,0,0,29200,28960,0,0,0,0,0,portscan
0.000708,3,1,0,0,0,0,0,0,0,0,0,0,0,5649.72,0.000236,0.000329096,0.000616,4.4e-05,0.000708,0.000354,0,0,0,0,0,0,1,0,0,29200,28960,0,0,0,0,0,portscan
0.000904,3,1,0,0,0,0,0,0,0,0,0,0,0,4424.78,0.000301333,0.000408561,0.000771,2.8e-05,0.000904,0.000452,0,0,0,0,0,0,1,0,0,29200,28960,0,0,0,0,0,portscan
0.000775,3,1,0,0,0,0,0,0,0,0,0,0,0,5161.29,0.000258333,0.000243439,0.000525,4.8e-05,0.000775,0.0003875,0,0,0,0,0,0,1,0,0,29200,28960,0,0,0,0,0,portscan
4.4e-05,1,1,0,6,0,0,0,0,6,6,6,0,136364,45454.5,4.4e-05,0,4.4e-05,4.4e-05,0,0,0,0,0,0,0,0,1,0,0,64240,0,2,3.4641,1,0,0,portscan
0.001463,3,6,18,11595,18,0,6,10.3923,5792,0,1932.5,2537.82,7.9378e+06,6151.74,0.000182875,0.00025918,0.000756,2e-06,0.00093,0.000465,0.001334,0.0002668,0,0,0,0,1,0,0,29200,227,1161.3,2137.6,2,0,0,portscan
0.000612,3,1,0,0,0,0,0,0,0,0,0,0,0,6535.95,0.000204,0.000163184,0.000352,2.9e-05,0.000612,0.000306,0,0,0,0,0,0,1,0,0,29200,28960,0,0,0,0,0,portscan
0.369278,3,7,18,11595,18,0,6,10.3923,4344,0,1656.43,1757.58,31447.9,27.0799,0.0410309,0.122312,0.367196,1.8e-05,0.368135,0.184067,0.369155,0.0615258,0,0,0,0,1,0,0,29200,227,1055.73,1596.28,2,0,0,portscan
9.07459,9,15,109,188,23,0,12.1111,9.77809,34,0,12.5333,14.5498,32.7288,2.64475,0.394547,1.03302,3.38888,2e-06,5.95697,0.744622,9.07447,0.648177,0,0,0,0,1,0,0,29200,227,11.88,12.7093,1,0,0,bruteforce
0.000211,2,1,14,0,14,0,7,9.89949,0,0,0,0,66350.7,14218,0.0001055,8.13173e-05,0.000163,4.8e-05,0.000211,0.000211,0,0,1,0,1,0,0,1,0,229,0,7,8.0829,0,0,0,bruteforce
8.77383,9,15,106,188,24,0,11.7778,9.47072,34,0,12.5333,14.5498,33.5087,2.73541,0.381471,0.99191,3.1916,3e-06,5.54004,0.692505,8.7737,0.626693,0,0,0,0,1,0,0,29200,227,11.76,12.6303,1,0,0,bruteforce
13.045,21,33,2008,2745,640,0,95.619,140.045,976,0,83.1818,217.286,364.353,4.1395,0.246133,0.668403,2.37617,4e-06,11.5,0.573375,13,0.407656,0,0,0,0,1,0,0,29200,247,86.4182,188.201,1,0,0,bruteforce
11.5828,21,32,2008,2745,640,0,95.619,140.045,976,0,85.7812,220.241,410.349,4.57575,0.222746,0.601841,2.20763,1.7e-05,10.1,0.503139,11.6,0.373634,0,0,0,0,1,0,0,29200,247,88.0185,189.59,1,0,0,bruteforce
8.55764,9,15,103,188,24,0,11.4444,9.15302,34,0,12.5333,14.5498,34.0047,2.80451,0.372071,0.953035,3.23106,2e-06,5.28628,0.660785,8.55758,0.611255,0,0,0,0,1,0,0,29200,227,11.64,12.5528,1,0,0,bruteforce
10.2636,9,15,98,188,20,0,10.8889,8.44755,34,0,12.5333,14.5498,27.8656,2.33837,0.446242,1.10468,3.39907,4e-06,7.28064,0.91008,10.3,0.733104,0,0,0,0,1,0,0,29200,227,11.44,12.3931,1,0,0,bruteforce
11.5556,26,35,2072,2905,640,0,79.6923,130.112,976,0,83,210.799,430.699,5.27881,0.192594,0.526689,2.23039,2e-06,9.72915,0.389166,11.6,0.339868,0,0,0,0,1,0,0,29200,247,80.2742,178.371,1,0,0,bruteforce
13.3195,20,33,2008,2745,640,0,100.4,141.914,976,0,83.1818,217.286,356.846,3.97914,0.256144,0.69617,2.51215,3e-06,10.8,0.56654,13.3,0.416229,0,0,0,0,1,0,0,29200,247,88.0185,189.59,1,0,0,bruteforce
15.2735,31,40,2216,3065,640,0,71.4839,121.378,976,0,76.625,198.061,345.762,4.64857,0.218193,0.550326,2.16244,1e-06,13.2,0.439761,15.3,0.391625,0,0,0,0,1,0,0,29200,257,73.3472,166.902,1,0,0,bruteforce
8.47883,9,15,113,188,26,0,12.5556,10.4297,34,0,12.5333,14.5498,35.5002,2.83058,0.368645,0.957714,3.03272,3e-06,5.4023,0.675287,8.47875,0.605625,0,0,0,0,1,0,0,29200,227,12.04,12.8857,1,0,0,bruteforce
12.2699,21,32,2008,2745,640,0,95.619,140.045,976,0,85.7812,220.241,387.372,4.31953,0.235959,0.636627,2.31894,1.7e-05,10.1,0.503202,12.3,0.395797,0,0,0,0,1,0,0,29200,247,88.0185,189.59,1,0,0,bruteforce
0.000239,2,1,14,0,14,0,7,9.89949,0,0,0,0,58577.4,12552.3,0.0001195,4.73762e-05,0.000153,8.6e-05,0.000239,0.000239,0,0,1,0,1,0,0,1,0,229,0,7,8.0829,0,0,0,bruteforce
9.84042,9,15,114,188,28,0,12.6667,10.5948,34,0,12.5333,14.5498,30.6897,2.43892,0.427844,1.11373,3.46406,3e-06,6.60039,0.825049,9.8403,0.702878,0,0,0,0,1,0,0,29200,227,12.08,12.9323,1,0,0,bruteforce
0.000228,2,1,14,0,14,0,7,9.89949,0,0,0,0,61403.5,13157.9,0.000114,4.52548e-05,0.000146,8.2e-05,0.000228,0.000228,0,0,1,0,1,0,0,1,0,229,0,7,8.0829,0,0,0,bruteforce
9.33015,9,15,112,188,25,0,12.4444,10.1994,34,0,12.5333,14.5498,32.1538,2.57231,0.405659,1.04583,3.1566,3e-06,6.38815,0.798519,9.33011,0.666436,0,0,0,0,1,0,0,29200,227,12,12.8225,1,0,0,bruteforce
12.4601,21,32,2008,2745,640,0,95.619,140.045,976,0,85.7812,220.241,381.456,4.25356,0.239618,0.659859,2.79419,1.9e-05,10.3,0.513889,12.5,0.401937,0,0,0,0,1,0,0,29200,247,88.0185,189.59,1,0,0,bruteforce
0.000236,2,1,14,0,14,0,7,9.89949,0,0,0,0,59322,12711.9,0.000118,5.9397e-05,0.00016,7.6e-05,0.000236,0.000236,0,0,1,0,1,0,0,1,0,229,0,7,8.0829,0,0,0,bruteforce
9.33226,9,15,102,188,22,0,11.3333,8.93029,34,0,12.5333,14.5498,31.075,2.57172,0.40575,1.05441,3.25206,3e-06,6.0365,0.754563,9.33213,0.666581,0,0,0,0,1,0,0,29200,227,11.6,12.5,1,0,0,bruteforce
14.1937,21,32,2008,2745,640,0,95.619,140.045,976,0,85.7812,220.241,334.866,3.73404,0.272956,0.750666,2.84036,3e-06,11.4,0.571709,14.2,0.457859,0,0,0,0,1,0,0,29200,247,88.0185,189.59,1,0,0,bruteforce
13.2391,21,32,2008,2745,640,0,95.619,140.045,976,0,85.7812,220.241,359.011,4.00328,0.254599,0.697305,2.73908,3e-06,10.5,0.522903,13.2,0.427064,0,0,0,0,1,0,0,29200,247,88.0185,189.59,1,0,0,bruteforce
12.015,21,32,2008,2745,640,0,95.619,140.045,976,0,85.7812,220.241,395.59,4.41117,0.231057,0.628323,2.29922,3e-06,10.6,0.531981,12,0.387575,0,0,0,0,1,0,0,29200,247,88.0185,189.59,1,0,0,bruteforce
8.95325,9,15,109,188,28,0,12.1111,10.228,34,0,12.5333,14.5498,33.1723,2.68059,0.389272,1.00996,3.04696,2e-06,6.11288,0.76411,8.95315,0.639511,0,0,0,0,1,0,0,29200,227,11.88,12.8268,1,0,0,bruteforce
0.000273,2,1,14,0,14,0,7,9.89949,0,0,0,0,51282.1,10989,0.0001365,7.56604e-05,0.00019,8.3e-05,0.000273,0.000273,0,0,1,0,1,0,0,1,0,229,0,7,8.0829,0,0,0,bruteforce
8.88334,9,15,108,188,24,0,12,9.69536,34,0,12.5333,14.5498,33.3208,2.70169,0.386232,1.00146,3.0255,3e-06,6.06955,0.758694,8.88322,0.634516,0,0,0,0,1,0,0,29200,227,11.84,12.6875,1,0,0,bruteforce
9.53665,9,15,103,188,21,0,11.4444,9.01542,34,0,12.5333,14.5498,30.5139,2.51661,0.414637,1.07707,3.30745,3e-06,6.30488,0.788111,9.53652,0.68118,0,0,0,0,1,0,0,29200,227,11.64,12.5196,1,0,0,bruteforce
12.7824,22,31,2008,2745,640,0,91.2727,138.182,976,0,88.5484,223.315,371.84,4.14633,0.245815,0.655806,2.4285,3e-06,10.8,0.514132,12.8,0.426075,0,0,0,0,1,0,0,29200,247,88.0185,189.59,1,0,0,bruteforce
8.52849,9,15,106,188,23,0,11.7778,9.44428,34,0,12.5333,14.5498,34.4727,2.8141,0.370804,0.966515,3.00617,3e-06,5.48063,0.685079,8.52844,0.609174,0,0,0,0,1,0,0,29200,227,11.76,12.6237,1,0,0,bruteforce
11.4723,21,32,2008,2745,640,0,95.619,140.045,976,0,85.7812,220.241,414.302,4.61983,0.220621,0.593968,2.24086,1.8e-05,9.55834,0.477917,11.5,0.370071,0,0,0,0,1,0,0,29200,247,88.0185,189.59,1,0,0,bruteforce
12.8368,21,32,2008,2745,640,0,95.619,140.045,976,0,85.7812,220.241,370.264,4.12876,0.246861,0.670958,2.44143,1.3e-05,10.5,0.523034,12.8,0.414088,0,0,0,0,1,0,0,29200,247,88.0185,189.59,1,0,0,bruteforce
8e-05,2,0,14,0,14,0,7,9.89949,0,0,0,0,175000,25000,8e-05,0,8e-05,8e-05,8e-05,8e-05,0,0,1,0,1,0,0,1,0,229,-1,9.33333,8.0829,0,0,0,bruteforce
11.7066,21,32,2008,2745,640,0,95.619,140.045,976,0,85.7812,220.241,406.009,4.52735,0.225128,0.607422,2.18818,3e-06,9.59422,0.479711,11.7,0.37763,0,0,0,0,1,0,0,29200,247,88.0185,189.59,1,0,0,bruteforce
12.4976,22,32,2008,2745,640,0,91.2727,138.182,976,0,85.7812,220.241,380.312,4.32082,0.235805,0.637557,2.23446,1.8e-05,10.6,0.505272,12.5,0.403145,0,0,0,0,1,0,0,29200,247,86.4182,188.201,1,0,0,bruteforce
10.4621,9,15,107,188,24,0,11.8889,9.72682,34,0,12.5333,14.5498,28.1971,2.29401,0.454872,1.17198,3.50888,3e-06,6.94947,0.868684,10.5,0.747283,0,0,0,0,1,0,0,29200,227,11.8,12.6951,1,0,0,bruteforce
13.2175,21,32,2008,2745,640,0,95.619,140.045,976,0,85.7812,220.241,359.599,4.00984,0.254183,0.699096,2.78815,4.4e-05,11.3,0.565489,13.2,0.426366,0,0,0,0,1,0,0,29200,247,88.0185,189.59,1,0,0,bruteforce
0.000231,2,1,14,0,14,0,7,9.89949,0,0,0,0,60606.1,12987,0.0001155,5.02046e-05,0.000151,8e-05,0.000231,0.000231,0,0,1,0,1,0,0,1,0,229,0,7,8.0829,0,0,0,bruteforce
0.000237,2,1,14,0,14,0,7,9.89949,0,0,0,0,59071.7,12658.2,0.0001185,0.000109602,0.000196,4.1e-05,0.000237,0.000237,0,0,1,0,1,0,0,1,0,229,0,7,8.0829,0,0,0,bruteforce
9.41431,9,15,100,188,21,0,11.1111,8.68108,34,0,12.5333,14.5498,30.5917,2.54931,0.409318,1.07978,3.77647,3e-06,6.37678,0.797098,9.41422,0.672445,0,0,0,0,1,0,0,29200,227,11.52,12.4436,1,0,0,bruteforce
8.35698,9,15,107,188,23,0,11.8889,9.58442,34,0,12.5333,14.5498,35.2998,2.87185,0.363347,0.946746,3.15686,3e-06,5.8214,0.727675,8.35691,0.596922,0,0,0,0,1,0,0,29200,227,11.8,12.659,1,0,0,bruteforce
8.8749,9,15,108,188,23,0,12,9.6566,34,0,12.5333,14.5498,33.3525,2.70426,0.385865,1.00376,3.16469,3e-06,5.84409,0.730511,8.87481,0.633915,0,0,0,0,1,0,0,29200,227,11.84,12.6777,1,0,0,bruteforce
11.7278,21,32,2008,2745,640,0,95.619,140.045,976,0,85.7812,220.241,405.276,4.51917,0.225535,0.610077,2.21514,3e-06,9.90515,0.495258,11.7,0.378312,0,0,0,0,1,0,0,29200,247,88.0185,189.59,1,0,0,bruteforce
13.5201,25,34,2136,2745,640,0,85.44,130.695,976,0,80.7353,214.443,361.017,4.36386,0.233106,0.613643,2.2562,3e-06,11.9,0.497846,13.5,0.409697,0,0,0,0,1,0,0,29200,247,81.35,181.076,1,0,0,bruteforce
8.60246,9,15,107,188,23,0,11.8889,9.53211,34,0,12.5333,14.5498,34.2925,2.7899,0.37402,0.97227,3.07519,3e-06,5.66545,0.708182,8.60234,0.614453,0,0,0,0,1,0,0,29200,227,11.8,12.6458,1,0,0,bruteforce
12.0054,21,32,2008,2745,640,0,95.619,140.045,976,0,85.7812,220.241,395.904,4.41467,0.230874,0.634219,2.69219,3e-06,10.3,0.515456,12,0.387267,0,0,0,0,1,0,0,29200,247,88.0185,189.59,1,0,0,bruteforce
8.87081,9,15,105,188,23,0,11.6667,9.35414,34,0,12.5333,14.5498,33.0297,2.7055,0.385687,1.00641,3.2479,3e-06,5.83943,0.729929,8.87072,0.633623,0,0,0,0,1,0,0,29200,227,11.72,12.6013,1,0,0,bruteforce
9.73459,9,15,114,188,29,0,12.6667,10.6654,34,0,12.5333,14.5498,31.0234,2.46544,0.423243,1.09069,3.42191,3e-06,6.45197,0.806496,9.73454,0.695324,0,0,0,0,1,0,0,29200,227,12.08,12.9516,1,0,0,bruteforce
12.5138,21,32,2024,2745,640,0,96.381,140.182,976,0,85.7812,220.241,381.099,4.23532,0.24065,0.656241,2.39626,4e-06,10.5,0.525225,12.5,0.403668,0,0,0,0,1,0,0,29200,257,88.3148,189.641,1,0,0,bruteforce
9.05366,9,15,100,188,20,0,11.1111,8.66667,34,0,12.5333,14.5498,31.8103,2.65086,0.393637,1.00252,3.30061,3e-06,6.42743,0.803429,9.05365,0.646689,0,0,0,0,1,0,0,29200,227,11.52,12.4403,1,0,0,bruteforce
13.6538,22,33,2008,2745,640,0,91.2727,138.182,976,0,83.1818,217.286,348.109,4.02819,0.252848,0.63532,2.17906,4e-06,11.6,0.550848,13.7,0.426678,0,0,0,0,1,0,0,29200,247,84.875,186.84,1,0,0,bruteforce
11.0986,21,32,2024,2745,640,0,96.381,140.182,976,0,85.7812,220.241,429.696,4.7754,0.213434,0.573557,2.12778,3e-06,8.97085,0.448542,11.1,0.358015,0,0,0,0,1,0,0,29200,257,88.3148,189.641,1,0,0,bruteforce
8.98255,9,15,105,188,23,0,11.6667,9.31397,34,0,12.5333,14.5498,32.6188,2.67185,0.390545,1.01492,3.37534,1e-06,6.49169,0.811461,8.98245,0.641603,0,0,0,0,1,0,0,29200,227,11.72,12.5914,1,0,0,bruteforce
11.3979,22,32,2008,2745,640,0,91.2727,138.182,976,0,85.7812,220.241,417.007,4.73772,0.215055,0.582343,2.38362,4e-06,9.87577,0.470275,11.4,0.367672,0,0,0,0,1,0,0,29200,247,86.4182,188.201,1,0,0,bruteforce
8.86837,9,15,98,188,20,0,10.8889,8.49183,34,0,12.5333,14.5498,32.2494,2.70625,0.385581,1.00162,3.01063,3e-06,5.81605,0.727007,8.86829,0.633449,0,0,0,0,1,0,0,29200,227,11.44,12.4032,1,0,0,bruteforce
8.36393,9,15,103,188,22,0,11.4444,9.07071,34,0,12.5333,14.5498,34.7922,2.86946,0.363649,0.944874,3.00008,3e-06,5.83739,0.729674,8.36388,0.59742,0,0,0,0,1,0,0,29200,227,11.64,12.5329,1,0,0,bruteforce
8.71157,9,15,103,188,24,0,11.4444,9.2346,34,0,12.5333,14.5498,33.4039,2.75496,0.378764,0.99196,3.42031,3e-06,6.18482,0.773103,8.71146,0.622247,0,0,0,0,1,0,0,29200,227,11.64,12.5727,1,0,0,bruteforce
8.86937,9,15,110,188,26,0,12.2222,10.0595,34,0,12.5333,14.5498,33.5988,2.70594,0.385625,1.00301,3.10297,3e-06,5.72318,0.715397,8.86924,0.633517,0,0,0,0,1,0,0,29200,227,11.92,12.7832,1,0,0,bruteforce
9.01253,9,15,103,188,23,0,11.4444,9.20748,34,0,12.5333,14.5498,32.2884,2.66296,0.391849,1.02333,3.37291,0,5.59793,0.699741,9.01239,0.643742,0,0,0,0,1,0,0,29200,227,11.64,12.5661,1,0,0,bruteforce
8.97265,9,15,102,188,22,0,11.3333,8.94427,34,0,12.5333,14.5498,32.3204,2.6748,0.390115,1.00358,3.27209,3e-06,5.65883,0.707354,8.9726,0.6409,0,0,0,0,1,0,0,29200,227,11.6,12.5033,1,0,0,bruteforce
8.65902,9,15,112,188,24,0,12.4444,10.1871,34,0,12.5333,14.5498,34.6459,2.77167,0.376479,0.982519,3.17606,3e-06,5.69601,0.712002,8.6589,0.618493,0,0,0,0,1,0,0,29200,227,12,12.8193,1,0,0,bruteforce
13.2444,21,32,2008,2745,640,0,95.619,140.045,976,0,85.7812,220.241,358.868,4.00168,0.254701,0.693847,2.3551,1.7e-05,11,0.550825,13.2,0.427236,0,0,0,0,1,0,0,29200,247,88.0185,189.59,1,0,0,bruteforce
0.000215,2,1,14,0,14,0,7,9.89949,0,0,0,0,65116.3,13953.5,0.0001075,4.17193e-05,0.000137,7.8e-05,0.000215,0.000215,0,0,1,0,1,0,0,1,0,229,0,7,8.0829,0,0,0,bruteforce
12.0013,22,32,2008,2745,640,0,91.2727,138.182,976,0,85.7812,220.241,396.04,4.4995,0.22644,0.615012,2.37234,3e-06,9.58861,0.4566,12,0.387135,0,0,0,0,1,0,0,29200,247,86.4182,188.201,1,0,0,bruteforce
11.9841,20,33,2008,2745,640,0,100.4,141.914,976,0,83.1818,217.286,396.609,4.42253,0.230463,0.621701,2.2566,3e-06,10.5,0.554948,12,0.374501,0,0,0,0,1,0,0,29200,247,88.0185,189.59,1,0,0,bruteforce
11.2307,21,32,2008,2745,640,0,95.619,140.045,976,0,85.7812,220.241,423.215,4.71921,0.215975,0.57953,2.05622,3e-06,9.30875,0.465437,11.2,0.362276,0,0,0,0,1,0,0,29200,247,88.0185,189.59,1,0,0,bruteforce
11.4173,21,32,2008,2745,640,0,95.619,140.045,976,0,85.7812,220.241,416.298,4.64208,0.219563,0.595038,2.25525,2.4e-05,9.1187,0.455935,11.4,0.368297,0,0,0,0,1,0,0,29200,247,88.0185,189.59,1,0,0,bruteforce
9.03923,9,15,106,188,23,0,11.7778,9.44428,34,0,12.5333,14.5498,32.5249,2.65509,0.39301,1.02099,3.08073,4.8e-05,6.17219,0.771524,9.03912,0.645651,0,0,0,0,1,0,0,29200,227,11.76,12.6237,1,0,0,bruteforce
8.77676,9,15,107,188,25,0,11.8889,9.62347,34,0,12.5333,14.5498,33.6115,2.73449,0.381598,0.99263,3.13756,3e-06,6.10864,0.76358,8.77661,0.6269,0,0,0,0,1,0,0,29200,227,11.8,12.6689,1,0,0,bruteforce
12.119,21,32,2008,2745,640,0,95.619,140.045,976,0,85.7812,220.241,392.194,4.37329,0.233058,0.626297,2.25617,3e-06,10.2,0.510365,12.1,0.390932,0,0,0,0,1,0,0,29200,247,88.0185,189.59,1,0,0,bruteforce
12.3934,23,33,2008,2745,640,0,87.3043,136.34,976,0,83.1818,217.286,383.51,4.51853,0.225335,0.623684,2.21494,4e-06,10.2,0.463223,12.4,0.387289,0,0,0,0,1,0,0,29200,247,83.386,185.505,1,0,0,bruteforce
9.36973,9,15,96,188,20,0,10.6667,8.24621,34,0,12.5333,14.5498,30.3104,2.56144,0.40738,1.06744,3.58057,1e-06,6.19563,0.774453,9.36973,0.669267,0,0,0,0,1,0,0,29200,227,11.36,12.3521,1,0,0,bruteforce
8.8528,9,15,105,188,23,0,11.6667,9.30054,34,0,12.5333,14.5498,33.0969,2.71101,0.384904,1.0024,3.15649,3e-06,5.83019,0.728773,8.85266,0.632333,0,0,0,0,1,0,0,29200,227,11.72,12.5881,1,0,0,bruteforce
8.62167,9,15,118,188,44,0,13.1111,13.6423,34,0,12.5333,14.5498,35.4919,2.78368,0.374855,0.992607,3.60875,3e-06,6.23159,0.778948,8.62159,0.615828,0,0,0,0,1,0,0,29200,227,12.24,13.8603,1,0,0,bruteforce
9.9696,9,15,98,188,20,0,10.8889,8.49183,34,0,12.5333,14.5498,28.6872,2.40732,0.433461,1.13156,3.67292,1e-06,6.70082,0.837602,9.96951,0.712108,0,0,0,0,1,0,0,29200,227,11.44,12.4032,1,0,0,bruteforce
0.000224,2,1,14,0,14,0,7,9.89949,0,0,0,0,62500,13392.9,0.000112,7.9196e-05,0.000168,5.6e-05,0.000224,0.000224,0,0,1,0,1,0,0,1,0,229,0,7,8.0829,0,0,0,bruteforce
9.62958,9,15,108,188,24,0,12,9.69536,34,0,12.5333,14.5498,30.7386,2.49232,0.418677,1.09021,3.42039,3e-06,6.67883,0.834854,9.6295,0.687821,0,0,0,0,1,0,0,29200,227,11.84,12.6875,1,0,0,bruteforce
0.000276,2,1,14,0,14,0,7,9.89949,0,0,0,0,50724.6,10869.6,0.000138,7.63675e-05,0.000192,8.4e-05,0.000276,0.000276,0,0,1,0,1,0,0,1,0,229,0,7,8.0829,0,0,0,bruteforce
11.2479,21,32,2008,2745,640,0,95.619,140.045,976,0,85.7812,220.241,422.569,4.712,0.216305,0.585273,2.15082,4e-06,9.97067,0.498534,11.2,0.362829,0,0,0,0,1,0,0,29200,247,88.0185,189.59,1,0,0,bruteforce
8.35268,9,15,105,188,23,0,11.6667,9.30054,34,0,12.5333,14.5498,35.0786,2.87333,0.36316,0.948126,3.09971,3e-06,6.05334,0.756668,8.35256,0.596611,0,0,0,0,1,0,0,29200,227,11.72,12.5881,1,0,0,bruteforce
9.44401,9,15,104,188,24,0,11.5556,9.24812,34,0,12.5333,14.5498,30.9191,2.54129,0.410609,1.06634,3.27099,3e-06,6.24771,0.780964,9.44391,0.674565,0,0,0,0,1,0,0,29200,227,11.68,12.5755,1,0,0,bruteforce
8.74462,9,15,99,188,23,0,11,8.7178,34,0,12.5333,14.5498,32.8202,2.74455,0.380201,0.989066,3.12723,3e-06,6.0888,0.7611,8.74454,0.62461,0,0,0,0,1,0,0,29200,227,11.48,12.4536,1,0,0,bruteforce
0.000254,2,1,14,0,14,0,7,9.89949,0,0,0,0,55118.1,11811,0.000127,0.000103238,0.0002,5.4e-05,0.000254,0.000254,0,0,1,0,1,0,0,1,0,229,0,7,8.0829,0,0,0,bruteforce
0.000219,2,1,14,0,14,0,7,9.89949,0,0,0,0,63926.9,13698.6,0.0001095,7.00036e-05,0.000159,6e-05,0.000219,0.000219,0,0,1,0,1,0,0,1,0,229,0,7,8.0829,0,0,0,bruteforce
0.000249,2,1,14,0,14,0,7,9.89949,0,0,0,0,56224.9,12048.2,0.0001245,3.46482e-05,0.000149,0.0001,0.000249,0.000249,0,0,1,0,1,0,0,1,0,229,0,7,8.0829,0,0,0,bruteforce
9.70963,9,15,97,188,19,0,10.7778,8.30328,34,0,12.5333,14.5498,29.3523,2.47177,0.422158,1.09648,3.66983,3e-05,6.70648,0.838311,9.70951,0.693536,0,0,0,0,1,0,0,29200,227,11.4,12.3626,1,0,0,bruteforce
9.49897,9,15,102,188,21,0,11.3333,8.90225,34,0,12.5333,14.5498,30.5296,2.52659,0.412999,1.08302,3.61285,3e-06,6.8781,0.859763,9.49882,0.678487,0,0,0,0,1,0,0,29200,227,11.6,12.4933,1,0,0,bruteforce
0.000165,2,1,14,0,14,0,7,9.89949,0,0,0,0,84848.5,18181.8,8.25e-05,5.02046e-05,0.000118,4.7e-05,0.000165,0.000165,0,0,1,0,1,0,0,1,0,229,0,7,8.0829,0,0,0,bruteforce
0.000247,2,1,14,0,14,0,7,9.89949,0,0,0,0,56680.2,12145.7,0.0001235,4.73762e-05,0.000157,9e-05,0.000247,0.000247,0,0,1,0,1,0,0,1,0,229,0,7,8.0829,0,0,0,bruteforce
8.88673,9,15,110,188,23,0,12.2222,9.90931,34,0,12.5333,14.5498,33.5332,2.70066,0.386379,1.00645,3.23661,1e-06,5.60682,0.700853,8.88664,0.63476,0,0,0,0,1,0,0,29200,227,11.92,12.744,1,0,0,bruteforce
9.36732,9,15,95,188,19,0,10.5556,8.15646,34,0,12.5333,14.5498,30.2114,2.5621,0.407275,1.05695,3.18645,3e-06,6.39514,0.799392,9.36719,0.669085,0,0,0,0,1,0,0,29200,227,11.32,12.3346,1,0,0,bruteforce
0.000223,2,1,14,0,14,0,7,9.89949,0,0,0,0,62780.3,13452.9,0.0001115,0.000127986,0.000202,2.1e-05,0.000223,0.000223,0,0,1,0,1,0,0,1,0,229,0,7,8.0829,0,0,0,bruteforce
7.7589,9,15,116,188,25,0,12.8889,10.7173,34,0,12.5333,14.5498,39.1808,3.09322,0.337344,0.870606,2.58473,3e-06,5.19315,0.649144,7.75881,0.5542,0,0,0,0,1,0,0,29200,227,12.16,12.9701,1,0,0,bruteforce
9.26144,9,15,106,188,22,0,11.7778,9.40449,34,0,12.5333,14.5498,31.7445,2.59139,0.402671,1.02318,3.30694,3e-06,6.50005,0.812506,9.26136,0.661526,0,0,0,0,1,0,0,29200,227,11.76,12.6137,1,0,0,bruteforce
12.9021,20,33,2008,2745,640,0,100.4,141.914,976,0,83.1818,217.286,368.389,4.10785,0.248118,0.665757,2.23137,3e-06,10.6,0.559418,12.9,0.403188,0,0,0,0,1,0,0,29200,247,88.0185,189.59,1,0,0,bruteforce
9.86889,9,15,103,188,23,0,11.4444,9.09823,34,0,12.5333,14.5498,29.4866,2.43188,0.429082,1.1043,3.39687,2e-06,6.4298,0.803726,9.86867,0.704905,0,0,0,0,1,0,0,29200,227,11.64,12.5395,1,0,0,bruteforce
8.60332,9,15,117,188,27,0,13,10.8858,34,0,12.5333,14.5498,35.4514,2.78962,0.374057,0.971563,3.07282,3e-06,5.66763,0.708453,8.60319,0.614514,0,0,0,0,1,0,0,29200,227,12.2,13.0192,1,0,0,bruteforce
12.1914,23,32,2024,2745,640,0,88,136.512,976,0,85.7812,220.241,391.178,4.51138,0.225766,0.617477,2.19619,4e-06,10.7,0.485125,12.2,0.393265,0,0,0,0,1,0,0,29200,257,85.1607,186.894,1,0,0,bruteforce
12.3641,22,32,2008,2745,640,0,91.2727,138.182,976,0,85.7812,220.241,384.419,4.36748,0.233285,0.635591,2.45623,3e-06,10.2,0.48451,12.4,0.398838,0,0,0,0,1,0,0,29200,247,86.4182,188.201,1,0,0,bruteforce
0.000267,2,1,14,0,14,0,7,9.89949,0,0,0,0,52434.5,11236,0.0001335,7.42462e-05,0.000186,8.1e-05,0.000267,0.000267,0,0,1,0,1,0,0,1,0,229,0,7,8.0829,0,0,0,bruteforce
8.48249,9,15,100,188,24,0,11.1111,8.88038,34,0,12.5333,14.5498,33.9523,2.82936,0.368804,0.937734,3.02755,3e-06,5.72933,0.716166,8.48238,0.605884,0,0,0,0,1,0,0,29200,227,11.52,12.4904,1,0,0,bruteforce
12.5081,21,31,2008,2745,640,0,95.619,140.045,976,0,88.5484,223.315,379.993,4.1573,0.245257,0.661398,2.57208,3.5e-05,9.89303,0.494651,12.5,0.416934,0,0,0,0,1,0,0,29200,247,89.6792,191.008,1,0,0,bruteforce
9.81495,9,15,105,188,24,0,11.6667,9.51315,34,0,12.5333,14.5498,29.8524,2.44525,0.426737,1.10871,3.30483,3e-06,6.46665,0.808331,9.81487,0.701062,0,0,0,0,1,0,0,29200,227,11.72,12.6409,1,0,0,bruteforce
12.3697,21,32,2008,2745,640,0,95.619,140.045,976,0,85.7812,220.241,384.247,4.28468,0.237878,0.639576,2.28683,3e-06,10.4,0.522257,12.4,0.399017,0,0,0,0,1,0,0,29200,247,88.0185,189.59,1,0,0,bruteforce
8.52478,9,15,103,188,22,0,11.4444,9.04311,34,0,12.5333,14.5498,34.1358,2.81532,0.370643,0.970404,3.24103,3e-06,6.16502,0.770627,8.52466,0.608904,0,0,0,0,1,0,0,29200,227,11.64,12.5262,1,0,0,bruteforce
11.6635,20,33,2008,2745,640,0,100.4,141.914,976,0,83.1818,217.286,407.509,4.54407,0.224299,0.602826,2.32062,1e-06,9.29875,0.489408,11.7,0.364481,0,0,0,0,1,0,0,29200,247,88.0185,189.59,1,0,0,bruteforce
8.69053,9,15,108,188,24,0,12,9.73396,34,0,12.5333,14.5498,34.0601,2.76163,0.377849,0.972684,3.15587,3e-06,6.07936,0.75992,8.69041,0.620744,0,0,0,0,1,0,0,29200,227,11.84,12.6974,1,0,0,bruteforce
10.2438,9,15,113,188,29,0,12.5556,10.6079,34,0,12.5333,14.5498,29.3837,2.34289,0.445381,1.15985,3.67271,3e-06,6.52933,0.816167,10.2,0.73169,0,0,0,0,1,0,0,29200,227,12.04,12.9341,1,0,0,bruteforce
10.253,9,15,95,188,19,0,10.5556,8.11035,34,0,12.5333,14.5498,27.6017,2.34078,0.445782,1.10646,3.39918,3e-06,7.25413,0.906767,10.3,0.732354,0,0,0,0,1,0,0,29200,227,11.32,12.3245,1,0,0,bruteforce
8.14866,9,15,105,188,24,0,11.6667,9.51315,34,0,12.5333,14.5498,35.9568,2.94527,0.354289,0.915939,2.98452,3e-06,5.70815,0.713519,8.14859,0.582042,0,0,0,0,1,0,0,29200,227,11.72,12.6409,1,0,0,bruteforce
5e-06,3,0,0,0,0,0,0,0,0,0,0,0,0,600000,2.5e-06,2.12132e-06,4e-06,1e-06,5e-06,2.5e-06,0,0,0,0,0,0,0,1,1,259,-1,0,0,0,0,0,bruteforce
9.61255,9,15,112,188,29,0,12.4444,10.537,34,0,12.5333,14.5498,31.2092,2.49674,0.417937,1.08566,3.32478,2e-06,6.24634,0.780793,9.6124,0.6866,0,0,0,0,1,0,0,29200,227,12,12.9132,1,0,0,bruteforce
9.2896,9,15,114,188,27,0,12.6667,10.5238,34,0,12.5333,14.5498,32.5095,2.58353,0.403896,1.04706,3.31142,3e-06,6.64836,0.831045,9.28951,0.663536,0,0,0,0,1,0,0,29200,227,12.08,12.9129,1,0,0,bruteforce
0.000225,2,1,14,0,14,0,7,9.89949,0,0,0,0,62222.2,13333.3,0.0001125,9.12168e-05,0.000177,4.8e-05,0.000225,0.000225,0,0,1,0,1,0,0,1,0,229,0,7,8.0829,0,0,0,bruteforce
12.6125,22,32,2008,2745,640,0,91.2727,138.182,976,0,85.7812,220.241,376.849,4.28147,0.237972,0.662407,2.80422,1.2e-05,10.1,0.479895,12.6,0.406852,0,0,0,0,1,0,0,29200,247,86.4182,188.201,1,0,0,bruteforce
9.81452,9,15,108,188,25,0,12,9.81071,34,0,12.5333,14.5498,30.1594,2.44536,0.426718,1.1118,3.52793,3e-06,6.24461,0.780577,9.81439,0.701028,0,0,0,0,1,0,0,29200,227,11.84,12.717,1,0,0,bruteforce
9.75885,9,15,106,188,23,0,11.7778,9.41777,34,0,12.5333,14.5498,30.1265,2.4593,0.424298,1.10228,3.37275,1.9e-05,6.44838,0.806048,9.75876,0.697054,0,0,0,0,1,0,0,29200,227,11.76,12.6171,1,0,0,bruteforce
8.84089,9,15,110,188,26,0,12.2222,10.0222,34,0,12.5333,14.5498,33.707,2.71466,0.384386,1.01143,3.2848,3e-06,6.55064,0.81883,8.84079,0.631485,0,0,0,0,1,0,0,29200,227,11.92,12.7734,1,0,0,bruteforce
8.39433,9,15,108,188,24,0,12,9.79796,34,0,12.5333,14.5498,35.2619,2.85907,0.364971,0.94101,2.98574,3e-06,5.88644,0.735805,8.39425,0.599589,0,0,0,0,1,0,0,29200,227,11.84,12.7138,1,0,0,bruteforce
8.84847,9,15,107,188,24,0,11.8889,9.59745,34,0,12.5333,14.5498,33.3391,2.71233,0.384716,1.00988,3.44471,1e-06,5.36165,0.670206,8.84839,0.632028,0,0,0,0,1,0,0,29200,227,11.8,12.6623,1,0,0,bruteforce
11.4523,22,33,2008,2745,640,0,91.2727,138.182,976,0,83.1818,217.286,415.026,4.80253,0.212079,0.590015,2.27204,1.5e-05,9.99212,0.475815,11.5,0.357881,0,0,0,0,1,0,0,29200,247,84.875,186.84,1,0,0,bruteforce
11.957,19,31,2008,2745,640,0,105.684,143.767,976,0,88.5484,223.315,397.509,4.18166,0.24402,0.634099,2.22821,4e-06,10.3,0.572955,12,0.398562,0,0,0,0,1,0,0,29200,247,93.1961,193.93,1,0,0,bruteforce
8.6819,9,15,113,188,25,0,12.5556,10.3333,34,0,12.5333,14.5498,34.6698,2.76437,0.377474,0.980909,3.07183,1e-06,5.82373,0.727966,8.68175,0.620125,0,0,0,0,1,0,0,29200,227,12.04,12.8598,1,0,0,bruteforce
8.65984,9,15,113,188,27,0,12.5556,10.4536,34,0,12.5333,14.5498,34.7581,2.77141,0.376515,0.98568,3.31684,3e-06,5.81125,0.726406,8.6597,0.61855,0,0,0,0,1,0,0,29200,227,12.04,12.8921,1,0,0,bruteforce
11.8387,21,32,2008,2745,640,0,95.619,140.045,976,0,85.7812,220.241,401.479,4.47683,0.227668,0.62269,2.67617,2.2e-05,10.4,0.517845,11.8,0.381892,0,0,0,0,1,0,0,29200,247,88.0185,189.59,1,0,0,bruteforce
8.71869,9,15,101,188,24,0,11.2222,8.99691,34,0,12.5333,14.5498,33.1472,2.75271,0.379073,0.983936,2.96882,3e-06,5.95666,0.744582,8.71858,0.622756,0,0,0,0,1,0,0,29200,227,11.56,12.5169,1,0,0,bruteforce
7.8462,9,15,103,188,23,0,11.4444,9.20748,34,0,12.5333,14.5498,37.088,3.0588,0.341139,0.884207,2.75841,1e-06,5.35677,0.669596,7.84614,0.560439,0,0,0,0,1,0,0,29200,227,11.64,12.5661,1,0,0,bruteforce
12.9516,21,32,2008,2745,640,0,95.619,140.045,976,0,85.7812,220.241,366.983,4.09217,0.249068,0.682137,2.63256,3e-06,10.7,0.535382,13,0.417788,0,0,0,0,1,0,0,29200,247,88.0185,189.59,1,0,0,bruteforce
12.6978,21,32,2008,2745,640,0,95.619,140.045,976,0,85.7812,220.241,374.318,4.17397,0.244188,0.655492,2.22209,2.6e-05,10.5,0.523728,12.7,0.409601,0,0,0,0,1,0,0,29200,247,88.0185,189.59,1,0,0,bruteforce
11.4498,22,32,2008,2745,640,0,91.2727,138.182,976,0,85.7812,220.241,415.116,4.71623,0.216034,0.583694,2.06004,3e-06,9.34721,0.445105,11.4,0.369345,0,0,0,0,1,0,0,29200,247,86.4182,188.201,1,0,0,bruteforce
9.06481,9,15,103,188,22,0,11.4444,9.04311,34,0,12.5333,14.5498,32.1021,2.6476,0.394122,1.02575,3.23298,1e-06,6.30219,0.787774,9.06473,0.647481,0,0,0,0,1,0,0,29200,227,11.64,12.5262,1,0,0,bruteforce
12.9451,19,31,2008,2745,640,0,105.684,143.767,976,0,88.5484,223.315,367.166,3.86246,0.264186,0.694931,2.43516,3e-06,10.6,0.59042,12.9,0.4315,0,0,0,0,1,0,0,29200,247,93.1961,193.93,1,0,0,bruteforce
8.53777,9,15,107,188,23,0,11.8889,9.58442,34,0,12.5333,14.5498,34.5524,2.81104,0.371207,0.972674,3.25132,3e-06,6.17071,0.771339,8.53772,0.609837,0,0,0,0,1,0,0,29200,227,11.8,12.659,1,0,0,bruteforce
0.000212,2,1,14,0,14,0,7,9.89949,0,0,0,0,66037.7,14150.9,0.000106,3.81838e-05,0.000133,7.9e-05,0.000212,0.000212,0,0,1,0,1,0,0,1,0,229,0,7,8.0829,0,0,0,bruteforce
9.76751,9,15,107,188,22,0,11.8889,9.51899,34,0,12.5333,14.5498,30.2022,2.45713,0.424674,1.0997,3.30864,1e-06,6.68213,0.835266,9.76737,0.69767,0,0,0,0,1,0,0,29200,227,11.8,12.6425,1,0,0,bruteforce
8.57079,9,15,117,188,32,0,13,11.2694,34,0,12.5333,14.5498,35.586,2.80021,0.372643,0.976946,3.28289,3e-06,5.24218,0.655272,8.57066,0.61219,0,0,0,0,1,0,0,29200,227,12.2,13.1276,1,0,0,bruteforce
12.1467,21,32,2008,2745,640,0,95.619,140.045,976,0,85.7812,220.241,391.299,4.36331,0.233591,0.62806,2.29313,2.5e-05,10,0.502482,12.1,0.391827,0,0,0,0,1,0,0,29200,247,88.0185,189.59,1,0,0,bruteforce
12.248,23,32,2008,2745,640,0,87.3043,136.34,976,0,85.7812,220.241,388.063,4.49052,0.226815,0.62596,2.18246,3e-06,10.1,0.460222,12.2,0.395094,0,0,0,0,1,0,0,29200,247,84.875,186.84,1,0,0,bruteforce
10.6556,21,31,2008,2745,640,0,95.619,140.045,976,0,88.5484,223.315,446.056,4.88006,0.208933,0.554403,1.98453,1.9e-05,9.39954,0.469977,10.7,0.355183,0,0,0,0,1,0,0,29200,247,89.6792,191.008,1,0,0,bruteforce
11.7689,21,32,2008,2745,640,0,95.619,140.045,976,0,85.7812,220.241,403.86,4.50338,0.226326,0.624484,2.28681,1.4e-05,10.5,0.527059,11.8,0.379641,0,0,0,0,1,0,0,29200,247,88.0185,189.59,1,0,0,bruteforce
13.3058,21,32,2008,2745,640,0,95.619,140.045,976,0,85.7812,220.241,357.214,3.98324,0.25588,0.691001,2.42222,4e-06,11.1,0.553929,13.3,0.429215,0,0,0,0,1,0,0,29200,247,88.0185,189.59,1,0,0,bruteforce
0.039461,2,0,0,0,0,0,0,0,0,0,0,0,0,50.683,0.039461,0,0.039461,0.039461,0.039461,0.039461,0,0,0,0,0,0,0,1,0,229,-1,0,0,0,0,0,bruteforce
13.6813,22,33,2008,2745,640,0,91.2727,138.182,976,0,83.1818,217.286,347.409,4.02009,0.253357,0.636195,2.17224,3e-06,11.6,0.552385,13.7,0.427537,0,0,0,0,1,0,0,29200,247,84.875,186.84,1,0,0,bruteforce
13.5052,21,32,2008,2745,640,0,95.619,140.045,976,0,85.7812,220.241,351.937,3.9244,0.259716,0.712451,2.78813,3e-06,11.6,0.579128,13.5,0.435651,0,0,0,0,1,0,0,29200,247,88.0185,189.59,1,0,0,bruteforce
11.4809,19,32,2008,2745,640,0,105.684,143.767,976,0,85.7812,220.241,413.992,4.44216,0.229618,0.624506,2.45689,3e-06,10.1,0.56119,11.5,0.370349,0,0,0,0,1,0,0,29200,247,91.4038,192.454,1,0,0,bruteforce
13.09,22,32,2008,2745,640,0,91.2727,138.182,976,0,85.7812,220.241,363.1,4.12527,0.246982,0.669366,2.35613,3e-06,11.1,0.53043,13.1,0.422257,0,0,0,0,1,0,0,29200,247,86.4182,188.201,1,0,0,bruteforce
9.8311,9,15,115,188,28,0,12.7778,10.7678,34,0,12.5333,14.5498,30.8206,2.44123,0.427439,1.11265,3.45662,3e-06,6.592,0.824,9.83101,0.702215,0,0,0,0,1,0,0,29200,227,12.12,12.9818,1,0,0,bruteforce
13.0082,21,32,2008,2745,640,0,95.619,140.045,976,0,85.7812,220.241,365.384,4.07434,0.250158,0.676309,2.55618,3e-06,10.9,0.546288,13,0.419617,0,0,0,0,1,0,0,29200,247,88.0185,189.59,1,0,0,bruteforce
9.70812,9,15,96,188,22,0,10.6667,8.38153,34,0,12.5333,14.5498,29.2539,2.47216,0.422092,1.1037,3.69676,3e-06,6.74649,0.843311,9.708,0.693429,0,0,0,0,1,0,0,29200,227,11.36,12.3824,1,0,0,bruteforce
13.0922,23,31,2008,2745,640,0,87.3043,136.34,976,0,88.5484,223.315,363.04,4.12458,0.247023,0.681955,2.69225,3e-06,11.3,0.512973,13.1,0.436404,0,0,0,0,1,0,0,29200,247,86.4182,188.201,1,0,0,bruteforce
12.2856,23,32,2008,2745,640,0,87.3043,136.425,976,0,85.7812,220.241,386.875,4.47678,0.227512,0.630455,2.52115,3e-06,10.2,0.464842,12.3,0.396306,0,0,0,0,1,0,0,29200,257,84.875,186.865,1,0,0,bruteforce
9.50691,9,15,108,188,24,0,12,9.73396,34,0,12.5333,14.5498,31.1353,2.52448,0.413344,1.08577,3.7488,1e-06,5.71651,0.714564,9.50679,0.679057,0,0,0,0,1,0,0,29200,227,11.84,12.6974,1,0,0,bruteforce
9.508,9,15,107,188,24,0,11.8889,9.57137,34,0,12.5333,14.5498,31.0265,2.52419,0.413392,1.07499,3.3089,1e-06,6.15622,0.769528,9.508,0.679143,0,0,0,0,1,0,0,29200,227,11.8,12.6557,1,0,0,bruteforce
12.8157,21,32,2024,2745,640,0,96.381,140.182,976,0,85.7812,220.241,372.122,4.13555,0.246456,0.671173,2.6522,3e-06,11.2,0.561988,12.8,0.413405,0,0,0,0,1,0,0,29200,257,88.3148,189.641,1,0,0,bruteforce
8.54507,9,15,102,188,21,0,11.3333,8.93029,34,0,12.5333,14.5498,33.9377,2.80864,0.371525,0.969607,3.13507,1e-06,5.61998,0.702497,8.54493,0.610352,0,0,0,0,1,0,0,29200,227,11.6,12.5,1,0,0,bruteforce
9.27623,9,15,106,188,23,0,11.7778,9.44428,34,0,12.5333,14.5498,31.6939,2.58726,0.403315,1.04791,3.1889,1e-06,6.21725,0.777157,9.27614,0.662582,0,0,0,0,1,0,0,29200,227,11.76,12.6237,1,0,0,bruteforce
12.9516,19,31,2008,2745,640,0,105.684,143.767,976,0,88.5484,223.315,366.981,3.86052,0.264319,0.690173,2.39602,3e-06,10.8,0.601586,13,0.431715,0,0,0,0,1,0,0,29200,247,93.1961,193.93,1,0,0,bruteforce
8.54742,9,15,104,188,24,0,11.5556,9.24812,34,0,12.5333,14.5498,34.1623,2.80786,0.371627,0.963914,3.46552,2e-06,5.03896,0.62987,8.54736,0.610526,0,0,0,0,1,0,0,29200,227,11.68,12.5755,1,0,0,bruteforce
0.000275,2,1,14,0,14,0,7,9.89949,0,0,0,0,50909.1,10909.1,0.0001375,0.000147785,0.000242,3.3e-05,0.000275,0.000275,0,0,1,0,1,0,0,1,0,229,0,7,8.0829,0,0,0,bruteforce
11.2517,21,32,2008,2745,640,0,95.619,140.045,976,0,85.7812,220.241,422.424,4.71039,0.216379,0.585119,2.10845,3e-06,9.5357,0.476785,11.3,0.362954,0,0,0,0,1,0,0,29200,247,88.0185,189.59,1,0,0,bruteforce
13.1982,22,33,2008,2745,640,0,91.2727,138.182,976,0,83.1818,217.286,360.124,4.16722,0.244412,0.661892,2.45203,2.7e-05,11.3,0.53958,13.2,0.412442,0,0,0,0,1,0,0,29200,247,84.875,186.84,1,0,0,bruteforce
9.06685,9,15,97,188,20,0,10.7778,8.33333,34,0,12.5333,14.5498,31.4332,2.64701,0.394211,1.02583,3.16083,1e-06,5.85998,0.732498,9.06676,0.647626,0,0,0,0,1,0,0,29200,227,11.4,12.3693,1,0,0,bruteforce
11.8417,20,33,2008,2745,640,0,100.4,141.914,976,0,83.1818,217.286,401.379,4.47571,0.227725,0.60869,2.0719,3e-06,9.72882,0.512043,11.8,0.37005,0,0,0,0,1,0,0,29200,247,88.0185,189.59,1,0,0,bruteforce
9.8391,9,15,124,188,30,0,13.7778,11.9873,34,0,12.5333,14.5498,31.7102,2.43925,0.427787,1.09896,3.31531,3e-06,6.75548,0.844435,9.83903,0.702788,0,0,0,0,1,0,0,29200,227,12.48,13.3608,1,0,0,bruteforce
13.9182,21,32,2024,2745,640,0,96.381,140.182,976,0,85.7812,220.241,342.646,3.80797,0.267657,0.724289,2.56428,3e-06,11.9,0.593296,13.9,0.448969,0,0,0,0,1,0,0,29200,257,88.3148,189.641,1,0,0,bruteforce
0.000266,2,1,14,0,14,0,7,9.89949,0,0,0,0,52631.6,11278.2,0.000133,8.34386e-05,0.000192,7.4e-05,0.000266,0.000266,0,0,1,0,1,0,0,1,0,229,0,7,8.0829,0,0,0,bruteforce
9.00061,9,15,104,188,22,0,11.5556,9.16667,34,0,12.5333,14.5498,32.4422,2.66648,0.391331,1.02246,3.31216,3e-06,6.47715,0.809644,9.00051,0.642894,0,0,0,0,1,0,0,29200,227,11.68,12.5556,1,0,0,bruteforce
13.0912,20,33,2008,2745,640,0,100.4,141.914,976,0,83.1818,217.286,363.07,4.04853,0.251753,0.675205,2.28888,4e-06,10.8,0.566081,13.1,0.409096,0,0,0,0,1,0,0,29200,247,88.0185,189.59,1,0,0,bruteforce
9.76762,9,15,94,188,19,0,10.4444,8.00174,34,0,12.5333,14.5498,28.8709,2.4571,0.424679,1.10294,3.49209,3e-06,6.47198,0.808998,9.76754,0.697681,0,0,0,0,1,0,0,29200,227,11.28,12.3035,1,0,0,bruteforce
8.69991,9,15,110,188,25,0,12.2222,9.98471,34,0,12.5333,14.5498,34.2532,2.75865,0.378257,0.974506,3.13149,2e-05,5.5272,0.6909,8.69984,0.621417,0,0,0,0,1,0,0,29200,227,11.92,12.7636,1,0,0,bruteforce
0.000313,2,1,14,0,14,0,7,9.89949,0,0,0,0,44728.4,9584.66,0.0001565,0.000103945,0.00023,8.3e-05,0.000313,0.000313,0,0,1,0,1,0,0,1,0,229,0,7,8.0829,0,0,0,bruteforce
8.334,9,15,113,188,25,0,12.5556,10.3696,34,0,12.5333,14.5498,36.1171,2.87977,0.362348,0.943705,3.02151,3e-06,5.5224,0.6903,8.33388,0.595277,0,0,0,0,1,0,0,29200,227,12.04,12.8695,1,0,0,bruteforce
8.89507,9,15,108,188,24,0,12,9.73396,34,0,12.5333,14.5498,33.2769,2.69812,0.386742,0.996444,3.03418,3e-06,5.94704,0.743379,8.89497,0.635355,0,0,0,0,1,0,0,29200,227,11.84,12.6974,1,0,0,bruteforce
12.4767,20,33,2008,2745,640,0,100.4,141.914,976,0,83.1818,217.286,380.95,4.24792,0.239936,0.665341,2.62022,3e-06,9.87675,0.519829,12.5,0.389894,0,0,0,0,1,0,0,29200,247,88.0185,189.59,1,0,0,bruteforce
11.8316,21,32,2008,2745,640,0,95.619,140.045,976,0,85.7812,220.241,401.72,4.47952,0.227531,0.627345,2.73439,1.7e-05,10,0.500974,11.8,0.381662,0,0,0,0,1,0,0,29200,247,88.0185,189.59,1,0,0,bruteforce
9.54804,9,15,107,188,24,0,11.8889,9.57137,34,0,12.5333,14.5498,30.8964,2.5136,0.415132,1.07967,3.32819,3e-06,6.17904,0.77238,9.54794,0.681996,0,0,0,0,1,0,0,29200,227,11.8,12.6557,1,0,0,bruteforce
19.482,31,40,2440,3001,640,0,78.7097,119.77,976,0,75.025,198.093,279.284,3.6444,0.278314,0.742135,4.14891,1e-06,17.2,0.574485,19.5,0.499536,0,0,0,0,1,0,0,29200,247,75.5694,166.436,1,0,0,bruteforce
11.653,22,33,2008,2745,640,0,91.2727,138.182,976,0,83.1818,217.286,407.877,4.7198,0.215797,0.593211,2.3101,4e-06,9.29878,0.442799,11.7,0.364153,0,0,0,0,1,0,0,29200,247,84.875,186.84,1,0,0,bruteforce
0.000318,2,2,14,0,14,0,7,9.89949,0,0,0,0,44025.2,12578.6,0.000106,0.000132729,0.000258,1.3e-05,0.000318,0.000318,0.000258,0.000258,1,0,1,0,0,1,0,229,0,5.6,7.66812,1,0,0,bruteforce
12.2646,21,32,2008,2745,640,0,95.619,140.045,976,0,85.7812,220.241,387.54,4.3214,0.235857,0.638138,2.22828,1.7e-05,10.1,0.505659,12.3,0.395628,0,0,0,0,1,0,0,29200,247,88.0185,189.59,1,0,0,bruteforce
13.1494,21,32,2008,2745,640,0,95.619,140.045,976,0,85.7812,220.241,361.462,4.03061,0.252873,0.680332,2.56034,3e-06,10.5,0.527333,13.1,0.42417,0,0,0,0,1,0,0,29200,247,88.0185,189.59,1,0,0,bruteforce
8.91197,9,15,110,188,23,0,12.2222,9.90931,34,0,12.5333,14.5498,33.4382,2.69301,0.387477,1.01142,3.18173,2.6e-05,5.68825,0.711031,8.91185,0.636561,0,0,0,0,1,0,0,29200,227,11.92,12.744,1,0,0,bruteforce
9.77845,9,15,100,188,20,0,11.1111,8.65223,34,0,12.5333,14.5498,29.4525,2.45438,0.42515,1.10576,3.50008,3e-06,6.4848,0.810599,9.77839,0.698456,0,0,0,0,1,0,0,29200,227,11.52,12.4369,1,0,0,bruteforce
12.439,23,33,2008,2745,640,0,87.3043,136.34,976,0,83.1818,217.286,382.105,4.50197,0.226164,0.622605,2.21226,3e-06,10.2,0.465277,12.4,0.388714,0,0,0,0,1,0,0,29200,247,83.386,185.505,1,0,0,bruteforce
8.72246,9,15,104,188,23,0,11.5556,9.22105,34,0,12.5333,14.5498,33.4768,2.75152,0.379238,1.00173,3.51216,3e-06,5.17025,0.646282,8.7224,0.623029,0,0,0,0,1,0,0,29200,227,11.68,12.5689,1,0,0,bruteforce
8.9555,9,15,114,188,26,0,12.6667,10.4881,34,0,12.5333,14.5498,33.7223,2.67992,0.38937,1.01344,3.26879,4e-06,6.22742,0.778427,8.95538,0.63967,0,0,0,0,1,0,0,29200,227,12.08,12.9032,1,0,0,bruteforce
12.6441,21,32,2008,2745,640,0,95.619,140.045,976,0,85.7812,220.241,375.905,4.19166,0.243157,0.663186,2.51581,3e-06,10.7,0.535839,12.6,0.407871,0,0,0,0,1,0,0,29200,247,88.0185,189.59,1,0,0,bruteforce
10.7474,21,32,2008,2745,640,0,95.619,140.045,976,0,85.7812,220.241,442.245,4.93141,0.206681,0.558144,2.03444,3e-06,9.45994,0.472997,10.7,0.346687,0,0,0,0,1,0,0,29200,247,88.0185,189.59,1,0,0,bruteforce
8.88726,9,15,104,188,23,0,11.5556,9.35563,34,0,12.5333,14.5498,32.856,2.7005,0.386402,0.995539,3.22333,3e-06,6.21032,0.77629,8.88718,0.634798,0,0,0,0,1,0,0,29200,227,11.68,12.602,1,0,0,bruteforce
9.46612,9,15,112,188,26,0,12.4444,10.2361,34,0,12.5333,14.5498,31.692,2.53536,0.41157,1.07036,3.27297,1e-06,6.52422,0.815527,9.46598,0.676141,0,0,0,0,1,0,0,29200,227,12,12.8323,1,0,0,bruteforce
12.7198,21,32,2008,2745,640,0,95.619,140.045,976,0,85.7812,220.241,373.671,4.16675,0.244611,0.660494,2.27233,4e-06,11.2,0.559392,12.7,0.410312,0,0,0,0,1,0,0,29200,247,88.0185,189.59,1,0,0,bruteforce
0.000252,2,1,14,0,14,0,7,9.89949,0,0,0,0,55555.6,11904.8,0.000126,0.000142836,0.000227,2.5e-05,0.000252,0.000252,0,0,1,0,1,0,0,1,0,229,0,7,8.0829,0,0,0,bruteforce
11.5022,21,33,2008,2745,640,0,95.619,140.045,976,0,83.1818,217.286,413.226,4.69476,0.217022,0.597906,2.26361,4e-06,9.65028,0.482514,11.5,0.359438,0,0,0,0,1,0,0,29200,247,86.4182,188.201,1,0,0,bruteforce
0.00029,2,1,14,0,14,0,7,9.89949,0,0,0,0,48275.9,10344.8,0.000145,5.65685e-05,0.000185,0.000105,0.00029,0.00029,0,0,1,0,1,0,0,1,0,229,0,7,8.0829,0,0,0,bruteforce
16.0296,27,38,2824,4441,640,0,104.593,140.17,976,0,116.868,268.043,453.223,4.05499,0.250463,0.720389,3.91151,1e-06,14,0.538764,16,0.433229,0,0,0,0,1,0,0,29200,247,110.076,221.32,1,0,0,bruteforce
9.00546,9,15,115,188,32,0,12.7778,11.088,34,0,12.5333,14.5498,33.6463,2.66505,0.391542,1.0174,3.18394,3e-06,6.04356,0.755445,9.00535,0.643239,0,0,0,0,1,0,0,29200,227,12.12,13.0713,1,0,0,bruteforce
13.2561,21,32,2008,2745,640,0,95.619,140.045,976,0,85.7812,220.241,358.553,3.99817,0.254924,0.6885,2.3762,1.7e-05,11.5,0.574264,13.3,0.427611,0,0,0,0,1,0,0,29200,247,88.0185,189.59,1,0,0,bruteforce
13.3632,21,32,2008,2745,640,0,95.619,140.045,976,0,85.7812,220.241,355.679,3.96612,0.256984,0.708863,2.64034,3e-06,11.2,0.559152,13.4,0.431068,0,0,0,0,1,0,0,29200,247,88.0185,189.59,1,0,0,bruteforce
8.84516,9,15,114,188,28,0,12.6667,10.7703,34,0,12.5333,14.5498,34.143,2.71335,0.384572,0.999785,3.11479,3e-06,5.69007,0.711259,8.84508,0.631791,0,0,0,0,1,0,0,29200,227,12.08,12.9805,1,0,0,bruteforce
0.000274,2,1,14,0,14,0,7,9.89949,0,0,0,0,51094.9,10948.9,0.000137,6.6468e-05,0.000184,9e-05,0.000274,0.000274,0,0,1,0,1,0,0,1,0,229,0,7,8.0829,0,0,0,bruteforce
9.03135,9,15,108,188,23,0,12,9.6566,34,0,12.5333,14.5498,32.7747,2.65741,0.392667,1.02879,3.33051,1e-06,5.83508,0.729385,9.03126,0.64509,0,0,0,0,1,0,0,29200,227,11.84,12.6777,1,0,0,bruteforce
0.000248,2,1,14,0,14,0,7,9.89949,0,0,0,0,56451.6,12096.8,0.000124,0.000111723,0.000203,4.5e-05,0.000248,0.000248,0,0,1,0,1,0,0,1,0,229,0,7,8.0829,0,0,0,bruteforce
0.000186,2,1,14,0,14,0,7,9.89949,0,0,0,0,75268.8,16129,9.3e-05,6.50538e-05,0.000139,4.7e-05,0.000186,0.000186,0,0,1,0,1,0,0,1,0,229,0,7,8.0829,0,0,0,bruteforce
9.72657,9,15,104,188,22,0,11.5556,9.15302,34,0,12.5333,14.5498,30.0209,2.46747,0.422894,1.09786,3.46882,3e-06,6.66808,0.83351,9.72644,0.694746,0,0,0,0,1,0,0,29200,227,11.68,12.5523,1,0,0,bruteforce
9.57381,9,15,101,188,22,0,11.2222,8.82862,34,0,12.5333,14.5498,30.1865,2.50684,0.416252,1.08845,3.56405,3e-06,5.96952,0.74619,9.5737,0.683836,0,0,0,0,1,0,0,29200,227,11.56,12.4769,1,0,0,bruteforce
8.31807,9,15,104,188,24,0,11.5556,9.36898,34,0,12.5333,14.5498,35.1043,2.88529,0.361655,0.939172,2.94873,1e-06,5.5812,0.69765,8.31795,0.59414,0,0,0,0,1,0,0,29200,227,11.68,12.6053,1,0,0,bruteforce
9.84938,9,15,104,188,22,0,11.5556,9.15302,34,0,12.5333,14.5498,29.6465,2.4367,0.428234,1.11294,3.38126,4e-06,6.60107,0.825133,9.84926,0.703518,0,0,0,0,1,0,0,29200,227,11.68,12.5523,1,0,0,bruteforce
14.0054,25,35,2200,2745,640,0,88,129.574,976,0,78.4286,211.706,353.077,4.28405,0.23738,0.632604,2.25314,3e-06,11.8,0.493274,14,0.411921,0,0,0,0,1,0,0,29200,247,81.0656,179.575,1,0,0,bruteforce
0.000208,2,1,14,0,14,0,7,9.89949,0,0,0,0,67307.7,14423.1,0.000104,6.78823e-05,0.000152,5.6e-05,0.000208,0.000208,0,0,1,0,1,0,0,1,0,229,0,7,8.0829,0,0,0,bruteforce
14.9296,21,32,2008,2745,640,0,95.619,140.045,976,0,85.7812,220.241,318.36,3.54999,0.287108,0.783805,2.87233,3e-06,12,0.601933,14.9,0.481598,0,0,0,0,1,0,0,29200,247,88.0185,189.59,1,0,0,bruteforce
8.27673,9,15,101,188,23,0,11.2222,8.88507,34,0,12.5333,14.5498,34.9172,2.8997,0.359858,0.939195,3.18882,3e-06,5.04354,0.630443,8.27662,0.591187,0,0,0,0,1,0,0,29200,227,11.56,12.4903,1,0,0,bruteforce
8.63684,9,15,104,188,26,0,11.5556,9.47511,34,0,12.5333,14.5498,33.8086,2.77879,0.375515,0.977953,3.16922,1e-06,6.01558,0.751947,8.63673,0.616909,0,0,0,0,1,0,0,29200,227,11.68,12.6317,1,0,0,bruteforce
0.000312,2,1,14,0,14,0,7,9.89949,0,0,0,0,44871.8,9615.38,0.000156,7.07107e-05,0.000206,0.000106,0.000312,0.000312,0,0,1,0,1,0,0,1,0,229,0,7,8.0829,0,0,0,bruteforce
11.814,19,31,2008,2745,640,0,105.684,143.767,976,0,88.5484,223.315,402.318,4.23225,0.241103,0.638443,2.25976,4e-06,10.4,0.575207,11.8,0.393797,0,0,0,0,1,0,0,29200,247,93.1961,193.93,1,0,0,bruteforce
9.82031,9,15,105,188,23,0,11.6667,9.42072,34,0,12.5333,14.5498,29.8361,2.44391,0.42697,1.11001,3.37182,3e-06,6.57942,0.822428,9.8202,0.701443,0,0,0,0,1,0,0,29200,227,11.72,12.6178,1,0,0,bruteforce
7.96137,9,15,118,188,26,0,13.1111,11.005,34,0,12.5333,14.5498,38.4356,3.01455,0.346147,0.896219,3.06107,4e-06,5.7015,0.712687,7.9613,0.568665,0,0,0,0,1,0,0,29200,227,12.24,13.0553,1,0,0,bruteforce
8.9111,9,15,107,188,23,0,11.8889,9.54521,34,0,12.5333,14.5498,33.1048,2.69327,0.387439,1.00823,3.1843,1e-06,6.19729,0.774661,8.91102,0.636501,0,0,0,0,1,0,0,29200,227,11.8,12.6491,1,0,0,bruteforce
0.0001,1,1,0,0,0,0,0,0,0,0,0,0,0,20000,0.0001,0,0.0001,0.0001,0,0,0,0,0,0,0,0,0,1,1,259,257,0,0,1,0,0,bruteforce
0.040004,2,0,0,0,0,0,0,0,0,0,0,0,0,49.995,0.040004,0,0.040004,0.040004,0.040004,0.040004,0,0,0,0,0,0,0,1,0,229,-1,0,0,0,0,0,bruteforce
11.0797,21,32,2008,2745,640,0,95.619,140.045,976,0,85.7812,220.241,428.983,4.78353,0.213071,0.574021,2.03193,3e-06,9.11924,0.455962,11.1,0.357405,0,0,0,0,1,0,0,29200,247,88.0185,189.59,1,0,0,bruteforce
10.1027,9,15,104,188,23,0,11.5556,9.27512,34,0,12.5333,14.5498,28.9031,2.37559,0.439249,1.14291,3.52427,1e-06,6.53662,0.817078,10.1,0.721614,0,0,0,0,1,0,0,29200,227,11.68,12.5821,1,0,0,bruteforce
0.000246,2,1,14,0,14,0,7,9.89949,0,0,0,0,56910.6,12195.1,0.000123,0.000106066,0.000198,4.8e-05,0.000246,0.000246,0,0,1,0,1,0,0,1,0,229,0,7,8.0829,0,0,0,bruteforce
8.78288,9,15,108,188,25,0,12,9.73396,34,0,12.5333,14.5498,33.7019,2.73259,0.381864,0.994956,3.21664,3e-06,6.11167,0.763959,8.78275,0.627339,0,0,0,0,1,0,0,29200,227,11.84,12.6974,1,0,0,bruteforce
8.41447,9,15,111,188,27,0,12.3333,10.198,34,0,12.5333,14.5498,35.534,2.85223,0.365847,0.949268,2.98114,2e-06,5.64468,0.705585,8.41442,0.60103,0,0,0,0,1,0,0,29200,227,11.96,12.8208,1,0,0,bruteforce
8.96195,9,15,100,188,20,0,11.1111,8.66667,34,0,12.5333,14.5498,32.1359,2.67799,0.38965,1.02752,3.51154,3e-06,5.85857,0.732321,8.96183,0.640131,0,0,0,0,1,0,0,29200,227,11.52,12.4403,1,0,0,bruteforce
8.57559,9,15,113,188,27,0,12.5556,10.5961,34,0,12.5333,14.5498,35.0996,2.79864,0.372852,0.962609,3.02075,3e-06,5.76926,0.721157,8.57546,0.612533,0,0,0,0,1,0,0,29200,227,12.04,12.9308,1,0,0,bruteforce
13.2284,19,31,2008,2745,640,0,105.684,143.767,976,0,88.5484,223.315,359.301,3.77973,0.269968,0.715303,2.68016,1.9e-05,10.9,0.604503,13.2,0.440946,0,0,0,0,1,0,0,29200,247,93.1961,193.93,1,0,0,bruteforce
12.6983,22,32,2008,2745,640,0,91.2727,138.182,976,0,85.7812,220.241,374.302,4.25254,0.239591,0.656148,2.64964,4e-06,10.7,0.511028,12.7,0.409618,0,0,0,0,1,0,0,29200,247,86.4182,188.201,1,0,0,bruteforce
9.75336,9,15,110,188,24,0,12.2222,9.93451,34,0,12.5333,14.5498,30.5536,2.46069,0.424059,1.11146,3.70078,3e-06,7.05212,0.881515,9.75329,0.696664,0,0,0,0,1,0,0,29200,227,11.92,12.7506,1,0,0,bruteforce
9.56441,9,15,108,188,23,0,12,9.68246,34,0,12.5333,14.5498,30.9481,2.5093,0.415844,1.08201,3.3324,1e-06,6.19044,0.773805,9.56432,0.683166,0,0,0,0,1,0,0,29200,227,11.84,12.6842,1,0,0,bruteforce
9.22283,9,15,107,188,22,0,11.8889,9.51899,34,0,12.5333,14.5498,31.9858,2.60224,0.400993,1.03732,3.37201,3e-06,6.73143,0.841428,9.22269,0.658763,0,0,0,0,1,0,0,29200,227,11.8,12.6425,1,0,0,bruteforce
8.40227,9,15,108,188,24,0,12,9.73396,34,0,12.5333,14.5498,35.2286,2.85637,0.365316,0.96856,3.51206,3e-06,4.84694,0.605868,8.40216,0.600154,0,0,0,0,1,0,0,29200,227,11.84,12.6974,1,0,0,bruteforce
8.1913,9,15,105,188,23,0,11.6667,9.42072,34,0,12.5333,14.5498,35.7697,2.92994,0.356143,0.916902,2.91584,4e-06,5.23226,0.654032,8.19117,0.585083,0,0,0,0,1,0,0,29200,227,11.72,12.6178,1,0,0,bruteforce
12.6527,21,31,2008,2745,640,0,95.619,140.045,976,0,88.5484,223.315,375.65,4.10978,0.248093,0.650379,2.16816,4e-06,10.6,0.530855,12.7,0.421756,0,0,0,0,1,0,0,29200,247,89.6792,191.008,1,0,0,bruteforce
9.72755,9,15,108,188,23,0,12,9.68246,34,0,12.5333,14.5498,30.429,2.46722,0.422937,1.10092,3.48462,1e-06,6.65016,0.83127,9.72744,0.694817,0,0,0,0,1,0,0,29200,227,11.84,12.6842,1,0,0,bruteforce
8.75334,9,15,111,188,25,0,12.3333,10.1242,34,0,12.5333,14.5498,34.1584,2.74181,0.38058,0.981961,3.15509,1e-06,5.55525,0.694406,8.75323,0.625231,0,0,0,0,1,0,0,29200,227,11.96,12.8013,1,0,0,bruteforce
11.8575,21,32,2008,2745,640,0,95.619,140.045,976,0,85.7812,220.241,400.845,4.46976,0.228028,0.609202,2.03087,4e-06,9.95904,0.497952,11.9,0.382495,0,0,0,0,1,0,0,29200,247,88.0185,189.59,1,0,0,bruteforce
0.000366,2,1,14,0,14,0,7,9.89949,0,0,0,0,38251.4,8196.72,0.000183,0.000181019,0.000311,5.5e-05,0.000366,0.000366,0,0,1,0,1,0,0,1,0,229,0,7,8.0829,0,0,0,bruteforce
0.000288,2,1,14,0,14,0,7,9.89949,0,0,0,0,48611.1,10416.7,0.000144,8.20244e-05,0.000202,8.6e-05,0.000288,0.000288,0,0,1,0,1,0,0,1,0,229,0,7,8.0829,0,0,0,bruteforce
8.94253,9,15,104,188,24,0,11.5556,9.26163,34,0,12.5333,14.5498,32.653,2.6838,0.388806,1.01143,3.18477,3e-06,5.88916,0.736145,8.94244,0.638746,0,0,0,0,1,0,0,29200,227,11.68,12.5788,1,0,0,bruteforce
9.26322,9,15,108,188,23,0,12,9.6566,34,0,12.5333,14.5498,31.9543,2.59089,0.402749,1.05423,3.48731,3e-06,6.65733,0.832166,9.26306,0.661647,0,0,0,0,1,0,0,29200,227,11.84,12.6777,1,0,0,bruteforce
0.000243,2,1,14,0,14,0,7,9.89949,0,0,0,0,57613.2,12345.7,0.0001215,1.48492e-05,0.000132,0.000111,0.000243,0.000243,0,0,1,0,1,0,0,1,0,229,0,7,8.0829,0,0,0,bruteforce
8.77752,9,15,118,188,29,0,13.1111,11.1293,34,0,12.5333,14.5498,34.8618,2.73426,0.381632,0.990111,3.02018,3e-06,5.8823,0.735288,8.7774,0.626957,0,0,0,0,1,0,0,29200,227,12.24,13.0903,1,0,0,bruteforce
8.89759,9,15,105,188,24,0,11.6667,9.35414,34,0,12.5333,14.5498,32.9303,2.69736,0.386852,1.00955,3.25167,1e-06,5.85986,0.732483,8.8974,0.635529,0,0,0,0,1,0,0,29200,227,11.72,12.6013,1,0,0,bruteforce
0.000126,1,1,0,0,0,0,0,0,0,0,0,0,0,15873,0.000126,0,0.000126,0.000126,0,0,0,0,0,0,0,0,0,1,1,259,247,0,0,1,0,0,bruteforce
11.7733,21,32,2008,2745,640,0,95.619,140.045,976,0,85.7812,220.241,403.71,4.50171,0.22641,0.624074,2.28016,3e-06,9.62493,0.481247,11.8,0.37978,0,0,0,0,1,0,0,29200,247,88.0185,189.59,1,0,0,bruteforce
0.000265,2,1,14,0,14,0,7,9.89949,0,0,0,0,52830.2,11320.8,0.0001325,9.40452e-05,0.000199,6.6e-05,0.000265,0.000265,0,0,1,0,1,0,0,1,0,229,0,7,8.0829,0,0,0,bruteforce
10.9176,20,33,2024,2745,640,0,101.2,142.028,976,0,83.1818,217.286,436.818,4.85455,0.209954,0.565616,2.21238,4e-06,9.09576,0.478724,10.9,0.341171,0,0,0,0,1,0,0,29200,257,88.3148,189.641,1,0,0,bruteforce
13.0202,21,31,2008,2745,640,0,95.619,140.045,976,0,88.5484,223.315,365.047,3.99378,0.255299,0.682003,2.4561,3e-06,10.9,0.545371,13,0.434003,0,0,0,0,1,0,0,29200,247,89.6792,191.008,1,0,0,bruteforce
9.16709,9,15,110,188,23,0,12.2222,9.90931,34,0,12.5333,14.5498,32.5076,2.61806,0.398569,1.04286,3.44076,1e-06,5.6861,0.710762,9.16694,0.654781,0,0,0,0,1,0,0,29200,227,11.92,12.744,1,0,0,bruteforce
0.000221,2,1,14,0,14,0,7,9.89949,0,0,0,0,63348.4,13574.7,0.0001105,8.83883e-05,0.000173,4.8e-05,0.000221,0.000221,0,0,1,0,1,0,0,1,0,229,0,7,8.0829,0,0,0,bruteforce
8.75995,9,15,107,188,24,0,11.8889,9.59745,34,0,12.5333,14.5498,33.676,2.73974,0.380867,0.995066,3.19603,3e-06,5.69741,0.712176,8.75983,0.625702,0,0,0,0,1,0,0,29200,227,11.8,12.6623,1,0,0,bruteforce
8.02951,9,15,103,188,23,0,11.4444,9.20748,34,0,12.5333,14.5498,36.2413,2.98897,0.349109,0.898263,2.65123,1e-06,5.33809,0.667261,8.02941,0.57353,0,0,0,0,1,0,0,29200,227,11.64,12.5661,1,0,0,bruteforce
9.80199,9,15,103,188,22,0,11.4444,9.04311,34,0,12.5333,14.5498,29.6878,2.44848,0.426173,1.10807,3.36863,3e-06,6.57086,0.821358,9.80195,0.70014,0,0,0,0,1,0,0,29200,227,11.64,12.5262,1,0,0,bruteforce
9.04416,9,15,100,188,23,0,11.1111,8.82389,34,0,12.5333,14.5498,31.8437,2.65365,0.393224,1.03253,3.46473,1e-06,6.57387,0.821734,9.04388,0.645992,0,0,0,0,1,0,0,29200,227,11.52,12.477,1,0,0,bruteforce
12.0258,21,32,2008,2745,640,0,95.619,140.045,976,0,85.7812,220.241,395.235,4.40721,0.231265,0.624766,2.24671,3e-06,10.4,0.518486,12,0.387923,0,0,0,0,1,0,0,29200,247,88.0185,189.59,1,0,0,bruteforce
11.7853,21,32,2008,2745,640,0,95.619,140.045,976,0,85.7812,220.241,403.299,4.49712,0.226641,0.615104,2.43688,3e-06,9.69775,0.484887,11.8,0.380167,0,0,0,0,1,0,0,29200,247,88.0185,189.59,1,0,0,bruteforce
9.39855,9,15,106,188,24,0,11.7778,9.51023,34,0,12.5333,14.5498,31.2814,2.55359,0.408633,1.07199,3.58321,3e-06,6.81174,0.851467,9.39841,0.671315,0,0,0,0,1,0,0,29200,227,11.76,12.6401,1,0,0,bruteforce
9.77165,9,15,101,188,21,0,11.2222,8.80025,34,0,12.5333,14.5498,29.5753,2.45608,0.424855,1.10644,3.4972,1e-06,6.48496,0.81062,9.7716,0.697971,0,0,0,0,1,0,0,29200,227,11.56,12.4702,1,0,0,bruteforce
8.19508,9,15,107,188,23,0,11.8889,9.54521,34,0,12.5333,14.5498,35.9972,2.92859,0.356308,0.923264,2.89538,3e-06,5.25751,0.657189,8.19496,0.585354,0,0,0,0,1,0,0,29200,227,11.8,12.6491,1,0,0,bruteforce
8.81917,9,15,112,188,26,0,12.4444,10.2848,34,0,12.5333,14.5498,34.0168,2.72135,0.383442,1.00053,3.32475,3e-06,5.45077,0.681346,8.81908,0.629935,0,0,0,0,1,0,0,29200,227,12,12.8452,1,0,0,bruteforce
0.000184,2,2,14,0,14,0,7,9.89949,0,0,0,0,76087,21739.1,6.13333e-05,5.058e-05,9.3e-05,3e-06,0.000184,0.000184,3e-06,3e-06,1,0,1,0,0,1,0,229,0,5.6,7.66812,1,0,0,bruteforce
9.29476,9,15,110,188,27,0,12.2222,10.0844,34,0,12.5333,14.5498,32.0611,2.5821,0.40412,1.05572,3.33281,3e-06,6.63351,0.829188,9.29467,0.663905,0,0,0,0,1,0,0,29200,227,11.92,12.7897,1,0,0,bruteforce
0.000243,2,1,14,0,14,0,7,9.89949,0,0,0,0,57613.2,12345.7,0.0001215,5.86899e-05,0.000163,8e-05,0.000243,0.000243,0,0,1,0,1,0,0,1,0,229,0,7,8.0829,0,0,0,bruteforce
13.1408,21,32,2008,2745,640,0,95.619,140.045,976,0,85.7812,220.241,361.698,4.03324,0.252708,0.68371,2.41692,3e-06,10.8,0.540104,13.1,0.423894,0,0,0,0,1,0,0,29200,247,88.0185,189.59,1,0,0,bruteforce
9.18549,9,15,107,188,30,0,11.8889,10.2035,34,0,12.5333,14.5498,32.1159,2.61282,0.399369,1.03683,3.12765,3e-06,6.26836,0.783545,9.18534,0.656095,0,0,0,0,1,0,0,29200,227,11.8,12.8193,1,0,0,bruteforce
8.51986,9,15,103,188,23,0,11.4444,9.09823,34,0,12.5333,14.5498,34.1555,2.81695,0.370429,0.940985,3.05609,3e-06,5.67741,0.709677,8.51975,0.608554,0,0,0,0,1,0,0,29200,227,11.64,12.5395,1,0,0,bruteforce
0.000122,1,1,0,0,0,0,0,0,0,0,0,0,0,16393.4,0.000122,0,0.000122,0.000122,0,0,0,0,0,0,0,0,0,1,1,259,247,0,0,1,0,0,bruteforce
11.6041,21,32,2008,2745,640,0,95.619,140.045,976,0,85.7812,220.241,409.598,4.56736,0.223155,0.603248,2.22313,2.4e-05,9.52644,0.476322,11.6,0.374322,0,0,0,0,1,0,0,29200,247,88.0185,189.59,1,0,0,bruteforce
19.582,33,43,2440,3001,640,0,73.9394,116.842,976,0,69.7907,191.864,277.857,3.88111,0.261094,0.71941,4.12346,1e-06,17.3,0.541641,19.6,0.466236,0,0,0,0,1,0,0,29200,247,70.6623,161.748,1,0,0,bruteforce
10.0989,9,15,109,188,23,0,12.1111,9.79087,34,0,12.5333,14.5498,29.4092,2.3765,0.439081,1.14353,3.72078,3e-06,6.33182,0.791478,10.1,0.721342,0,0,0,0,1,0,0,29200,227,11.88,12.7126,1,0,0,bruteforce
8.97184,9,15,100,188,23,0,11.1111,8.79552,34,0,12.5333,14.5498,32.1004,2.67504,0.39008,1.01203,3.02596,3e-06,5.90396,0.737995,8.9717,0.640836,0,0,0,0,1,0,0,29200,227,11.52,12.4704,1,0,0,bruteforce
8.81992,9,15,107,188,24,0,11.8889,9.57137,34,0,12.5333,14.5498,33.447,2.72111,0.383475,0.987536,3.19565,4e-06,5.83774,0.729718,8.81985,0.629989,0,0,0,0,1,0,0,29200,227,11.8,12.6557,1,0,0,bruteforce
8.82389,9,15,102,188,23,0,11.3333,9.06918,34,0,12.5333,14.5498,32.8653,2.71989,0.383647,0.999636,3.29676,3e-06,5.48598,0.685747,8.82373,0.630266,0,0,0,0,1,0,0,29200,227,11.6,12.5333,1,0,0,bruteforce
11.3245,21,32,2008,2745,640,0,95.619,140.045,976,0,85.7812,220.241,419.708,4.6801,0.217779,0.592241,2.19091,4e-06,9.08658,0.454329,11.3,0.365304,0,0,0,0,1,0,0,29200,247,88.0185,189.59,1,0,0,bruteforce
8e-06,2,0,14,0,14,0,7,9.89949,0,0,0,0,1.75e+06,250000,8e-06,0,8e-06,8e-06,8e-06,8e-06,0,0,1,0,1,0,0,1,0,229,-1,9.33333,8.0829,0,0,0,bruteforce
8.41674,9,15,115,188,28,0,12.7778,10.6979,34,0,12.5333,14.5498,35.9997,2.85146,0.365945,0.949631,2.98466,3e-06,5.6418,0.705225,8.41667,0.601191,0,0,0,0,1,0,0,29200,227,12.12,12.9625,1,0,0,bruteforce
0.000282,2,1,14,0,14,0,7,9.89949,0,0,0,0,49645.4,10638.3,0.000141,7.9196e-05,0.000197,8.5e-05,0.000282,0.000282,0,0,1,0,1,0,0,1,0,229,0,7,8.0829,0,0,0,bruteforce
9.30702,9,15,104,188,25,0,11.5556,9.35563,34,0,12.5333,14.5498,31.3742,2.5787,0.404653,1.05597,3.39158,3e-06,6.12873,0.766091,9.30693,0.664781,0,0,0,0,1,0,0,29200,227,11.68,12.602,1,0,0,bruteforce
11.7269,19,31,2008,2745,640,0,105.684,143.767,976,0,88.5484,223.315,405.306,4.26369,0.239325,0.620777,2.08042,4e-06,9.78643,0.54369,11.7,0.390895,0,0,0,0,1,0,0,29200,247,93.1961,193.93,1,0,0,bruteforce
13.181,21,32,2008,2745,640,0,95.619,140.045,976,0,85.7812,220.241,360.595,4.02094,0.253481,0.693212,2.80809,3e-06,10.3,0.516562,13.2,0.42519,0,0,0,0,1,0,0,29200,247,88.0185,189.59,1,0,0,bruteforce
14.1954,21,32,2008,2745,640,0,95.619,140.045,976,0,85.7812,220.241,334.827,3.73361,0.272988,0.742883,2.74031,3e-06,11.4,0.571614,14.2,0.457912,0,0,0,0,1,0,0,29200,247,88.0185,189.59,1,0,0,bruteforce
9.29515,9,15,114,188,28,0,12.6667,10.5948,34,0,12.5333,14.5498,32.4901,2.58199,0.404137,1.05617,3.45303,1e-06,6.58451,0.823063,9.29507,0.663934,0,0,0,0,1,0,0,29200,227,12.08,12.9323,1,0,0,bruteforce
13.3965,22,34,3832,2745,912,0,174.182,274.32,976,0,80.7353,214.443,490.95,4.18021,0.243572,0.631668,2.59222,1e-06,11.7,0.558838,13.4,0.405952,0,0,0,0,1,0,0,29200,247,115.386,240.089,1,0,0,bruteforce
1.3e-05,1,1,0,0,0,0,0,0,0,0,0,0,0,153846,1.3e-05,0,1.3e-05,1.3e-05,0,0,0,0,0,0,0,0,0,1,1,259,247,0,0,1,0,0,bruteforce
9.60862,9,15,104,188,22,0,11.5556,9.15302,34,0,12.5333,14.5498,30.3894,2.49776,0.417766,1.0867,3.40306,3e-06,6.34003,0.792503,9.60854,0.686324,0,0,0,0,1,0,0,29200,227,11.68,12.5523,1,0,0,bruteforce
11.8338,21,32,2008,2745,640,0,95.619,140.045,976,0,85.7812,220.241,401.645,4.47868,0.227574,0.614799,2.14019,3e-06,9.7582,0.48791,11.8,0.381732,0,0,0,0,1,0,0,29200,247,88.0185,189.59,1,0,0,bruteforce
0.000255,2,1,14,0,14,0,7,9.89949,0,0,0,0,54902,11764.7,0.0001275,9.2631e-05,0.000193,6.2e-05,0.000255,0.000255,0,0,1,0,1,0,0,1,0,229,0,7,8.0829,0,0,0,bruteforce
11.1966,21,32,2008,2745,640,0,95.619,140.045,976,0,85.7812,220.241,424.502,4.73356,0.21532,0.579411,2.11396,3e-06,9.27434,0.463717,11.2,0.361177,0,0,0,0,1,0,0,29200,247,88.0185,189.59,1,0,0,bruteforce
13.3289,22,32,2008,2745,640,0,91.2727,138.182,976,0,85.7812,220.241,356.593,4.05134,0.251489,0.686103,2.56676,3e-06,11.2,0.534586,13.3,0.429962,0,0,0,0,1,0,0,29200,247,86.4182,188.201,1,0,0,bruteforce
13.4593,23,32,2008,2745,640,0,87.3043,136.34,976,0,85.7812,220.241,353.138,4.08639,0.249247,0.687283,2.63022,3e-06,11.2,0.510486,13.5,0.434167,0,0,0,0,1,0,0,29200,247,84.875,186.84,1,0,0,bruteforce
8.5533,9,15,108,188,24,0,12,9.69536,34,0,12.5333,14.5498,34.6065,2.80593,0.371883,0.979762,3.47193,0,5.95762,0.744702,8.55315,0.610939,0,0,0,0,1,0,0,29200,227,11.84,12.6875,1,0,0,bruteforce
8.94385,9,15,104,188,21,0,11.5556,9.13935,34,0,12.5333,14.5498,32.6481,2.68341,0.388863,1.01172,3.19242,4e-06,6.22208,0.777761,8.94379,0.638842,0,0,0,0,1,0,0,29200,227,11.68,12.549,1,0,0,bruteforce
10.3165,21,32,2008,2745,640,0,95.619,140.045,976,0,85.7812,220.241,460.717,5.13739,0.198395,0.53684,2.16419,3e-06,8.8104,0.44052,10.3,0.332788,0,0,0,0,1,0,0,29200,247,88.0185,189.59,1,0,0,bruteforce
8.4606,9,15,109,188,24,0,12.1111,9.8291,34,0,12.5333,14.5498,35.1039,2.83668,0.367852,0.944226,2.89683,2e-06,5.70034,0.712542,8.46046,0.604318,0,0,0,0,1,0,0,29200,227,11.88,12.7224,1,0,0,bruteforce
11.8023,19,31,2008,2745,640,0,105.684,143.767,976,0,88.5484,223.315,402.717,4.23645,0.240864,0.627082,2.3026,3e-06,9.91035,0.550575,11.8,0.393407,0,0,0,0,1,0,0,29200,247,93.1961,193.93,1,0,0,bruteforce
8.80985,9,15,103,188,22,0,11.4444,9.04311,34,0,12.5333,14.5498,33.0312,2.72422,0.383037,1.00864,3.5367,3e-06,5.23078,0.653848,8.80976,0.629269,0,0,0,0,1,0,0,29200,227,11.64,12.5262,1,0,0,bruteforce
8.55933,9,15,118,188,27,0,13.1111,11.0391,34,0,12.5333,14.5498,35.7505,2.80396,0.372145,0.970618,3.02089,3e-06,5.49707,0.687133,8.5592,0.611372,0,0,0,0,1,0,0,29200,227,12.24,13.0648,1,0,0,bruteforce
9.0932,9,15,104,188,22,0,11.5556,9.20748,34,0,12.5333,14.5498,32.1119,2.63933,0.395357,1.01008,3.19382,3e-06,6.37186,0.796483,9.0931,0.649507,0,0,0,0,1,0,0,29200,227,11.68,12.5656,1,0,0,bruteforce
0.000258,2,1,14,0,14,0,7,9.89949,0,0,0,0,54263.6,11627.9,0.000129,6.6468e-05,0.000176,8.2e-05,0.000258,0.000258,0,0,1,0,1,0,0,1,0,229,0,7,8.0829,0,0,0,bruteforce
8.5617,9,15,116,188,32,0,12.8889,11.1741,34,0,12.5333,14.5498,35.507,2.80318,0.372248,0.980877,3.47669,3e-06,5.97121,0.746402,8.56155,0.611539,0,0,0,0,1,0,0,29200,227,12.16,13.098,1,0,0,bruteforce
8.70856,9,15,107,188,23,0,11.8889,9.58442,34,0,12.5333,14.5498,33.8747,2.75591,0.378633,0.982295,2.96462,3e-06,5.95243,0.744054,8.70844,0.622032,0,0,0,0,1,0,0,29200,227,11.8,12.659,1,0,0,bruteforce
5.48525,3,1,0,0,0,0,0,0,0,0,0,0,0,0.729229,1.82842,3.16621,5.48444,0.000164,5.48525,2.74262,0,0,0,0,0,0,1,0,0,29200,28960,0,0,0,0,0,webattack
5.13627,3,1,0,0,0,0,0,0,0,0,0,0,0,0.778775,1.71209,2.96467,5.1354,9.8e-05,5.13627,2.56813,0,0,0,0,0,0,1,0,0,29200,28960,0,0,0,0,0,webattack
5.39806,3,1,0,0,0,0,0,0,0,0,0,0,0,0.741006,1.79935,3.1158,5.39717,0.000111,5.39806,2.69903,0,0,0,0,0,0,1,0,0,29200,28960,0,0,0,0,0,webattack
5.23027,3,1,0,0,0,0,0,0,0,0,0,0,0,0.764779,1.74342,3.01893,5.22939,0.000101,5.23027,2.61514,0,0,0,0,0,0,1,0,0,29200,28960,0,0,0,0,0,webattack
5.29843,3,1,0,0,0,0,0,0,0,0,0,0,0,0.75494,1.76614,3.05828,5.29754,0.000124,5.29843,2.64922,0,0,0,0,0,0,1,0,0,29200,28960,0,0,0,0,0,webattack
53.2047,157,79,37362,140083,585,0,237.975,253.458,1869,0,1773.2,291.634,3335.14,4.4357,0.226403,0.442681,3.95319,7.2e-05,53.2,0.341056,53,0.679226,0,0,0,0,1,0,0,29200,931,748.713,773.192,0,0,0,webattack
5.33122,3,1,0,0,0,0,0,0,0,0,0,0,0,0.750297,1.77707,3.07722,5.33034,0.000123,5.33122,2.66561,0,0,0,0,0,0,1,0,0,29200,28960,0,0,0,0,0,webattack
5.82562,3,1,0,0,0,0,0,0,0,0,0,0,0,0.686622,1.94188,3.36283,5.82493,0.000127,5.82562,2.91281,0,0,0,0,0,0,1,0,0,29200,28960,0,0,0,0,0,webattack
5.89167,3,1,0,0,0,0,0,0,0,0,0,0,0,0.678925,1.96389,3.4008,5.89079,9.9e-05,5.89167,2.94583,0,0,0,0,0,0,1,0,0,29200,28960,0,0,0,0,0,webattack
5.32722,3,1,0,0,0,0,0,0,0,0,0,0,0,0.75086,1.77574,3.07496,5.3264,7.9e-05,5.32722,2.66361,0,0,0,0,0,0,1,0,0,29200,28960,0,0,0,0,0,webattack
5.1974,3,1,0,0,0,0,0,0,0,0,0,0,0,0.769616,1.73247,3.00012,5.1967,0.00013,5.1974,2.5987,0,0,0,0,0,0,1,0,0,29200,28960,0,0,0,0,0,webattack
5.34647,3,1,0,0,0,0,0,0,0,0,0,0,0,0.748157,1.78216,3.08602,5.34558,0.000126,5.34647,2.67323,0,0,0,0,0,0,1,0,0,29200,28960,0,0,0,0,0,webattack
32.9007,203,104,43951,72209,602,0,216.507,228.651,1067,0,694.317,362.806,3530.63,9.33112,0.107518,0.271243,1.27552,4e-06,32.9,0.162863,32.9,0.319423,0,0,0,0,1,0,0,29200,1174,377.143,360.787,0,0,0,webattack
5.43224,3,1,0,0,0,0,0,0,0,0,0,0,0,0.736345,1.81075,3.13556,5.43138,0.000122,5.43224,2.71612,0,0,0,0,0,0,1,0,0,29200,28960,0,0,0,0,0,webattack
3.1e-05,1,1,0,0,0,0,0,0,0,0,0,0,0,64516.1,3.1e-05,0,3.1e-05,3.1e-05,0,0,0,0,0,0,0,0,0,1,1,1444,1174,0,0,1,0,0,webattack
5.64983,3,1,0,0,0,0,0,0,0,0,0,0,0,0.707985,1.88328,3.26115,5.64893,0.000131,5.64983,2.82492,0,0,0,0,0,0,1,0,0,29200,28960,0,0,0,0,0,webattack
5.11788,3,1,0,0,0,0,0,0,0,0,0,0,0,0.781574,1.70596,2.95404,5.11699,0.000108,5.11788,2.55894,0,0,0,0,0,0,1,0,0,29200,28960,0,0,0,0,0,webattack
5.233,3,1,0,0,0,0,0,0,0,0,0,0,0,0.764379,1.74433,3.02081,5.23247,0.000145,5.233,2.6165,0,0,0,0,0,0,1,0,0,29200,28960,0,0,0,0,0,webattack
5.24189,3,1,0,0,0,0,0,0,0,0,0,0,0,0.763083,1.7473,3.02564,5.24101,0.000141,5.24189,2.62095,0,0,0,0,0,0,1,0,0,29200,28960,0,0,0,0,0,webattack
5.12947,3,1,0,0,0,0,0,0,0,0,0,0,0,0.779808,1.70982,2.96077,5.12862,0.000161,5.12947,2.56474,0,0,0,0,0,0,1,0,0,29200,28960,0,0,0,0,0,webattack
5.29357,3,1,0,0,0,0,0,0,0,0,0,0,0,0.755634,1.76452,3.05566,5.29289,0.000121,5.29357,2.64678,0,0,0,0,0,0,1,0,0,29200,28960,0,0,0,0,0,webattack
5.23664,3,1,0,0,0,0,0,0,0,0,0,0,0,0.763848,1.74555,3.02262,5.23577,9.4e-05,5.23664,2.61832,0,0,0,0,0,0,1,0,0,29200,28960,0,0,0,0,0,webattack
5.48608,3,1,0,0,0,0,0,0,0,0,0,0,0,0.729118,1.82869,3.16661,5.48518,9.3e-05,5.48608,2.74304,0,0,0,0,0,0,1,0,0,29200,28960,0,0,0,0,0,webattack
8.6383,4,4,383,370,383,0,95.75,191.5,370,0,92.5,185,87.1699,0.926108,1.23404,2.14338,5.0034,0.000107,3.6349,1.21163,8.63819,2.8794,0,0,0,0,1,0,0,29200,235,83.6667,166.053,1,0,0,webattack
2.47921,3,1,0,0,0,0,0,0,0,0,0,0,0,1.61341,0.826405,1.43062,2.47834,0.000124,2.47921,1.23961,0,0,0,0,0,0,1,0,0,29200,28960,0,0,0,0,0,webattack
5.7244,3,1,0,0,0,0,0,0,0,0,0,0,0,0.698763,1.90813,3.30421,5.72351,0.000136,5.7244,2.8622,0,0,0,0,0,0,1,0,0,29200,28960,0,0,0,0,0,webattack
33.0054,203,104,43951,72209,602,0,216.507,228.651,1069,0,694.317,362.81,3519.42,9.3015,0.107861,0.271441,1.27431,3e-06,33,0.163381,33,0.32044,0,0,0,0,1,0,0,29200,1174,377.143,360.788,0,0,0,webattack
5.85735,3,1,0,0,0,0,0,0,0,0,0,0,0,0.682903,1.95245,3.38118,5.8567,5.6e-05,5.85735,2.92867,0,0,0,0,0,0,1,0,0,29200,28960,0,0,0,0,0,webattack
5.06031,3,1,0,0,0,0,0,0,0,0,0,0,0,0.790466,1.68677,2.92097,5.05962,0.000129,5.06031,2.53015,0,0,0,0,0,0,1,0,0,29200,28960,0,0,0,0,0,webattack
5.16879,3,1,0,0,0,0,0,0,0,0,0,0,0,0.773876,1.72293,2.9836,5.1681,0.00012,5.16879,2.58439,0,0,0,0,0,0,1,0,0,29200,28960,0,0,0,0,0,webattack
5.76299,3,1,0,0,0,0,0,0,0,0,0,0,0,0.694084,1.921,3.32649,5.76209,0.000165,5.76299,2.8815,0,0,0,0,0,0,1,0,0,29200,28960,0,0,0,0,0,webattack
5.83252,3,1,0,0,0,0,0,0,0,0,0,0,0,0.685809,1.94417,3.36666,5.83166,9.9e-05,5.83252,2.91626,0,0,0,0,0,0,1,0,0,29200,28960,0,0,0,0,0,webattack
5.83311,3,1,0,0,0,0,0,0,0,0,0,0,0,0.685741,1.94437,3.36698,5.83223,0.000131,5.83311,2.91655,0,0,0,0,0,0,1,0,0,29200,28960,0,0,0,0,0,webattack
5.09157,3,1,0,0,0,0,0,0,0,0,0,0,0,0.785612,1.69719,2.93888,5.09072,0.000127,5.09157,2.54579,0,0,0,0,0,0,1,0,0,29200,28960,0,0,0,0,0,webattack
5.25167,3,1,0,0,0,0,0,0,0,0,0,0,0,0.761663,1.75056,3.03128,5.25078,0.000158,5.25167,2.62583,0,0,0,0,0,0,1,0,0,29200,28960,0,0,0,0,0,webattack
5.5693,3,1,0,0,0,0,0,0,0,0,0,0,0,0.718224,1.85643,3.21484,5.56861,0.000124,5.5693,2.78465,0,0,0,0,0,0,1,0,0,29200,28960,0,0,0,0,0,webattack
5.47767,3,1,0,0,0,0,0,0,0,0,0,0,0,0.730238,1.82589,3.16193,5.47697,0.00013,5.47767,2.73883,0,0,0,0,0,0,1,0,0,29200,28960,0,0,0,0,0,webattack
5.16118,3,1,0,0,0,0,0,0,0,0,0,0,0,0.775016,1.72039,2.97922,5.1605,9.5e-05,5.16118,2.58059,0,0,0,0,0,0,1,0,0,29200,28960,0,0,0,0,0,webattack
5.3721,3,1,0,0,0,0,0,0,0,0,0,0,0,0.744588,1.7907,3.1008,5.3712,0.000142,5.3721,2.68605,0,0,0,0,0,0,1,0,0,29200,28960,0,0,0,0,0,webattack
5.29932,3,1,0,0,0,0,0,0,0,0,0,0,0,0.754814,1.76644,3.0588,5.29844,0.000119,5.29932,2.64966,0,0,0,0,0,0,1,0,0,29200,28960,0,0,0,0,0,webattack
5.05103,3,1,0,0,0,0,0,0,0,0,0,0,0,0.791917,1.68368,2.9155,5.0502,0.000103,5.05103,2.52552,0,0,0,0,0,0,1,0,0,29200,28960,0,0,0,0,0,webattack
5.21426,3,1,0,0,0,0,0,0,0,0,0,0,0,0.767128,1.73809,3.00971,5.2134,8.7e-05,5.21426,2.60713,0,0,0,0,0,0,1,0,0,29200,28960,0,0,0,0,0,webattack
5.7044,3,1,0,0,0,0,0,0,0,0,0,0,0,0.701213,1.90147,3.29267,5.70351,0.000104,5.7044,2.8522,0,0,0,0,0,0,1,0,0,29200,28960,0,0,0,0,0,webattack
5.22271,3,1,0,0,0,0,0,0,0,0,0,0,0,0.765885,1.7409,3.01472,5.222,0.000127,5.22271,2.61136,0,0,0,0,0,0,1,0,0,29200,28960,0,0,0,0,0,webattack
5.03904,3,1,0,0,0,0,0,0,0,0,0,0,0,0.793801,1.67968,2.90854,5.03817,0.000126,5.03904,2.51952,0,0,0,0,0,0,1,0,0,29200,28960,0,0,0,0,0,webattack
5.3171,3,1,0,0,0,0,0,0,0,0,0,0,0,0.752289,1.77237,3.06906,5.31621,9.2e-05,5.3171,2.65855,0,0,0,0,0,0,1,0,0,29200,28960,0,0,0,0,0,webattack
5.1136,3,1,0,0,0,0,0,0,0,0,0,0,0,0.782228,1.70453,2.95157,5.11271,0.000137,5.1136,2.5568,0,0,0,0,0,0,1,0,0,29200,28960,0,0,0,0,0,webattack
5.99196,3,1,0,0,0,0,0,0,0,0,0,0,0,0.667561,1.99732,3.45869,5.99107,9.2e-05,5.99196,2.99598,0,0,0,0,0,0,1,0,0,29200,28960,0,0,0,0,0,webattack
5.09909,3,1,0,0,0,0,0,0,0,0,0,0,0,0.784453,1.6997,2.94318,5.09819,0.000122,5.09909,2.54955,0,0,0,0,0,0,1,0,0,29200,28960,0,0,0,0,0,webattack
5.82752,3,1,0,0,0,0,0,0,0,0,0,0,0,0.686398,1.94251,3.36377,5.82665,0.00012,5.82752,2.91376,0,0,0,0,0,0,1,0,0,29200,28960,0,0,0,0,0,webattack
5.82953,3,1,0,0,0,0,0,0,0,0,0,0,0,0.686162,1.94318,3.36509,5.82885,0.000112,5.82953,2.91476,0,0,0,0,0,0,1,0,0,29200,28960,0,0,0,0,0,webattack
5.47338,3,1,0,0,0,0,0,0,0,0,0,0,0,0.73081,1.82446,3.15944,5.47267,0.000134,5.47338,2.73669,0,0,0,0,0,0,1,0,0,29200,28960,0,0,0,0,0,webattack
5.93125,3,1,0,0,0,0,0,0,0,0,0,0,0,0.674394,1.97708,3.42364,5.93036,9.8e-05,5.93125,2.96563,0,0,0,0,0,0,1,0,0,29200,28960,0,0,0,0,0,webattack
5.5196,3,1,0,0,0,0,0,0,0,0,0,0,0,0.72469,1.83987,3.18601,5.51875,0.000126,5.5196,2.7598,0,0,0,0,0,0,1,0,0,29200,28960,0,0,0,0,0,webattack
5.36893,3,1,0,0,0,0,0,0,0,0,0,0,0,0.745027,1.78964,3.09904,5.36811,0.000128,5.36893,2.68447,0,0,0,0,0,0,1,0,0,29200,28960,0,0,0,0,0,webattack
8.80704,4,4,602,364,602,0,150.5,301,364,0,91,182,109.685,0.908364,1.25815,2.17518,5.0041,0.000113,3.80295,1.26765,8.80693,2.93564,0,0,0,0,1,0,0,29200,236,107.333,221.138,1,0,0,webattack
5.08988,3,1,0,0,0,0,0,0,0,0,0,0,0,0.785872,1.69663,2.93787,5.08899,9.4e-05,5.08988,2.54494,0,0,0,0,0,0,1,0,0,29200,28960,0,0,0,0,0,webattack
5.79419,3,1,0,0,0,0,0,0,0,0,0,0,0,0.690347,1.9314,3.34467,5.79349,0.000122,5.79419,2.89709,0,0,0,0,0,0,1,0,0,29200,28960,0,0,0,0,0,webattack
35.1795,203,104,43906,72172,602,0,216.286,228.493,1067,0,693.962,362.465,3299.59,8.72667,0.114966,0.328458,3.55145,4.8e-05,35.2,0.174142,35.2,0.341548,0,0,0,0,1,0,0,29200,1176,376.877,360.565,0,0,0,webattack
5.76316,3,1,0,0,0,0,0,0,0,0,0,0,0,0.694064,1.92105,3.32676,5.76247,9.6e-05,5.76316,2.88158,0,0,0,0,0,0,1,0,0,29200,28960,0,0,0,0,0,webattack
5.38469,3,1,0,0,0,0,0,0,0,0,0,0,0,0.742847,1.7949,3.10809,5.38381,0.000119,5.38469,2.69234,0,0,0,0,0,0,1,0,0,29200,28960,0,0,0,0,0,webattack
5.24872,3,1,0,0,0,0,0,0,0,0,0,0,0,0.76209,1.74957,3.02956,5.24781,0.000151,5.24872,2.62436,0,0,0,0,0,0,1,0,0,29200,28960,0,0,0,0,0,webattack
5.72218,3,1,0,0,0,0,0,0,0,0,0,0,0,0.699035,1.90739,3.30287,5.72122,0.000105,5.72218,2.86109,0,0,0,0,0,0,1,0,0,29200,28960,0,0,0,0,0,webattack
5.64166,3,1,0,0,0,0,0,0,0,0,0,0,0,0.709011,1.88055,3.25646,5.64079,9.4e-05,5.64166,2.82083,0,0,0,0,0,0,1,0,0,29200,28960,0,0,0,0,0,webattack
5.87625,3,1,0,0,0,0,0,0,0,0,0,0,0,0.680706,1.95875,3.39188,5.87535,0.000116,5.87625,2.93812,0,0,0,0,0,0,1,0,0,29200,28960,0,0,0,0,0,webattack
5.36515,3,1,0,0,0,0,0,0,0,0,0,0,0,0.745552,1.78838,3.09684,5.3643,9.3e-05,5.36515,2.68258,0,0,0,0,0,0,1,0,0,29200,28960,0,0,0,0,0,webattack
5.74577,3,1,0,0,0,0,0,0,0,0,0,0,0,0.696165,1.91526,3.31659,5.74492,7.6e-05,5.74577,2.87288,0,0,0,0,0,0,1,0,0,29200,28960,0,0,0,0,0,webattack
5.87888,3,1,0,0,0,0,0,0,0,0,0,0,0,0.680401,1.95963,3.39356,5.87817,0.000126,5.87888,2.93944,0,0,0,0,0,0,1,0,0,29200,28960,0,0,0,0,0,webattack
5.36015,3,1,0,0,0,0,0,0,0,0,0,0,0,0.746247,1.78672,3.09392,5.35927,0.000136,5.36015,2.68008,0,0,0,0,0,0,1,0,0,29200,28960,0,0,0,0,0,webattack
5.00616,3,1,0,0,0,0,0,0,0,0,0,0,0,0.799016,1.66872,2.8897,5.00546,0.000123,5.00616,2.50308,0,0,0,0,0,0,1,0,0,29200,28960,0,0,0,0,0,webattack
5.81757,3,1,0,0,0,0,0,0,0,0,0,0,0,0.687572,1.93919,3.35798,5.81665,0.000105,5.81757,2.90879,0,0,0,0,0,0,1,0,0,29200,28960,0,0,0,0,0,webattack
5.72398,3,1,0,0,0,0,0,0,0,0,0,0,0,0.698814,1.90799,3.30413,5.72328,9.7e-05,5.72398,2.86199,0,0,0,0,0,0,1,0,0,29200,28960,0,0,0,0,0,webattack
5.79026,3,1,0,0,0,0,0,0,0,0,0,0,0,0.690816,1.93009,3.34226,5.78939,0.00013,5.79026,2.89513,0,0,0,0,0,0,1,0,0,29200,28960,0,0,0,0,0,webattack
5.27778,3,1,0,0,0,0,0,0,0,0,0,0,0,0.757894,1.75926,3.04653,5.27709,0.000123,5.27778,2.63889,0,0,0,0,0,0,1,0,0,29200,28960,0,0,0,0,0,webattack
5.8725,3,1,0,0,0,0,0,0,0,0,0,0,0,0.681141,1.9575,3.38974,5.87163,0.000148,5.8725,2.93625,0,0,0,0,0,0,1,0,0,29200,28960,0,0,0,0,0,webattack
5.7615,3,1,0,0,0,0,0,0,0,0,0,0,0,0.694264,1.9205,3.32562,5.7606,9.6e-05,5.7615,2.88075,0,0,0,0,0,0,1,0,0,29200,28960,0,0,0,0,0,webattack
5.66662,3,1,0,0,0,0,0,0,0,0,0,0,0,0.705889,1.88887,3.27097,5.66587,0.000158,5.66662,2.83331,0,0,0,0,0,0,1,0,0,29200,28960,0,0,0,0,0,webattack
0.000109,1,1,0,0,0,0,0,0,0,0,0,0,0,18348.6,0.000109,0,0.000109,0.000109,0,0,0,0,0,0,0,0,0,1,1,260,236,0,0,1,0,0,webattack
5.21567,3,1,0,0,0,0,0,0,0,0,0,0,0,0.766919,1.73856,3.01066,5.21496,0.000127,5.21567,2.60784,0,0,0,0,0,0,1,0,0,29200,28960,0,0,0,0,0,webattack
5.25592,3,1,0,0,0,0,0,0,0,0,0,0,0,0.761047,1.75197,3.03375,5.25505,0.000161,5.25592,2.62796,0,0,0,0,0,0,1,0,0,29200,28960,0,0,0,0,0,webattack
5.47333,3,1,0,0,0,0,0,0,0,0,0,0,0,0.730817,1.82444,3.15926,5.47245,0.000104,5.47333,2.73666,0,0,0,0,0,0,1,0,0,29200,28960,0,0,0,0,0,webattack
5.19675,3,1,0,0,0,0,0,0,0,0,0,0,0,0.769712,1.73225,2.99958,5.19587,0.000137,5.19675,2.59837,0,0,0,0,0,0,1,0,0,29200,28960,0,0,0,0,0,webattack
5.62301,3,1,0,0,0,0,0,0,0,0,0,0,0,0.711362,1.87434,3.24568,5.62213,0.000127,5.62301,2.81151,0,0,0,0,0,0,1,0,0,29200,28960,0,0,0,0,0,webattack
5.98558,3,1,0,0,0,0,0,0,0,0,0,0,0,0.668273,1.99519,3.45518,5.98489,0.000125,5.98558,2.99279,0,0,0,0,0,0,1,0,0,29200,28960,0,0,0,0,0,webattack
7.53032,4,4,602,364,602,0,150.5,301,364,0,91,182,128.281,1.06237,1.07576,1.97055,5.0046,0.00012,2.52572,0.841906,7.5302,2.51007,0,0,0,0,1,0,0,29200,236,107.333,221.138,1,0,0,webattack
5.0619,3,1,0,0,0,0,0,0,0,0,0,0,0,0.790216,1.6873,2.92182,5.06113,0.000136,5.0619,2.53095,0,0,0,0,0,0,1,0,0,29200,28960,0,0,0,0,0,webattack
5.46877,3,1,0,0,0,0,0,0,0,0,0,0,0,0.731425,1.82292,3.15677,5.46805,0.000145,5.46877,2.73439,0,0,0,0,0,0,1,0,0,29200,28960,0,0,0,0,0,webattack
7.3e-05,1,1,0,0,0,0,0,0,0,0,0,0,0,27397.3,7.3e-05,0,7.3e-05,7.3e-05,0,0,0,0,0,0,0,0,0,1,1,293,236,0,0,1,0,0,webattack
5.40894,3,1,0,0,0,0,0,0,0,0,0,0,0,0.739517,1.80298,3.12209,5.40806,0.000105,5.40894,2.70447,0,0,0,0,0,0,1,0,0,29200,28960,0,0,0,0,0,webattack
67.0527,204,104,48985,183687,585,0,240.123,253.308,1870,0,1766.22,309.613,3469.99,4.5934,0.218413,0.394832,2.58766,5e-06,67,0.330294,67.1,0.650995,0,0,0,0,1,0,0,29200,1150,752.984,772.698,0,0,0,webattack
5.48982,3,1,0,0,0,0,0,0,0,0,0,0,0,0.728621,1.82994,3.16902,5.48921,0.0001,5.48982,2.74491,0,0,0,0,0,0,1,0,0,29200,28960,0,0,0,0,0,webattack
0.231518,3,1,0,0,0,0,0,0,0,0,0,0,0,17.2773,0.0771727,0.132897,0.230628,0.000117,0.231518,0.115759,0,0,0,0,0,0,1,0,0,29200,28960,0,0,0,0,0,webattack
5.89876,3,1,0,0,0,0,0,0,0,0,0,0,0,0.678109,1.96625,3.40504,5.89806,0.000145,5.89876,2.94938,0,0,0,0,0,0,1,0,0,29200,28960,0,0,0,0,0,webattack
5.1062,3,1,0,0,0,0,0,0,0,0,0,0,0,0.783362,1.70207,2.94747,5.10551,8.6e-05,5.1062,2.5531,0,0,0,0,0,0,1,0,0,29200,28960,0,0,0,0,0,webattack
5.68483,3,1,0,0,0,0,0,0,0,0,0,0,0,0.703627,1.89494,3.28137,5.68394,0.000125,5.68483,2.84242,0,0,0,0,0,0,1,0,0,29200,28960,0,0,0,0,0,webattack
5.80422,3,1,0,0,0,0,0,0,0,0,0,0,0,0.689153,1.93474,3.35029,5.80332,9.8e-05,5.80422,2.90211,0,0,0,0,0,0,1,0,0,29200,28960,0,0,0,0,0,webattack
5.95709,3,1,0,0,0,0,0,0,0,0,0,0,0,0.671469,1.9857,3.43854,5.95618,0.00014,5.95709,2.97854,0,0,0,0,0,0,1,0,0,29200,28960,0,0,0,0,0,webattack
9.80469,4,4,383,370,383,0,95.75,191.5,370,0,92.5,185,76.8,0.815936,1.40067,2.39188,5.0046,6.7e-05,4.80009,1.60003,9.80462,3.26821,0,0,0,0,1,0,0,29200,235,83.6667,166.053,1,0,0,webattack
5.76502,3,1,0,0,0,0,0,0,0,0,0,0,0,0.69384,1.92167,3.32765,5.76411,0.000135,5.76502,2.88251,0,0,0,0,0,0,1,0,0,29200,28960,0,0,0,0,0,webattack
5.17312,3,1,0,0,0,0,0,0,0,0,0,0,0,0.773228,1.72437,2.98593,5.17223,9.6e-05,5.17312,2.58656,0,0,0,0,0,0,1,0,0,29200,28960,0,0,0,0,0,webattack
5.27084,3,1,0,0,0,0,0,0,0,0,0,0,0,0.758893,1.75695,3.04241,5.27001,4.9e-05,5.27084,2.63542,0,0,0,0,0,0,1,0,0,29200,28960,0,0,0,0,0,webattack
5.09108,3,1,0,0,0,0,0,0,0,0,0,0,0,0.785689,1.69703,2.93857,5.09019,0.000126,5.09108,2.54554,0,0,0,0,0,0,1,0,0,29200,28960,0,0,0,0,0,webattack
5.48767,3,1,0,0,0,0,0,0,0,0,0,0,0,0.728907,1.82922,3.16754,5.48679,0.00016,5.48767,2.74384,0,0,0,0,0,0,1,0,0,29200,28960,0,0,0,0,0,webattack
5.85965,3,1,0,0,0,0,0,0,0,0,0,0,0,0.682634,1.95322,3.38244,5.85893,0.000144,5.85965,2.92983,0,0,0,0,0,0,1,0,0,29200,28960,0,0,0,0,0,webattack
5.59951,3,1,0,0,0,0,0,0,0,0,0,0,0,0.714349,1.8665,3.23229,5.59883,9.5e-05,5.59951,2.79975,0,0,0,0,0,0,1,0,0,29200,28960,0,0,0,0,0,webattack
5.35381,3,1,0,0,0,0,0,0,0,0,0,0,0,0.747131,1.7846,3.09025,5.35292,0.000113,5.35381,2.67691,0,0,0,0,0,0,1,0,0,29200,28960,0,0,0,0,0,webattack
5.95823,3,1,0,0,0,0,0,0,0,0,0,0,0,0.671341,1.98608,3.43921,5.95733,0.000165,5.95823,2.97911,0,0,0,0,0,0,1,0,0,29200,28960,0,0,0,0,0,webattack
5.06352,3,1,0,0,0,0,0,0,0,0,0,0,0,0.789965,1.68784,2.92266,5.06263,0.000135,5.06352,2.53176,0,0,0,0,0,0,1,0,0,29200,28960,0,0,0,0,0,webattack
5.31515,3,1,0,0,0,0,0,0,0,0,0,0,0,0.752566,1.77172,3.06792,5.31425,0.00014,5.31515,2.65758,0,0,0,0,0,0,1,0,0,29200,28960,0,0,0,0,0,webattack
5.7885,3,1,0,0,0,0,0,0,0,0,0,0,0,0.691025,1.9295,3.34123,5.78762,0.000126,5.7885,2.89425,0,0,0,0,0,0,1,0,0,29200,28960,0,0,0,0,0,webattack
5.09682,3,1,0,0,0,0,0,0,0,0,0,0,0,0.784802,1.69894,2.94191,5.09597,0.000124,5.09682,2.54841,0,0,0,0,0,0,1,0,0,29200,28960,0,0,0,0,0,webattack
5.32569,3,1,0,0,0,0,0,0,0,0,0,0,0,0.751077,1.77523,3.07402,5.3248,0.000137,5.32569,2.66284,0,0,0,0,0,0,1,0,0,29200,28960,0,0,0,0,0,webattack
0.000305,2,0,0,0,0,0,0,0,0,0,0,0,0,6557.38,0.000305,0,0.000305,0.000305,0.000305,0.000305,0,0,0,0,0,0,0,1,0,1439,-1,0,0,0,0,0,webattack
5.91333,3,1,0,0,0,0,0,0,0,0,0,0,0,0.676438,1.97111,3.41329,5.91243,0.000133,5.91333,2.95666,0,0,0,0,0,0,1,0,0,29200,28960,0,0,0,0,0,webattack
5.88918,3,1,0,0,0,0,0,0,0,0,0,0,0,0.679212,1.96306,3.39952,5.88849,0.000122,5.88918,2.94459,0,0,0,0,0,0,1,0,0,29200,28960,0,0,0,0,0,webattack
35.2481,203,104,43906,72183,602,0,216.286,228.493,1068,0,694.067,362.569,3293.48,8.70968,0.11519,0.328815,3.54324,4e-06,35.2,0.174485,35.2,0.342213,0,0,0,0,1,0,0,29200,1176,376.912,360.632,0,0,0,webattack
5.80872,3,1,0,0,0,0,0,0,0,0,0,0,0,0.688619,1.93624,3.35306,5.80802,0.000177,5.80872,2.90436,0,0,0,0,0,0,1,0,0,29200,28960,0,0,0,0,0,webattack
5.33173,3,1,0,0,0,0,0,0,0,0,0,0,0,0.750226,1.77724,3.07766,5.33102,0.000167,5.33173,2.66586,0,0,0,0,0,0,1,0,0,29200,28960,0,0,0,0,0,webattack
5.31797,3,1,0,0,0,0,0,0,0,0,0,0,0,0.752167,1.77266,3.06973,5.31727,9.3e-05,5.31797,2.65898,0,0,0,0,0,0,1,0,0,29200,28960,0,0,0,0,0,webattack
5.68116,3,1,0,0,0,0,0,0,0,0,0,0,0,0.704082,1.89372,3.27924,5.68026,0.000125,5.68116,2.84058,0,0,0,0,0,0,1,0,0,29200,28960,0,0,0,0,0,webattack
1.3e-05,1,1,0,0,0,0,0,0,0,0,0,0,0,153846,1.3e-05,0,1.3e-05,1.3e-05,0,0,0,0,0,0,0,0,0,1,1,339,243,0,0,1,0,0,webattack
5.80718,3,1,0,0,0,0,0,0,0,0,0,0,0,0.688803,1.93573,3.35201,5.8063,9.7e-05,5.80718,2.90359,0,0,0,0,0,0,1,0,0,29200,28960,0,0,0,0,0,webattack
5.72867,3,1,0,0,0,0,0,0,0,0,0,0,0,0.698242,1.90956,3.30669,5.7278,0.000126,5.72867,2.86434,0,0,0,0,0,0,1,0,0,29200,28960,0,0,0,0,0,webattack
8.78145,4,4,602,364,602,0,150.5,301,364,0,91,182,110.005,0.911011,1.25449,2.1702,5.00459,4.4e-05,3.77686,1.25895,8.78136,2.92712,0,0,0,0,1,0,0,29200,236,107.333,221.138,1,0,0,webattack
5.13699,3,1,0,0,0,0,0,0,0,0,0,0,0,0.778667,1.71233,2.96507,5.1361,0.000128,5.13699,2.56849,0,0,0,0,0,0,1,0,0,29200,28960,0,0,0,0,0,webattack
5.70061,3,1,0,0,0,0,0,0,0,0,0,0,0,0.70168,1.9002,3.29046,5.6997,0.000128,5.70061,2.8503,0,0,0,0,0,0,1,0,0,29200,28960,0,0,0,0,0,webattack
5.35603,3,1,0,0,0,0,0,0,0,0,0,0,0,0.746822,1.78534,3.09116,5.35471,0.000141,5.35603,2.67801,0,0,0,0,0,0,1,0,0,29200,28960,0,0,0,0,0,webattack
5.0366,3,1,0,0,0,0,0,0,0,0,0,0,0,0.794186,1.67887,2.90729,5.03592,0.000125,5.0366,2.5183,0,0,0,0,0,0,1,0,0,29200,28960,0,0,0,0,0,webattack
5.78314,3,1,0,0,0,0,0,0,0,0,0,0,0,0.691666,1.92771,3.33814,5.78226,0.000123,5.78314,2.89157,0,0,0,0,0,0,1,0,0,29200,28960,0,0,0,0,0,webattack
5.05758,3,1,0,0,0,0,0,0,0,0,0,0,0,0.790893,1.68586,2.91939,5.05687,9.4e-05,5.05758,2.52879,0,0,0,0,0,0,1,0,0,29200,28960,0,0,0,0,0,webattack
5.16405,3,1,0,0,0,0,0,0,0,0,0,0,0,0.774586,1.72135,2.98071,5.16318,0.000115,5.16405,2.58202,0,0,0,0,0,0,1,0,0,29200,28960,0,0,0,0,0,webattack
5.11464,3,1,0,0,0,0,0,0,0,0,0,0,0,0.782068,1.70488,2.95217,5.11375,0.000136,5.11464,2.55732,0,0,0,0,0,0,1,0,0,29200,28960,0,0,0,0,0,webattack
5.85351,3,1,0,0,0,0,0,0,0,0,0,0,0,0.68335,1.95117,3.37874,5.85261,0.000148,5.85351,2.92676,0,0,0,0,0,0,1,0,0,29200,28960,0,0,0,0,0,webattack
5.01457,3,1,0,0,0,0,0,0,0,0,0,0,0,0.797676,1.67152,2.89437,5.01365,0.000139,5.01457,2.50728,0,0,0,0,0,0,1,0,0,29200,28960,0,0,0,0,0,webattack
5.07998,3,1,0,0,0,0,0,0,0,0,0,0,0,0.787404,1.69333,2.93233,5.07929,0.000127,5.07998,2.53999,0,0,0,0,0,0,1,0,0,29200,28960,0,0,0,0,0,webattack
8.79247,4,4,602,364,602,0,150.5,301,364,0,91,182,109.867,0.90987,1.25607,2.17218,5.00306,9.6e-05,3.7894,1.26313,8.79233,2.93078,0,0,0,0,1,0,0,29200,236,107.333,221.138,1,0,0,webattack
5.78243,3,1,0,0,0,0,0,0,0,0,0,0,0,0.69175,1.92748,3.33789,5.78174,9.5e-05,5.78243,2.89122,0,0,0,0,0,0,1,0,0,29200,28960,0,0,0,0,0,webattack
5.64921,3,1,0,0,0,0,0,0,0,0,0,0,0,0.708064,1.88307,3.26081,5.64832,0.000133,5.64921,2.8246,0,0,0,0,0,0,1,0,0,29200,28960,0,0,0,0,0,webattack
5.21665,3,1,0,0,0,0,0,0,0,0,0,0,0,0.766776,1.73888,3.01108,5.21578,0.000125,5.21665,2.60832,0,0,0,0,0,0,1,0,0,29200,28960,0,0,0,0,0,webattack
5.1475,3,1,0,0,0,0,0,0,0,0,0,0,0,0.777076,1.71583,2.97113,5.1466,0.000137,5.1475,2.57375,0,0,0,0,0,0,1,0,0,29200,28960,0,0,0,0,0,webattack
5.27149,3,1,0,0,0,0,0,0,0,0,0,0,0,0.758799,1.75716,3.04274,5.27062,0.000123,5.27149,2.63574,0,0,0,0,0,0,1,0,0,29200,28960,0,0,0,0,0,webattack
5.29097,3,1,0,0,0,0,0,0,0,0,0,0,0,0.756005,1.76366,3.05399,5.2901,0.000129,5.29097,2.64548,0,0,0,0,0,0,1,0,0,29200,28960,0,0,0,0,0,webattack
5.43668,3,1,0,0,0,0,0,0,0,0,0,0,0,0.735743,1.81223,3.13812,5.43581,9.3e-05,5.43668,2.71834,0,0,0,0,0,0,1,0,0,29200,28960,0,0,0,0,0,webattack
5.16672,3,1,0,0,0,0,0,0,0,0,0,0,0,0.774185,1.72224,2.98237,5.16599,0.00015,5.16672,2.58336,0,0,0,0,0,0,1,0,0,29200,28960,0,0,0,0,0,webattack
5.33033,3,1,0,0,0,0,0,0,0,0,0,0,0,0.750422,1.77678,3.07684,5.3296,0.000135,5.33033,2.66517,0,0,0,0,0,0,1,0,0,29200,28960,0,0,0,0,0,webattack
5.75072,3,1,0,0,0,0,0,0,0,0,0,0,0,0.695565,1.91691,3.31959,5.75004,0.000101,5.75072,2.87536,0,0,0,0,0,0,1,0,0,29200,28960,0,0,0,0,0,webattack
5.40095,3,1,0,0,0,0,0,0,0,0,0,0,0,0.74061,1.80032,3.11759,5.4002,0.000129,5.40095,2.70048,0,0,0,0,0,0,1,0,0,29200,28960,0,0,0,0,0,webattack
32.6011,203,104,43906,72166,602,0,216.286,228.493,1068,0,693.904,362.411,3560.37,9.41687,0.106539,0.267918,1.02756,4e-06,32.6,0.16138,32.6,0.316514,0,0,0,0,1,0,0,29200,1176,376.857,360.53,0,0,0,webattack
5.015,3,1,0,0,0,0,0,0,0,0,0,0,0,0.797606,1.67167,2.89464,5.01411,0.000143,5.015,2.5075,0,0,0,0,0,0,1,0,0,29200,28960,0,0,0,0,0,webattack
5.18329,3,1,0,0,0,0,0,0,0,0,0,0,0,0.77171,1.72776,2.9918,5.1824,0.000126,5.18329,2.59165,0,0,0,0,0,0,1,0,0,29200,28960,0,0,0,0,0,webattack
5.03363,7,6,1316,2180,550,0,188,241.218,1075,0,363.333,457.195,694.528,2.58263,0.41947,1.43038,4.9614,3e-06,0.072232,0.0120387,5.03352,1.0067,0,0,0,0,1,0,0,29200,253,249.714,346.491,0,0,0,webattack
5.85465,3,1,0,0,0,0,0,0,0,0,0,0,0,0.683218,1.95155,3.37937,5.85371,0.000128,5.85465,2.92732,0,0,0,0,0,0,1,0,0,29200,28960,0,0,0,0,0,webattack
5.18262,3,1,0,0,0,0,0,0,0,0,0,0,0,0.771811,1.72754,2.99139,5.1817,0.000163,5.18262,2.59131,0,0,0,0,0,0,1,0,0,29200,28960,0,0,0,0,0,webattack
5.47276,3,1,0,0,0,0,0,0,0,0,0,0,0,0.730893,1.82425,3.15908,5.47204,0.000105,5.47276,2.73638,0,0,0,0,0,0,1,0,0,29200,28960,0,0,0,0,0,webattack
5.75228,3,1,0,0,0,0,0,0,0,0,0,0,0,0.695376,1.91743,3.32033,5.75141,0.000128,5.75228,2.87614,0,0,0,0,0,0,1,0,0,29200,28960,0,0,0,0,0,webattack
5.16694,3,1,0,0,0,0,0,0,0,0,0,0,0,0.774152,1.72231,2.98233,5.16601,0.000132,5.16694,2.58347,0,0,0,0,0,0,1,0,0,29200,28960,0,0,0,0,0,webattack
5.55334,3,1,0,0,0,0,0,0,0,0,0,0,0,0.720287,1.85111,3.20546,5.55246,0.000166,5.55334,2.77667,0,0,0,0,0,0,1,0,0,29200,28960,0,0,0,0,0,webattack
9.2e-05,1,1,0,0,0,0,0,0,0,0,0,0,0,21739.1,9.2e-05,0,9.2e-05,9.2e-05,0,0,0,0,0,0,0,0,0,1,1,1444,1174,0,0,1,0,0,webattack
5.23164,3,1,0,0,0,0,0,0,0,0,0,0,0,0.764579,1.74388,3.01972,5.23076,0.000136,5.23164,2.61582,0,0,0,0,0,0,1,0,0,29200,28960,0,0,0,0,0,webattack
5.96851,3,1,0,0,0,0,0,0,0,0,0,0,0,0.670184,1.9895,3.44517,5.96765,9.9e-05,5.96851,2.98425,0,0,0,0,0,0,1,0,0,29200,28960,0,0,0,0,0,webattack
5.5378,3,1,0,0,0,0,0,0,0,0,0,0,0,0.722308,1.84593,3.19665,5.53711,0.000125,5.5378,2.7689,0,0,0,0,0,0,1,0,0,29200,28960,0,0,0,0,0,webattack
5.5e-05,1,1,0,0,0,0,0,0,0,0,0,0,0,36363.6,5.5e-05,0,5.5e-05,5.5e-05,0,0,0,0,0,0,0,0,0,1,1,1444,1174,0,0,1,0,0,webattack
5.14355,3,1,0,0,0,0,0,0,0,0,0,0,0,0.777673,1.71452,2.96889,5.1427,0.000111,5.14355,2.57178,0,0,0,0,0,0,1,0,0,29200,28960,0,0,0,0,0,webattack
5.37605,3,1,0,0,0,0,0,0,0,0,0,0,0,0.744041,1.79202,3.10311,5.37517,0.000155,5.37605,2.68802,0,0,0,0,0,0,1,0,0,29200,28960,0,0,0,0,0,webattack
5.73531,3,1,0,0,0,0,0,0,0,0,0,0,0,0.697434,1.91177,3.31055,5.73446,9.4e-05,5.73531,2.86766,0,0,0,0,0,0,1,0,0,29200,28960,0,0,0,0,0,webattack
2.4e-05,1,1,0,0,0,0,0,0,0,0,0,0,0,83333.3,2.4e-05,0,2.4e-05,2.4e-05,0,0,0,0,0,0,0,0,0,1,1,237,236,0,0,1,0,0,webattack
5.36541,3,1,0,0,0,0,0,0,0,0,0,0,0,0.745516,1.78847,3.09696,5.36453,0.000126,5.36541,2.68271,0,0,0,0,0,0,1,0,0,29200,28960,0,0,0,0,0,webattack
5.62996,3,1,0,0,0,0,0,0,0,0,0,0,0,0.710484,1.87665,3.24968,5.62907,0.000125,5.62996,2.81498,0,0,0,0,0,0,1,0,0,29200,28960,0,0,0,0,0,webattack
5.03252,3,1,0,0,0,0,0,0,0,0,0,0,0,0.794831,1.67751,2.90494,5.03184,0.00012,5.03252,2.51626,0,0,0,0,0,0,1,0,0,29200,28960,0,0,0,0,0,webattack
5.8883,3,1,0,0,0,0,0,0,0,0,0,0,0,0.679313,1.96277,3.39888,5.88745,0.000103,5.8883,2.94415,0,0,0,0,0,0,1,0,0,29200,28960,0,0,0,0,0,webattack
5.8448,3,1,0,0,0,0,0,0,0,0,0,0,0,0.684369,1.94827,3.37371,5.84389,0.000135,5.8448,2.9224,0,0,0,0,0,0,1,0,0,29200,28960,0,0,0,0,0,webattack
5.94269,3,1,0,0,0,0,0,0,0,0,0,0,0,0.673095,1.9809,3.4303,5.94187,7e-05,5.94269,2.97135,0,0,0,0,0,0,1,0,0,29200,28960,0,0,0,0,0,webattack
5.8336,3,1,0,0,0,0,0,0,0,0,0,0,0,0.685682,1.94453,3.36728,5.83273,0.000127,5.8336,2.9168,0,0,0,0,0,0,1,0,0,29200,28960,0,0,0,0,0,webattack
5.1785,3,1,0,0,0,0,0,0,0,0,0,0,0,0.772424,1.72617,2.98919,5.17779,0.000124,5.1785,2.58925,0,0,0,0,0,0,1,0,0,29200,28960,0,0,0,0,0,webattack
5.50624,3,1,0,0,0,0,0,0,0,0,0,0,0,0.726449,1.83541,3.17828,5.50537,9.4e-05,5.50624,2.75312,0,0,0,0,0,0,1,0,0,29200,28960,0,0,0,0,0,webattack
5.96529,3,1,0,0,0,0,0,0,0,0,0,0,0,0.670545,1.98843,3.44337,5.96449,0.000101,5.96529,2.98265,0,0,0,0,0,0,1,0,0,29200,28960,0,0,0,0,0,webattack
5.92618,3,1,0,0,0,0,0,0,0,0,0,0,0,0.674971,1.97539,3.4207,5.92528,0.000164,5.92618,2.96309,0,0,0,0,0,0,1,0,0,29200,28960,0,0,0,0,0,webattack
5.01687,3,1,0,0,0,0,0,0,0,0,0,0,0,0.797311,1.67229,2.8957,5.01595,0.000134,5.01687,2.50843,0,0,0,0,0,0,1,0,0,29200,28960,0,0,0,0,0,webattack
5.68575,3,1,0,0,0,0,0,0,0,0,0,0,0,0.703514,1.89525,3.28194,5.68491,0.000149,5.68575,2.84287,0,0,0,0,0,0,1,0,0,29200,28960,0,0,0,0,0,webattack
5.33157,3,1,0,0,0,0,0,0,0,0,0,0,0,0.750248,1.77719,3.07758,5.33088,0.000121,5.33157,2.66579,0,0,0,0,0,0,1,0,0,29200,28960,0,0,0,0,0,webattack
5.35544,3,1,0,0,0,0,0,0,0,0,0,0,0,0.746905,1.78515,3.09121,5.35457,0.000122,5.35544,2.67772,0,0,0,0,0,0,1,0,0,29200,28960,0,0,0,0,0,webattack
5.47602,3,1,0,0,0,0,0,0,0,0,0,0,0,0.730457,1.82534,3.16096,5.4753,0.000142,5.47602,2.73801,0,0,0,0,0,0,1,0,0,29200,28960,0,0,0,0,0,webattack
5.24744,3,1,0,0,0,0,0,0,0,0,0,0,0,0.762277,1.74915,3.02886,5.24657,0.000126,5.24744,2.62372,0,0,0,0,0,0,1,0,0,29200,28960,0,0,0,0,0,webattack
5.04267,3,1,0,0,0,0,0,0,0,0,0,0,0,0.79323,1.68089,2.91063,5.04179,9.4e-05,5.04267,2.52134,0,0,0,0,0,0,1,0,0,29200,28960,0,0,0,0,0,webattack
5.65828,3,1,0,0,0,0,0,0,0,0,0,0,0,0.706929,1.88609,3.2661,5.65746,7.5e-05,5.65828,2.82914,0,0,0,0,0,0,1,0,0,29200,28960,0,0,0,0,0,webattack
5.91229,3,1,0,0,0,0,0,0,0,0,0,0,0,0.676557,1.97076,3.4127,5.91141,0.000123,5.91229,2.95614,0,0,0,0,0,0,1,0,0,29200,28960,0,0,0,0,0,webattack
5.35855,3,1,0,0,0,0,0,0,0,0,0,0,0,0.74647,1.78618,3.093,5.35768,9.4e-05,5.35855,2.67928,0,0,0,0,0,0,1,0,0,29200,28960,0,0,0,0,0,webattack
5.84686,3,1,0,0,0,0,0,0,0,0,0,0,0,0.684128,1.94895,3.37491,5.84597,0.000166,5.84686,2.92343,0,0,0,0,0,0,1,0,0,29200,28960,0,0,0,0,0,webattack
5.97022,3,1,0,0,0,0,0,0,0,0,0,0,0,0.669992,1.99007,3.44615,5.96935,9.5e-05,5.97022,2.98511,0,0,0,0,0,0,1,0,0,29200,28960,0,0,0,0,0,webattack
5.47839,3,1,0,0,0,0,0,0,0,0,0,0,0,0.730142,1.82613,3.16218,5.4775,9.5e-05,5.47839,2.73919,0,0,0,0,0,0,1,0,0,29200,28960,0,0,0,0,0,webattack
5.79824,3,1,0,0,0,0,0,0,0,0,0,0,0,0.689864,1.93275,3.34689,5.7974,9.3e-05,5.79824,2.89912,0,0,0,0,0,0,1,0,0,29200,28960,0,0,0,0,0,webattack
5.19889,3,1,0,0,0,0,0,0,0,0,0,0,0,0.769394,1.73296,3.00088,5.19809,0.00013,5.19889,2.59945,0,0,0,0,0,0,1,0,0,29200,28960,0,0,0,0,0,webattack
5.07879,3,1,0,0,0,0,0,0,0,0,0,0,0,0.787589,1.69293,2.93149,5.07792,0.000125,5.07879,2.5394,0,0,0,0,0,0,1,0,0,29200,28960,0,0,0,0,0,webattack
5.69861,3,1,0,0,0,0,0,0,0,0,0,0,0,0.701926,1.89954,3.28934,5.69774,4.4e-05,5.69861,2.8493,0,0,0,0,0,0,1,0,0,29200,28960,0,0,0,0,0,webattack
5.8911,3,1,0,0,0,0,0,0,0,0,0,0,0,0.67899,1.9637,3.40065,5.89043,0.000122,5.8911,2.94555,0,0,0,0,0,0,1,0,0,29200,28960,0,0,0,0,0,webattack
5.11841,3,1,0,0,0,0,0,0,0,0,0,0,0,0.781493,1.70613,2.95434,5.11752,9.5e-05,5.11841,2.5592,0,0,0,0,0,0,1,0,0,29200,28960,0,0,0,0,0,webattack
5.22265,3,1,0,0,0,0,0,0,0,0,0,0,0,0.765895,1.74088,3.01453,5.22176,0.000137,5.22265,2.61132,0,0,0,0,0,0,1,0,0,29200,28960,0,0,0,0,0,webattack
5.35628,3,1,0,0,0,0,0,0,0,0,0,0,0,0.746788,1.78543,3.09186,5.3556,0.000119,5.35628,2.67814,0,0,0,0,0,0,1,0,0,29200,28960,0,0,0,0,0,webattack
5.51071,3,1,0,0,0,0,0,0,0,0,0,0,0,0.725859,1.8369,3.18084,5.50982,0.000125,5.51071,2.75535,0,0,0,0,0,0,1,0,0,29200,28960,0,0,0,0,0,webattack
5.49656,3,1,0,0,0,0,0,0,0,0,0,0,0,0.727727,1.83219,3.17266,5.49566,0.000128,5.49656,2.74828,0,0,0,0,0,0,1,0,0,29200,28960,0,0,0,0,0,webattack
5.59515,3,1,0,0,0,0,0,0,0,0,0,0,0,0.714904,1.86505,3.22959,5.59426,0.000125,5.59515,2.79758,0,0,0,0,0,0,1,0,0,29200,28960,0,0,0,0,0,webattack
5.66884,3,1,0,0,0,0,0,0,0,0,0,0,0,0.705612,1.88961,3.27214,5.66795,0.000123,5.66884,2.83442,0,0,0,0,0,0,1,0,0,29200,28960,0,0,0,0,0,webattack
5.44177,3,1,0,0,0,0,0,0,0,0,0,0,0,0.735055,1.81392,3.14117,5.44104,0.000129,5.44177,2.72088,0,0,0,0,0,0,1,0,0,29200,28960,0,0,0,0,0,webattack
5.1017,3,1,0,0,0,0,0,0,0,0,0,0,0,0.784053,1.70057,2.94467,5.10078,0.000143,5.1017,2.55085,0,0,0,0,0,0,1,0,0,29200,28960,0,0,0,0,0,webattack
5.90446,3,1,0,0,0,0,0,0,0,0,0,0,0,0.677454,1.96815,3.40834,5.90377,0.000158,5.90446,2.95223,0,0,0,0,0,0,1,0,0,29200,28960,0,0,0,0,0,webattack
5.93076,3,1,0,0,0,0,0,0,0,0,0,0,0,0.67445,1.97692,3.42338,5.9299,0.000104,5.93076,2.96538,0,0,0,0,0,0,1,0,0,29200,28960,0,0,0,0,0,webattack
69.4217,204,109,48783,183586,585,0,239.132,252.347,1869,0,1684.28,415.656,3347.21,4.50867,0.222506,0.452208,4.83975,4e-06,69.4,0.341964,69.4,0.642793,0,0,0,0,1,0,0,29200,1149,740.029,759.395,0,0,0,webattack
5.27774,3,1,0,0,0,0,0,0,0,0,0,0,0,0.7579,1.75925,3.04633,5.27685,0.000137,5.27774,2.63887,0,0,0,0,0,0,1,0,0,29200,28960,0,0,0,0,0,webattack
5.50651,3,1,0,0,0,0,0,0,0,0,0,0,0,0.726413,1.8355,3.17858,5.50582,0.00016,5.50651,2.75326,0,0,0,0,0,0,1,0,0,29200,28960,0,0,0,0,0,webattack
5.10863,3,1,0,0,0,0,0,0,0,0,0,0,0,0.782988,1.70288,2.94874,5.10779,0.000124,5.10863,2.55432,0,0,0,0,0,0,1,0,0,29200,28960,0,0,0,0,0,webattack
9.78945,4,4,383,370,383,0,95.75,191.5,370,0,92.5,185,76.9195,0.817206,1.39849,2.38827,5.00459,0.000114,4.78486,1.59495,9.78934,3.26311,0,0,0,0,1,0,0,29200,235,83.6667,166.053,1,0,0,webattack
5.80254,3,1,0,0,0,0,0,0,0,0,0,0,0,0.689353,1.93418,3.34949,5.80184,0.000136,5.80254,2.90127,0,0,0,0,0,0,1,0,0,29200,28960,0,0,0,0,0,webattack
30.4237,181,91,38680,63687,602,0,213.702,228.359,1068,0,699.857,359.636,3364.71,8.94039,0.112265,0.293921,2.28193,8.4e-05,30.4,0.169021,30.2,0.335898,0,0,0,0,1,0,0,29200,1063,374.971,361.167,0,0,0,webattack
5.4986,3,1,0,0,0,0,0,0,0,0,0,0,0,0.727458,1.83287,3.17385,5.49771,0.000158,5.4986,2.7493,0,0,0,0,0,0,1,0,0,29200,28960,0,0,0,0,0,webattack
5.01967,3,1,0,0,0,0,0,0,0,0,0,0,0,0.796864,1.67322,2.89738,5.01883,0.000122,5.01967,2.50984,0,0,0,0,0,0,1,0,0,29200,28960,0,0,0,0,0,webattack
5.01217,3,1,0,0,0,0,0,0,0,0,0,0,0,0.798058,1.67072,2.89316,5.01146,9.3e-05,5.01217,2.50608,0,0,0,0,0,0,1,0,0,29200,28960,0,0,0,0,0,webattack
34.0198,203,104,43906,72185,602,0,216.286,228.493,1068,0,694.087,362.59,3412.45,9.02414,0.111176,0.29158,2.29729,4e-06,34,0.168402,34,0.330288,0,0,0,0,1,0,0,29200,1176,376.919,360.645,0,0,0,webattack
5.8149,3,1,0,0,0,0,0,0,0,0,0,0,0,0.687888,1.9383,3.35648,5.81403,0.000154,5.8149,2.90745,0,0,0,0,0,0,1,0,0,29200,28960,0,0,0,0,0,webattack
5.12591,3,1,0,0,0,0,0,0,0,0,0,0,0,0.780349,1.70864,2.9587,5.12505,0.000122,5.12591,2.56295,0,0,0,0,0,0,1,0,0,29200,28960,0,0,0,0,0,webattack
5.00137,3,1,0,0,0,0,0,0,0,0,0,0,0,0.799781,1.66712,2.88717,5.00094,4.3e-05,5.00137,2.50068,0,0,0,0,0,0,1,0,0,29200,28960,0,0,0,0,0,webattack
5.16921,3,1,0,0,0,0,0,0,0,0,0,0,0,0.773812,1.72307,2.98368,5.16832,0.000128,5.16921,2.58461,0,0,0,0,0,0,1,0,0,29200,28960,0,0,0,0,0,webattack
5.36738,3,1,0,0,0,0,0,0,0,0,0,0,0,0.745242,1.78913,3.09812,5.36652,9.8e-05,5.36738,2.68369,0,0,0,0,0,0,1,0,0,29200,28960,0,0,0,0,0,webattack
5.29012,3,1,0,0,0,0,0,0,0,0,0,0,0,0.756127,1.76337,3.05348,5.28923,9.3e-05,5.29012,2.64506,0,0,0,0,0,0,1,0,0,29200,28960,0,0,0,0,0,webattack
5.00619,3,1,0,0,0,0,0,0,0,0,0,0,0,0.799011,1.66873,2.88972,5.00549,9.2e-05,5.00619,2.5031,0,0,0,0,0,0,1,0,0,29200,28960,0,0,0,0,0,webattack
5.09529,3,1,0,0,0,0,0,0,0,0,0,0,0,0.785039,1.69843,2.94099,5.09439,0.000165,5.09529,2.54765,0,0,0,0,0,0,1,0,0,29200,28960,0,0,0,0,0,webattack
5.39378,3,1,0,0,0,0,0,0,0,0,0,0,0,0.741595,1.79793,3.11332,5.39288,0.00011,5.39378,2.69689,0,0,0,0,0,0,1,0,0,29200,28960,0,0,0,0,0,webattack
5.17043,3,1,0,0,0,0,0,0,0,0,0,0,0,0.773629,1.72348,2.98455,5.16974,0.000107,5.17043,2.58522,0,0,0,0,0,0,1,0,0,29200,28960,0,0,0,0,0,webattack
5.48942,3,1,0,0,0,0,0,0,0,0,0,0,0,0.728674,1.82981,3.16857,5.48856,8.6e-05,5.48942,2.74471,0,0,0,0,0,0,1,0,0,29200,28960,0,0,0,0,0,webattack
5.36821,3,1,0,0,0,0,0,0,0,0,0,0,0,0.745128,1.7894,3.09867,5.36743,0.00019,5.36821,2.6841,0,0,0,0,0,0,1,0,0,29200,28960,0,0,0,0,0,webattack
5.88334,3,1,0,0,0,0,0,0,0,0,0,0,0,0.679886,1.96111,3.39598,5.88245,0.000122,5.88334,2.94167,0,0,0,0,0,0,1,0,0,29200,28960,0,0,0,0,0,webattack
5.99543,3,1,0,0,0,0,0,0,0,0,0,0,0,0.667175,1.99848,3.46076,5.99462,6.8e-05,5.99543,2.99771,0,0,0,0,0,0,1,0,0,29200,28960,0,0,0,0,0,webattack
6.7e-05,1,1,0,0,0,0,0,0,0,0,0,0,0,29850.7,6.7e-05,0,6.7e-05,6.7e-05,0,0,0,0,0,0,0,0,0,1,1,1444,1174,0,0,1,0,0,webattack
32.9621,203,104,43951,72190,602,0,216.507,228.651,1068,0,694.135,362.623,3523.47,9.31373,0.107719,0.272012,1.2736,4e-06,33,0.163166,33,0.320019,0,0,0,0,1,0,0,29200,1174,377.081,360.671,0,0,0,webattack
5.41947,3,1,0,0,0,0,0,0,0,0,0,0,0,0.738079,1.80649,3.12842,5.41888,9.3e-05,5.41947,2.70974,0,0,0,0,0,0,1,0,0,29200,28960,0,0,0,0,0,webattack
5.69648,3,1,0,0,0,0,0,0,0,0,0,0,0,0.702188,1.89883,3.28826,5.69579,9.3e-05,5.69648,2.84824,0,0,0,0,0,0,1,0,0,29200,28960,0,0,0,0,0,webattack
5.25176,3,1,0,0,0,0,0,0,0,0,0,0,0,0.761649,1.75059,3.03132,5.25085,0.000153,5.25176,2.62588,0,0,0,0,0,0,1,0,0,29200,28960,0,0,0,0,0,webattack
5.46024,3,1,0,0,0,0,0,0,0,0,0,0,0,0.732568,1.82008,3.15186,5.45953,0.000145,5.46024,2.73012,0,0,0,0,0,0,1,0,0,29200,28960,0,0,0,0,0,webattack
5.2166,3,1,0,0,0,0,0,0,0,0,0,0,0,0.766782,1.73887,3.01104,5.21572,0.000154,5.2166,2.6083,0,0,0,0,0,0,1,0,0,29200,28960,0,0,0,0,0,webattack
5.2708,3,1,0,0,0,0,0,0,0,0,0,0,0,0.758898,1.75693,3.04232,5.2699,0.000159,5.2708,2.6354,0,0,0,0,0,0,1,0,0,29200,28960,0,0,0,0,0,webattack
5.16819,3,1,0,0,0,0,0,0,0,0,0,0,0,0.773966,1.72273,2.98323,5.16747,0.000157,5.16819,2.58409,0,0,0,0,0,0,1,0,0,29200,28960,0,0,0,0,0,webattack
5.15302,3,1,0,0,0,0,0,0,0,0,0,0,0,0.776244,1.71767,2.97434,5.15214,0.000124,5.15302,2.57651,0,0,0,0,0,0,1,0,0,29200,28960,0,0,0,0,0,webattack
5.85563,3,1,0,0,0,0,0,0,0,0,0,0,0,0.683103,1.95188,3.38014,5.85493,0.000129,5.85563,2.92782,0,0,0,0,0,0,1,0,0,29200,28960,0,0,0,0,0,webattack
5.34133,3,1,0,0,0,0,0,0,0,0,0,0,0,0.748877,1.78044,3.08305,5.34044,0.000126,5.34133,2.67067,0,0,0,0,0,0,1,0,0,29200,28960,0,0,0,0,0,webattack
5.14225,3,1,0,0,0,0,0,0,0,0,0,0,0,0.777869,1.71408,2.96829,5.14157,0.000153,5.14225,2.57113,0,0,0,0,0,0,1,0,0,29200,28960,0,0,0,0,0,webattack
5.02925,9,7,1675,5647,559,0,186.111,228.375,3076,0,806.714,1133.39,1455.88,3.18139,0.335284,1.28098,4.9656,4e-06,0.063656,0.007957,5.02913,0.838188,0,0,0,0,1,0,0,29200,262,430.706,784.151,0,0,0,webattack
5.20573,3,1,0,0,0,0,0,0,0,0,0,0,0,0.768384,1.73524,3.00476,5.20484,0.000109,5.20573,2.60287,0,0,0,0,0,0,1,0,0,29200,28960,0,0,0,0,0,webattack
5.22878,3,1,0,0,0,0,0,0,0,0,0,0,0,0.764997,1.74293,3.01808,5.2279,0.000123,5.22878,2.61439,0,0,0,0,0,0,1,0,0,29200,28960,0,0,0,0,0,webattack
5.96117,3,1,0,0,0,0,0,0,0,0,0,0,0,0.671009,1.98706,3.44109,5.96048,0.00013,5.96117,2.98058,0,0,0,0,0,0,1,0,0,29200,28960,0,0,0,0,0,webattack
9.4e-05,1,1,0,0,0,0,0,0,0,0,0,0,0,21276.6,9.4e-05,0,9.4e-05,9.4e-05,0,0,0,0,0,0,0,0,0,1,1,1444,1176,0,0,1,0,0,webattack
5.84698,3,1,0,0,0,0,0,0,0,0,0,0,0,0.684113,1.94899,3.37498,5.84608,9.4e-05,5.84698,2.92349,0,0,0,0,0,0,1,0,0,29200,28960,0,0,0,0,0,webattack
5.92308,3,1,0,0,0,0,0,0,0,0,0,0,0,0.675324,1.97436,3.41892,5.92219,0.000163,5.92308,2.96154,0,0,0,0,0,0,1,0,0,29200,28960,0,0,0,0,0,webattack
5.33774,3,1,0,0,0,0,0,0,0,0,0,0,0,0.749381,1.77925,3.08107,5.33696,0.000159,5.33774,2.66887,0,0,0,0,0,0,1,0,0,29200,28960,0,0,0,0,0,webattack
5.46532,3,1,0,0,0,0,0,0,0,0,0,0,0,0.731888,1.82177,3.15478,5.4646,7.3e-05,5.46532,2.73266,0,0,0,0,0,0,1,0,0,29200,28960,0,0,0,0,0,webattack
6.3e-05,1,1,0,0,0,0,0,0,0,0,0,0,0,31746,6.3e-05,0,6.3e-05,6.3e-05,0,0,0,0,0,0,0,0,0,1,1,1444,1174,0,0,1,0,0,webattack
5.19042,3,1,0,0,0,0,0,0,0,0,0,0,0,0.770651,1.73014,2.99591,5.18952,0.000138,5.19042,2.59521,0,0,0,0,0,0,1,0,0,29200,28960,0,0,0,0,0,webattack
5.11337,3,1,0,0,0,0,0,0,0,0,0,0,0,0.782264,1.70446,2.95145,5.11249,9.5e-05,5.11337,2.55668,0,0,0,0,0,0,1,0,0,29200,28960,0,0,0,0,0,webattack
5.32934,3,1,0,0,0,0,0,0,0,0,0,0,0,0.750562,1.77645,3.07613,5.32845,0.000142,5.32934,2.66467,0,0,0,0,0,0,1,0,0,29200,28960,0,0,0,0,0,webattack
5.34054,3,1,0,0,0,0,0,0,0,0,0,0,0,0.748987,1.78018,3.08276,5.33984,0.000124,5.34054,2.67027,0,0,0,0,0,0,1,0,0,29200,28960,0,0,0,0,0,webattack
5.39601,3,1,0,0,0,0,0,0,0,0,0,0,0,0.741288,1.79867,3.11479,5.39532,0.00013,5.39601,2.69801,0,0,0,0,0,0,1,0,0,29200,28960,0,0,0,0,0,webattack
5.26778,3,1,0,0,0,0,0,0,0,0,0,0,0,0.759333,1.75593,3.04072,5.26705,0.000147,5.26778,2.63389,0,0,0,0,0,0,1,0,0,29200,28960,0,0,0,0,0,webattack
34.1918,203,104,43951,72197,602,0,216.507,228.651,1069,0,694.202,362.689,3396.96,8.97877,0.111738,0.297081,2.51429,4e-06,34.2,0.169255,34.2,0.331958,0,0,0,0,1,0,0,29200,1174,377.104,360.713,0,0,0,webattack
5.30333,3,1,0,0,0,0,0,0,0,0,0,0,0,0.754243,1.76778,3.06112,5.30246,0.000122,5.30333,2.65166,0,0,0,0,0,0,1,0,0,29200,28960,0,0,0,0,0,webattack
5.39903,3,1,0,0,0,0,0,0,0,0,0,0,0,0.740873,1.79968,3.11637,5.39816,0.000122,5.39903,2.69952,0,0,0,0,0,0,1,0,0,29200,28960,0,0,0,0,0,webattack
5.59225,3,1,0,0,0,0,0,0,0,0,0,0,0,0.715276,1.86408,3.22792,5.59137,0.000158,5.59225,2.79612,0,0,0,0,0,0,1,0,0,29200,28960,0,0,0,0,0,webattack
5.84151,3,1,0,0,0,0,0,0,0,0,0,0,0,0.684754,1.94717,3.37184,5.84063,9.4e-05,5.84151,2.92076,0,0,0,0,0,0,1,0,0,29200,28960,0,0,0,0,0,webattack
8.84794,4,4,602,364,602,0,150.5,301,364,0,91,182,109.178,0.904165,1.26399,2.18309,5.00458,7.5e-05,3.84336,1.28112,8.8478,2.94927,0,0,0,0,1,0,0,29200,236,107.333,221.138,1,0,0,webattack
5.26397,3,1,0,0,0,0,0,0,0,0,0,0,0,0.759883,1.75466,3.03839,5.26308,7.8e-05,5.26397,2.63198,0,0,0,0,0,0,1,0,0,29200,28960,0,0,0,0,0,webattack
5.79903,3,1,0,0,0,0,0,0,0,0,0,0,0,0.689771,1.93301,3.34735,5.7982,8.8e-05,5.79903,2.89951,0,0,0,0,0,0,1,0,0,29200,28960,0,0,0,0,0,webattack
5.39745,3,1,0,0,0,0,0,0,0,0,0,0,0,0.741091,1.79915,3.11544,5.39655,0.00013,5.39745,2.69873,0,0,0,0,0,0,1,0,0,29200,28960,0,0,0,0,0,webattack
5.87855,3,1,0,0,0,0,0,0,0,0,0,0,0,0.68044,1.95952,3.39337,5.87784,0.000151,5.87855,2.93927,0,0,0,0,0,0,1,0,0,29200,28960,0,0,0,0,0,webattack
5.30598,3,1,0,0,0,0,0,0,0,0,0,0,0,0.753866,1.76866,3.06264,5.30509,0.000125,5.30598,2.65299,0,0,0,0,0,0,1,0,0,29200,28960,0,0,0,0,0,webattack
5.18037,3,1,0,0,0,0,0,0,0,0,0,0,0,0.772146,1.72679,2.99028,5.17967,0.000131,5.18037,2.59018,0,0,0,0,0,0,1,0,0,29200,28960,0,0,0,0,0,webattack
9.80339,4,4,383,370,383,0,95.75,191.5,370,0,92.5,185,76.8101,0.816044,1.40048,2.39156,5.00354,9.4e-05,4.79985,1.59995,9.8033,3.26777,0,0,0,0,1,0,0,29200,235,83.6667,166.053,1,0,0,webattack
5.00746,5,3,537,1881,537,0,107.4,240.154,1881,0,627,1086,482.88,1.59762,0.715351,1.88965,5.00067,4e-06,5.00746,1.25187,0.005994,0.002997,0,0,0,0,1,0,0,29200,235,268.667,630.168,0,0,0,webattack
5.40733,3,1,0,0,0,0,0,0,0,0,0,0,0,0.739737,1.80244,3.12117,5.40646,0.00014,5.40733,2.70366,0,0,0,0,0,0,1,0,0,29200,28960,0,0,0,0,0,webattack
5.3871,3,1,0,0,0,0,0,0,0,0,0,0,0,0.742515,1.7957,3.10947,5.38621,0.000127,5.3871,2.69355,0,0,0,0,0,0,1,0,0,29200,28960,0,0,0,0,0,webattack
5.01337,7,6,740,7037,382,0,105.714,180.674,3883,0,1172.83,1538.28,1551.25,2.59307,0.417781,1.44439,5.00432,3.3e-05,0.009046,0.00150767,5.01331,1.00266,0,0,0,0,1,0,0,29200,243,555.5,1110.74,0,0,0,webattack
5.09655,3,1,0,0,0,0,0,0,0,0,0,0,0,0.784844,1.69885,2.94173,5.09567,0.000127,5.09655,2.54828,0,0,0,0,0,0,1,0,0,29200,28960,0,0,0,0,0,webattack
5.06307,3,1,0,0,0,0,0,0,0,0,0,0,0,0.790035,1.68769,2.9224,5.06218,0.000107,5.06307,2.53153,0,0,0,0,0,0,1,0,0,29200,28960,0,0,0,0,0,webattack
5.27752,3,1,0,0,0,0,0,0,0,0,0,0,0,0.757931,1.75917,3.04639,5.27684,0.000129,5.27752,2.63876,0,0,0,0,0,0,1,0,0,29200,28960,0,0,0,0,0,webattack
5.13425,3,1,0,0,0,0,0,0,0,0,0,0,0,0.779081,1.71142,2.96365,5.13355,0.000137,5.13425,2.56713,0,0,0,0,0,0,1,0,0,29200,28960,0,0,0,0,0,webattack
5.46605,3,1,0,0,0,0,0,0,0,0,0,0,0,0.73179,1.82202,3.15506,5.46516,0.000163,5.46605,2.73302,0,0,0,0,0,0,1,0,0,29200,28960,0,0,0,0,0,webattack
5.75155,3,1,0,0,0,0,0,0,0,0,0,0,0,0.695465,1.91718,3.31986,5.75063,0.00014,5.75155,2.87577,0,0,0,0,0,0,1,0,0,29200,28960,0,0,0,0,0,webattack
5.22946,3,1,0,0,0,0,0,0,0,0,0,0,0,0.764898,1.74315,3.01846,5.22857,0.000122,5.22946,2.61473,0,0,0,0,0,0,1,0,0,29200,28960,0,0,0,0,0,webattack
5.54341,3,1,0,0,0,0,0,0,0,0,0,0,0,0.721577,1.8478,3.1997,5.5425,0.000132,5.54341,2.77171,0,0,0,0,0,0,1,0,0,29200,28960,0,0,0,0,0,webattack
5.41599,3,1,0,0,0,0,0,0,0,0,0,0,0,0.738554,1.80533,3.12633,5.4153,8.7e-05,5.41599,2.708,0,0,0,0,0,0,1,0,0,29200,28960,0,0,0,0,0,webattack
5.6968,3,1,0,0,0,0,0,0,0,0,0,0,0,0.702148,1.89893,3.28827,5.69591,0.000153,5.6968,2.8484,0,0,0,0,0,0,1,0,0,29200,28960,0,0,0,0,0,webattack
5.34402,3,1,0,0,0,0,0,0,0,0,0,0,0,0.748499,1.78134,3.08462,5.34315,0.000139,5.34402,2.67201,0,0,0,0,0,0,1,0,0,29200,28960,0,0,0,0,0,webattack
5.7386,3,1,0,0,0,0,0,0,0,0,0,0,0,0.697034,1.91287,3.31242,5.73772,9.9e-05,5.7386,2.8693,0,0,0,0,0,0,1,0,0,29200,28960,0,0,0,0,0,webattack
5.87438,3,1,0,0,0,0,0,0,0,0,0,0,0,0.680923,1.95813,3.39084,5.87353,0.000135,5.87438,2.93719,0,0,0,0,0,0,1,0,0,29200,28960,0,0,0,0,0,webattack
5.55429,3,1,0,0,0,0,0,0,0,0,0,0,0,0.720164,1.85143,3.20599,5.55339,0.00011,5.55429,2.77714,0,0,0,0,0,0,1,0,0,29200,28960,0,0,0,0,0,webattack
5.00975,3,1,0,0,0,0,0,0,0,0,0,0,0,0.798443,1.66992,2.89162,5.00887,9.8e-05,5.00975,2.50488,0,0,0,0,0,0,1,0,0,29200,28960,0,0,0,0,0,webattack
5.20792,3,1,0,0,0,0,0,0,0,0,0,0,0,0.76806,1.73597,3.006,5.20701,0.000125,5.20792,2.60396,0,0,0,0,0,0,1,0,0,29200,28960,0,0,0,0,0,webattack
5.14794,3,1,0,0,0,0,0,0,0,0,0,0,0,0.777009,1.71598,2.97141,5.14707,0.000124,5.14794,2.57397,0,0,0,0,0,0,1,0,0,29200,28960,0,0,0,0,0,webattack
7.4e-05,1,1,0,0,0,0,0,0,0,0,0,0,0,27027,7.4e-05,0,7.4e-05,7.4e-05,0,0,0,0,0,0,0,0,0,1,1,1444,1176,0,0,1,0,0,webattack
5.87991,3,1,0,0,0,0,0,0,0,0,0,0,0,0.680283,1.95997,3.39399,5.87901,0.000125,5.87991,2.93995,0,0,0,0,0,0,1,0,0,29200,28960,0,0,0,0,0,webattack
5.66771,3,1,0,0,0,0,0,0,0,0,0,0,0,0.705753,1.88924,3.27165,5.66701,0.000162,5.66771,2.83385,0,0,0,0,0,0,1,0,0,29200,28960,0,0,0,0,0,webattack
5.75777,3,1,0,0,0,0,0,0,0,0,0,0,0,0.694714,1.91925,3.32346,5.75685,0.000154,5.75777,2.87888,0,0,0,0,0,0,1,0,0,29200,28960,0,0,0,0,0,webattack
5.79426,3,1,0,0,0,0,0,0,0,0,0,0,0,0.690339,1.93142,3.34472,5.79357,0.000182,5.79426,2.89713,0,0,0,0,0,0,1,0,0,29200,28960,0,0,0,0,0,webattack
5.81814,3,1,0,0,0,0,0,0,0,0,0,0,0,0.687505,1.93938,3.35831,5.81722,0.000143,5.81814,2.90907,0,0,0,0,0,0,1,0,0,29200,28960,0,0,0,0,0,webattack
0.997174,3,3,0,18,0,0,0,0,6,6,6,0,18.051,6.017,0.199435,0.272291,0.498647,0.000522,0.996652,0.498326,0.996512,0.498256,0,0,0,0,1,0,0,8192,0,2.57143,3.20713,1,0,0,botnet
1.00012,3,3,0,18,0,0,0,0,6,6,6,0,17.9979,5.9993,0.200023,0.273181,0.499671,0.000426,0.99947,0.499735,0.99969,0.499845,0,0,0,0,1,0,0,8192,0,2.57143,3.20713,1,0,0,botnet
0.997166,3,3,0,18,0,0,0,0,6,6,6,0,18.0512,6.01705,0.199433,0.27229,0.498628,0.000555,0.996611,0.498305,0.99654,0.49827,0,0,0,0,1,0,0,8192,0,2.57143,3.20713,1,0,0,botnet
1.00943,3,3,0,18,0,0,0,0,6,6,6,0,17.8319,5.94396,0.201886,0.275561,0.508778,0.000607,1.0088,0.504402,1.00868,0.504338,0,0,0,0,1,0,0,8192,0,2.57143,3.20713,1,0,0,botnet
1.00171,3,3,0,18,0,0,0,0,6,6,6,0,17.9692,5.98974,0.200343,0.273573,0.500117,0.000533,1.00116,0.500579,1.00114,0.50057,0,0,0,0,1,0,0,8192,0,2.57143,3.20713,1,0,0,botnet
1.02977,3,3,0,18,0,0,0,0,6,6,6,0,17.4796,5.82654,0.205954,0.281114,0.51508,0.000551,1.02897,0.514483,1.02915,0.514575,0,0,0,0,1,0,0,8192,0,2.57143,3.20713,1,0,0,botnet
1.01407,3,3,0,18,0,0,0,0,6,6,6,0,17.7503,5.91676,0.202814,0.276941,0.514825,0.000506,1.01352,0.50676,1.01356,0.506781,0,0,0,0,1,0,0,8192,0,2.57143,3.20713,1,0,0,botnet
0.99739,3,3,0,18,0,0,0,0,6,6,6,0,18.0471,6.0157,0.199478,0.272227,0.498757,0.000421,0.996629,0.498314,0.996556,0.498278,0,0,0,0,1,0,0,8192,0,2.57143,3.20713,1,0,0,botnet
0.996732,3,3,0,18,0,0,0,0,6,6,6,0,18.059,6.01967,0.199346,0.272106,0.4987,0.000506,0.996094,0.498047,0.995987,0.497993,0,0,0,0,1,0,0,8192,0,2.57143,3.20713,1,0,0,botnet
1.02987,3,3,0,18,0,0,0,0,6,6,6,0,17.4779,5.82597,0.205974,0.281314,0.515033,0.000379,1.02949,0.514746,1.02922,0.514611,0,0,0,0,1,0,0,8192,0,2.57143,3.20713,1,0,0,botnet
1.02502,3,3,0,18,0,0,0,0,6,6,6,0,17.5606,5.85354,0.205004,0.280062,0.514305,0.000428,1.02459,0.512296,1.0245,0.51225,0,0,0,0,1,0,0,8192,0,2.57143,3.20713,1,0,0,botnet
1.02954,3,3,0,18,0,0,0,0,6,6,6,0,17.4835,5.82784,0.205908,0.28095,0.514806,0.000574,1.02897,0.514483,1.02875,0.514373,0,0,0,0,1,0,0,8192,0,2.57143,3.20713,1,0,0,botnet
1.00538,3,3,0,18,0,0,0,0,6,6,6,0,17.9036,5.96787,0.201077,0.274532,0.502652,0.000478,1.0046,0.502301,1.00491,0.502453,0,0,0,0,1,0,0,8192,0,2.57143,3.20713,1,0,0,botnet
1.02991,3,3,0,18,0,0,0,0,6,6,6,0,17.4773,5.82577,0.205981,0.281392,0.515195,0.000424,1.02936,0.514682,1.02943,0.514714,0,0,0,0,1,0,0,8192,0,2.57143,3.20713,1,0,0,botnet
1.02928,3,3,0,18,0,0,0,0,6,6,6,0,17.4879,5.82931,0.205856,0.28127,0.515263,0.000346,1.02889,0.514447,1.02867,0.514337,0,0,0,0,1,0,0,8192,0,2.57143,3.20713,1,0,0,botnet
0.997152,3,3,0,18,0,0,0,0,6,6,6,0,18.0514,6.01714,0.19943,0.272417,0.498759,0.000419,0.996636,0.498318,0.996629,0.498314,0,0,0,0,1,0,0,8192,0,2.57143,3.20713,1,0,0,botnet
1.02955,3,3,0,18,0,0,0,0,6,6,6,0,17.4834,5.8278,0.20591,0.281129,0.515155,0.00049,1.02906,0.514529,1.02874,0.514369,0,0,0,0,1,0,0,8192,0,2.57143,3.20713,1,0,0,botnet
1.03275,3,3,0,18,0,0,0,0,6,6,6,0,17.4291,5.8097,0.206551,0.281919,0.518164,0.000616,1.03203,0.516017,1.03208,0.516039,0,0,0,0,1,0,0,8192,0,2.57143,3.20713,1,0,0,botnet
1.02938,3,3,0,18,0,0,0,0,6,6,6,0,17.4862,5.82875,0.205876,0.281299,0.51524,0.000376,1.029,0.514502,1.02883,0.514413,0,0,0,0,1,0,0,8192,0,2.57143,3.20713,1,0,0,botnet
1.01067,3,3,0,18,0,0,0,0,6,6,6,0,17.8099,5.93663,0.202135,0.276038,0.508961,0.000456,1.01022,0.505109,1.01,0.505001,0,0,0,0,1,0,0,8192,0,2.57143,3.20713,1,0,0,botnet
0.9931,3,3,0,18,0,0,0,0,6,6,6,0,18.1251,6.04169,0.19862,0.27108,0.499563,0.00047,0.992287,0.496143,0.992398,0.496199,0,0,0,0,1,0,0,8192,0,2.57143,3.20713,1,0,0,botnet
1.0107,3,3,0,18,0,0,0,0,6,6,6,0,17.8094,5.93646,0.202141,0.27603,0.506381,0.000518,1.01019,0.505093,1.01009,0.505043,0,0,0,0,1,0,0,8192,0,2.57143,3.20713,1,0,0,botnet
1.00432,3,3,0,18,0,0,0,0,6,6,6,0,17.9225,5.97416,0.200865,0.274407,0.504059,0.000406,1.00382,0.50191,1.00382,0.501912,0,0,0,0,1,0,0,8192,0,2.57143,3.20713,1,0,0,botnet
1.06066,3,3,0,18,0,0,0,0,6,6,6,0,16.9705,5.65684,0.212133,0.289676,0.53049,0.000414,1.06025,0.530124,1.06008,0.530038,0,0,0,0,1,0,0,8192,0,2.57143,3.20713,1,0,0,botnet
1.00571,3,3,0,18,0,0,0,0,6,6,6,0,17.8977,5.96591,0.201143,0.274602,0.504401,0.000528,1.00519,0.502593,1.00499,0.502497,0,0,0,0,1,0,0,8192,0,2.57143,3.20713,1,0,0,botnet
1.02097,3,3,0,18,0,0,0,0,6,6,6,0,17.6303,5.87675,0.204194,0.278787,0.51253,0.0005,1.02046,0.51023,1.02047,0.510236,0,0,0,0,1,0,0,8192,0,2.57143,3.20713,1,0,0,botnet
1.00306,3,3,0,18,0,0,0,0,6,6,6,0,17.9452,5.98173,0.200611,0.273888,0.507973,0.00057,1.00232,0.501161,1.00248,0.501238,0,0,0,0,1,0,0,8192,0,2.57143,3.20713,1,0,0,botnet
1.00138,3,3,0,18,0,0,0,0,6,6,6,0,17.9751,5.9917,0.200277,0.273436,0.500056,0.000388,1.001,0.500498,1.0006,0.500299,0,0,0,0,1,0,0,8192,0,2.57143,3.20713,1,0,0,botnet
1.04498,3,3,0,18,0,0,0,0,6,6,6,0,17.2252,5.74174,0.208996,0.285348,0.530777,0.000408,1.04457,0.522285,1.04386,0.521932,0,0,0,0,1,0,0,8192,0,2.57143,3.20713,1,0,0,botnet
1.02972,3,3,0,18,0,0,0,0,6,6,6,0,17.4805,5.82684,0.205944,0.281039,0.51519,0.000453,1.02897,0.514485,1.02881,0.514405,0,0,0,0,1,0,0,8192,0,2.57143,3.20713,1,0,0,botnet
0.996412,3,3,0,18,0,0,0,0,6,6,6,0,18.0648,6.02161,0.199282,0.272016,0.498591,0.000381,0.996031,0.498015,0.995511,0.497755,0,0,0,0,1,0,0,8192,0,2.57143,3.20713,1,0,0,botnet
0.997034,3,3,0,18,0,0,0,0,6,6,6,0,18.0535,6.01785,0.199407,0.272145,0.49945,0.000581,0.996269,0.498134,0.996393,0.498196,0,0,0,0,1,0,0,8192,0,2.57143,3.20713,1,0,0,botnet
1.00116,3,3,0,18,0,0,0,0,6,6,6,0,17.9792,5.99305,0.200232,0.273555,0.500139,0.000369,1.00079,0.500395,1.00053,0.500267,0,0,0,0,1,0,0,8192,0,2.57143,3.20713,1,0,0,botnet
1.02952,3,3,0,18,0,0,0,0,6,6,6,0,17.4838,5.82794,0.205905,0.281218,0.515106,0.000501,1.02899,0.514497,1.02895,0.514477,0,0,0,0,1,0,0,8192,0,2.57143,3.20713,1,0,0,botnet
1.01383,3,3,0,18,0,0,0,0,6,6,6,0,17.7545,5.91817,0.202765,0.276908,0.512666,0.000489,1.01334,0.506669,1.01314,0.506572,0,0,0,0,1,0,0,8192,0,2.57143,3.20713,1,0,0,botnet
1.02501,3,3,0,18,0,0,0,0,6,6,6,0,17.5607,5.85358,0.205003,0.279945,0.514366,0.000442,1.02455,0.512276,1.02422,0.512111,0,0,0,0,1,0,0,8192,0,2.57143,3.20713,1,0,0,botnet
1.00255,3,3,0,18,0,0,0,0,6,6,6,0,17.9542,5.98474,0.20051,0.273515,0.500349,0.000668,1.00175,0.500876,1.00173,0.500864,0,0,0,0,1,0,0,8192,0,2.57143,3.20713,1,0,0,botnet
0.99708,3,3,0,18,0,0,0,0,6,6,6,0,18.0527,6.01757,0.199416,0.272338,0.498623,0.000438,0.996501,0.49825,0.996642,0.498321,0,0,0,0,1,0,0,8192,0,2.57143,3.20713,1,0,0,botnet
1.02444,3,3,0,18,0,0,0,0,6,6,6,0,17.5706,5.85685,0.204888,0.279872,0.514285,0.000412,1.02403,0.512014,1.02382,0.511911,0,0,0,0,1,0,0,8192,0,2.57143,3.20713,1,0,0,botnet
1.02949,3,3,0,18,0,0,0,0,6,6,6,0,17.4845,5.82815,0.205897,0.281034,0.515121,0.000522,1.02896,0.514482,1.02856,0.514278,0,0,0,0,1,0,0,8192,0,2.57143,3.20713,1,0,0,botnet
1.00898,3,3,0,18,0,0,0,0,6,6,6,0,17.8399,5.94662,0.201795,0.275631,0.50723,0.000458,1.00851,0.504253,1.00837,0.504186,0,0,0,0,1,0,0,8192,0,2.57143,3.20713,1,0,0,botnet
0.997658,3,3,0,18,0,0,0,0,6,6,6,0,18.0423,6.01408,0.199532,0.272714,0.500657,0.000359,0.997299,0.498649,0.99727,0.498635,0,0,0,0,1,0,0,8192,0,2.57143,3.20713,1,0,0,botnet
1.00151,3,3,0,18,0,0,0,0,6,6,6,0,17.9728,5.99094,0.200302,0.273393,0.503235,0.000561,1.00069,0.500343,1.00095,0.500475,0,0,0,0,1,0,0,8192,0,2.57143,3.20713,1,0,0,botnet
0.997057,3,3,0,18,0,0,0,0,6,6,6,0,18.0531,6.01771,0.199411,0.272449,0.498692,0.000374,0.996642,0.498321,0.996683,0.498341,0,0,0,0,1,0,0,8192,0,2.57143,3.20713,1,0,0,botnet
1.02961,3,3,0,18,0,0,0,0,6,6,6,0,17.4823,5.82743,0.205923,0.280995,0.51499,0.000621,1.02899,0.514497,1.02874,0.514369,0,0,0,0,1,0,0,8192,0,2.57143,3.20713,1,0,0,botnet
0.998068,3,3,0,18,0,0,0,0,6,6,6,0,18.0348,6.01161,0.199614,0.272474,0.499497,0.000531,0.997255,0.498628,0.997528,0.498764,0,0,0,0,1,0,0,8192,0,2.57143,3.20713,1,0,0,botnet
0.999875,3,3,0,18,0,0,0,0,6,6,6,0,18.0023,6.00075,0.199975,0.273148,0.499554,0.000424,0.999451,0.499725,0.999291,0.499645,0,0,0,0,1,0,0,8192,0,2.57143,3.20713,1,0,0,botnet
0.994657,3,3,0,18,0,0,0,0,6,6,6,0,18.0967,6.03223,0.198931,0.271681,0.4996,0.00043,0.994097,0.497049,0.994058,0.497029,0,0,0,0,1,0,0,8192,0,2.57143,3.20713,1,0,0,botnet
1.01441,3,3,0,18,0,0,0,0,6,6,6,0,17.7443,5.91478,0.202882,0.276992,0.507997,0.000509,1.0139,0.506949,1.01372,0.506859,0,0,0,0,1,0,0,8192,0,2.57143,3.20713,1,0,0,botnet
1.00153,3,3,0,18,0,0,0,0,6,6,6,0,17.9724,5.99081,0.200307,0.273555,0.500194,0.000447,1.001,0.500499,1.00092,0.500462,0,0,0,0,1,0,0,8192,0,2.57143,3.20713,1,0,0,botnet
0.9971,3,3,0,18,0,0,0,0,6,6,6,0,18.0524,6.01745,0.19942,0.27237,0.49872,0.000463,0.996627,0.498313,0.996506,0.498253,0,0,0,0,1,0,0,8192,0,2.57143,3.20713,1,0,0,botnet
1.025,3,3,0,18,0,0,0,0,6,6,6,0,17.561,5.85366,0.205,0.280192,0.514383,0.00037,1.02462,0.512311,1.02461,0.512303,0,0,0,0,1,0,0,8192,0,2.57143,3.20713,1,0,0,botnet
1.00201,3,3,0,18,0,0,0,0,6,6,6,0,17.9638,5.98793,0.200403,0.273528,0.500392,0.00054,1.00147,0.500737,1.00122,0.500609,0,0,0,0,1,0,0,8192,0,2.57143,3.20713,1,0,0,botnet
1.0608,3,3,0,18,0,0,0,0,6,6,6,0,16.9683,5.65609,0.212161,0.289691,0.530815,0.000431,1.06024,0.530122,1.05999,0.529994,0,0,0,0,1,0,0,8192,0,2.57143,3.20713,1,0,0,botnet
1.02572,3,3,0,18,0,0,0,0,6,6,6,0,17.5487,5.84957,0.205143,0.280217,0.525529,0.000567,1.02515,0.512574,1.02513,0.512563,0,0,0,0,1,0,0,8192,0,2.57143,3.20713,1,0,0,botnet
0.99718,3,3,0,18,0,0,0,0,6,6,6,0,18.0509,6.01697,0.199436,0.27246,0.498805,0.000389,0.996666,0.498333,0.996703,0.498352,0,0,0,0,1,0,0,8192,0,2.57143,3.20713,1,0,0,botnet
1.0273,3,3,0,18,0,0,0,0,6,6,6,0,17.5217,5.84056,0.20546,0.280651,0.513745,0.000355,1.02694,0.513471,1.02678,0.513389,0,0,0,0,1,0,0,8192,0,2.57143,3.20713,1,0,0,botnet
1.04509,3,3,0,18,0,0,0,0,6,6,6,0,17.2234,5.74113,0.209018,0.285418,0.528213,0.000532,1.04456,0.522279,1.04438,0.522189,0,0,0,0,1,0,0,8192,0,2.57143,3.20713,1,0,0,botnet
0.996589,3,3,0,18,0,0,0,0,6,6,6,0,18.0616,6.02054,0.199318,0.272146,0.498619,0.000489,0.9961,0.49805,0.995941,0.49797,0,0,0,0,1,0,0,8192,0,2.57143,3.20713,1,0,0,botnet
0.998797,3,3,0,18,0,0,0,0,6,6,6,0,18.0217,6.00723,0.199759,0.27272,0.499538,0.000477,0.998133,0.499066,0.998158,0.499079,0,0,0,0,1,0,0,8192,0,2.57143,3.20713,1,0,0,botnet
1.02463,3,3,0,18,0,0,0,0,6,6,6,0,17.5674,5.8558,0.204925,0.279746,0.514179,0.000594,1.02398,0.511991,1.02397,0.511983,0,0,0,0,1,0,0,8192,0,2.57143,3.20713,1,0,0,botnet
0.991947,3,3,0,18,0,0,0,0,6,6,6,0,18.1461,6.04871,0.198389,0.270744,0.499201,0.000588,0.991297,0.495648,0.991359,0.495679,0,0,0,0,1,0,0,8192,0,2.57143,3.20713,1,0,0,botnet
1.00311,3,3,0,18,0,0,0,0,6,6,6,0,17.9443,5.98142,0.200621,0.273966,0.501422,0.000477,1.00255,0.501274,1.0025,0.501252,0,0,0,0,1,0,0,8192,0,2.57143,3.20713,1,0,0,botnet
1.0207,3,3,0,18,0,0,0,0,6,6,6,0,17.635,5.87834,0.204139,0.278905,0.513548,0.00041,1.02021,0.510104,1.02029,0.510143,0,0,0,0,1,0,0,8192,0,2.57143,3.20713,1,0,0,botnet
1.02936,3,3,0,18,0,0,0,0,6,6,6,0,17.4865,5.82885,0.205873,0.281118,0.515136,0.000512,1.02879,0.514393,1.02873,0.514364,0,0,0,0,1,0,0,8192,0,2.57143,3.20713,1,0,0,botnet
1.02934,3,3,0,18,0,0,0,0,6,6,6,0,17.487,5.82898,0.205868,0.28122,0.51511,0.000399,1.02894,0.51447,1.02875,0.514377,0,0,0,0,1,0,0,8192,0,2.57143,3.20713,1,0,0,botnet
0.992615,3,3,0,18,0,0,0,0,6,6,6,0,18.1339,6.04464,0.198523,0.271182,0.49929,0.000354,0.992261,0.49613,0.99223,0.496115,0,0,0,0,1,0,0,8192,0,2.57143,3.20713,1,0,0,botnet
1.00109,3,3,0,18,0,0,0,0,6,6,6,0,17.9804,5.99348,0.200218,0.273476,0.499914,0.000356,1.00057,0.500286,1.00046,0.500231,0,0,0,0,1,0,0,8192,0,2.57143,3.20713,1,0,0,botnet
1.04525,3,3,0,18,0,0,0,0,6,6,6,0,17.2207,5.74023,0.209051,0.285484,0.528223,0.000379,1.04462,0.522309,1.0445,0.52225,0,0,0,0,1,0,0,8192,0,2.57143,3.20713,1,0,0,botnet
1.00156,3,3,0,18,0,0,0,0,6,6,6,0,17.972,5.99067,0.200311,0.273162,0.499576,0.000438,1.00073,0.500367,1.00035,0.500176,0,0,0,0,1,0,0,8192,0,2.57143,3.20713,1,0,0,botnet
1.02945,3,3,0,18,0,0,0,0,6,6,6,0,17.4851,5.82835,0.20589,0.281079,0.515074,0.000476,1.02897,0.514487,1.02863,0.514315,0,0,0,0,1,0,0,8192,0,2.57143,3.20713,1,0,0,botnet
1.01541,3,3,0,18,0,0,0,0,6,6,6,0,17.7267,5.90891,0.203083,0.277299,0.513494,0.000566,1.01485,0.507424,1.01476,0.507381,0,0,0,0,1,0,0,8192,0,2.57143,3.20713,1,0,0,botnet
1.02185,3,3,0,18,0,0,0,0,6,6,6,0,17.6152,5.87173,0.204369,0.279114,0.51295,0.000424,1.02126,0.51063,1.02142,0.510711,0,0,0,0,1,0,0,8192,0,2.57143,3.20713,1,0,0,botnet
1.02938,3,3,0,18,0,0,0,0,6,6,6,0,17.4863,5.82876,0.205876,0.281155,0.51517,0.000428,1.02895,0.514475,1.02862,0.514308,0,0,0,0,1,0,0,8192,0,2.57143,3.20713,1,0,0,botnet
1.04523,3,3,0,18,0,0,0,0,6,6,6,0,17.2211,5.74035,0.209046,0.285559,0.530778,0.000481,1.04461,0.522303,1.04467,0.522337,0,0,0,0,1,0,0,8192,0,2.57143,3.20713,1,0,0,botnet
1.01394,3,3,0,18,0,0,0,0,6,6,6,0,17.7525,5.9175,0.202788,0.276828,0.51245,0.000442,1.01336,0.506678,1.01302,0.50651,0,0,0,0,1,0,0,8192,0,2.57143,3.20713,1,0,0,botnet
1.02941,3,3,0,18,0,0,0,0,6,6,6,0,17.4858,5.82859,0.205882,0.281023,0.515022,0.000559,1.02885,0.514424,1.02862,0.514309,0,0,0,0,1,0,0,8192,0,2.57143,3.20713,1,0,0,botnet
1.00248,3,3,0,18,0,0,0,0,6,6,6,0,17.9554,5.98513,0.200497,0.273723,0.500423,0.000483,1.002,0.501001,1.00191,0.500956,0,0,0,0,1,0,0,8192,0,2.57143,3.20713,1,0,0,botnet
0.997742,3,3,0,18,0,0,0,0,6,6,6,0,18.0407,6.01358,0.199548,0.27255,0.499531,0.000445,0.997287,0.498643,0.99712,0.49856,0,0,0,0,1,0,0,8192,0,2.57143,3.20713,1,0,0,botnet
1.02956,3,3,0,18,0,0,0,0,6,6,6,0,17.4832,5.82772,0.205912,0.281108,0.515109,0.000522,1.02897,0.514485,1.02881,0.514406,0,0,0,0,1,0,0,8192,0,2.57143,3.20713,1,0,0,botnet
1.00225,3,3,0,18,0,0,0,0,6,6,6,0,17.9595,5.98651,0.200451,0.273507,0.50041,0.000557,1.0017,0.500849,1.00128,0.500639,0,0,0,0,1,0,0,8192,0,2.57143,3.20713,1,0,0,botnet
1.02038,3,3,0,18,0,0,0,0,6,6,6,0,17.6406,5.88019,0.204075,0.278705,0.51201,0.000522,1.01982,0.509912,1.01982,0.509911,0,0,0,0,1,0,0,8192,0,2.57143,3.20713,1,0,0,botnet
1.02926,3,3,0,18,0,0,0,0,6,6,6,0,17.4882,5.82941,0.205853,0.281263,0.515095,0.00033,1.02893,0.514466,1.02878,0.514389,0,0,0,0,1,0,0,8192,0,2.57143,3.20713,1,0,0,botnet
1.02024,3,3,0,18,0,0,0,0,6,6,6,0,17.643,5.88099,0.204047,0.278692,0.510062,0.00049,1.01975,0.509873,1.01968,0.509838,0,0,0,0,1,0,0,8192,0,2.57143,3.20713,1,0,0,botnet
1.04517,3,3,0,18,0,0,0,0,6,6,6,0,17.2221,5.7407,0.209034,0.285233,0.528055,0.000575,1.04459,0.522297,1.04426,0.522132,0,0,0,0,1,0,0,8192,0,2.57143,3.20713,1,0,0,botnet
1.01763,3,3,0,18,0,0,0,0,6,6,6,0,17.6882,5.89608,0.203525,0.277927,0.510099,0.000351,1.01689,0.508447,1.01703,0.508517,0,0,0,0,1,0,0,8192,0,2.57143,3.20713,1,0,0,botnet
0.999637,3,3,0,18,0,0,0,0,6,6,6,0,18.0065,6.00218,0.199927,0.273051,0.499623,0.000388,0.999249,0.499624,0.998867,0.499433,0,0,0,0,1,0,0,8192,0,2.57143,3.20713,1,0,0,botnet
1.02937,3,3,0,18,0,0,0,0,6,6,6,0,17.4864,5.82881,0.205874,0.281205,0.515165,0.000393,1.02898,0.514488,1.02867,0.514335,0,0,0,0,1,0,0,8192,0,2.57143,3.20713,1,0,0,botnet
0.997048,3,3,0,18,0,0,0,0,6,6,6,0,18.0533,6.01776,0.19941,0.272407,0.498633,0.000364,0.996684,0.498342,0.996558,0.498279,0,0,0,0,1,0,0,8192,0,2.57143,3.20713,1,0,0,botnet
1.00905,3,3,0,18,0,0,0,0,6,6,6,0,17.8385,5.94618,0.20181,0.275651,0.508818,0.000479,1.0085,0.50425,1.00857,0.504286,0,0,0,0,1,0,0,8192,0,2.57143,3.20713,1,0,0,botnet
1.00232,3,3,0,18,0,0,0,0,6,6,6,0,17.9583,5.98609,0.200465,0.273629,0.500255,0.000552,1.00177,0.500886,1.00175,0.500876,0,0,0,0,1,0,0,8192,0,2.57143,3.20713,1,0,0,botnet
1.00147,3,3,0,18,0,0,0,0,6,6,6,0,17.9735,5.99117,0.200295,0.273614,0.500099,0.000388,1.00109,0.500543,1.00093,0.500467,0,0,0,0,1,0,0,8192,0,2.57143,3.20713,1,0,0,botnet
1.02973,3,3,0,18,0,0,0,0,6,6,6,0,17.4803,5.82676,0.205946,0.281191,0.515161,0.00047,1.02895,0.514474,1.0292,0.5146,0,0,0,0,1,0,0,8192,0,2.57143,3.20713,1,0,0,botnet
1.02938,3,3,0,18,0,0,0,0,6,6,6,0,17.4862,5.82873,0.205877,0.281229,0.514557,0.000389,1.02897,0.514485,1.0287,0.51435,0,0,0,0,1,0,0,8192,0,2.57143,3.20713,1,0,0,botnet
1.00121,3,3,0,18,0,0,0,0,6,6,6,0,17.9783,5.99276,0.200242,0.273435,0.500151,0.000433,1.00077,0.500387,1.00064,0.500319,0,0,0,0,1,0,0,8192,0,2.57143,3.20713,1,0,0,botnet
1.00367,3,3,0,18,0,0,0,0,6,6,6,0,17.9342,5.97805,0.200734,0.274028,0.501207,0.000524,1.00315,0.501573,1.00315,0.501574,0,0,0,0,1,0,0,8192,0,2.57143,3.20713,1,0,0,botnet
1.02943,3,3,0,18,0,0,0,0,6,6,6,0,17.4854,5.82848,0.205886,0.281268,0.515202,0.000431,1.02897,0.514484,1.02889,0.514443,0,0,0,0,1,0,0,8192,0,2.57143,3.20713,1,0,0,botnet
0.998684,3,3,0,18,0,0,0,0,6,6,6,0,18.0237,6.00791,0.199737,0.272858,0.499519,0.000407,0.998277,0.499138,0.998198,0.499099,0,0,0,0,1,0,0,8192,0,2.57143,3.20713,1,0,0,botnet
1.00303,3,3,0,18,0,0,0,0,6,6,6,0,17.9457,5.98189,0.200605,0.273977,0.506153,0.000409,1.00243,0.501215,1.00241,0.501206,0,0,0,0,1,0,0,8192,0,2.57143,3.20713,1,0,0,botnet
0.99709,3,3,0,18,0,0,0,0,6,6,6,0,18.0525,6.01751,0.199418,0.272516,0.49882,0.000355,0.9966,0.4983,0.996732,0.498366,0,0,0,0,1,0,0,8192,0,2.57143,3.20713,1,0,0,botnet
0.99727,3,3,0,18,0,0,0,0,6,6,6,0,18.0493,6.01642,0.199454,0.272382,0.498825,0.000377,0.996674,0.498337,0.996637,0.498318,0,0,0,0,1,0,0,8192,0,2.57143,3.20713,1,0,0,botnet
1.0004,3,3,0,18,0,0,0,0,6,6,6,0,17.9929,5.99762,0.200079,0.272975,0.499299,0.000718,0.999679,0.499839,0.999658,0.499829,0,0,0,0,1,0,0,8192,0,2.57143,3.20713,1,0,0,botnet
0.99383,3,3,0,18,0,0,0,0,6,6,6,0,18.1117,6.03725,0.198766,0.271424,0.497092,0.000535,0.993289,0.496644,0.993267,0.496633,0,0,0,0,1,0,0,8192,0,2.57143,3.20713,1,0,0,botnet
0.997175,3,3,0,18,0,0,0,0,6,6,6,0,18.051,6.017,0.199435,0.272455,0.498796,0.000406,0.996676,0.498338,0.996692,0.498346,0,0,0,0,1,0,0,8192,0,2.57143,3.20713,1,0,0,botnet
1.06059,3,3,0,18,0,0,0,0,6,6,6,0,16.9717,5.65722,0.212118,0.289354,0.530635,0.000386,1.0602,0.530102,1.05919,0.529594,0,0,0,0,1,0,0,8192,0,2.57143,3.20713,1,0,0,botnet
0.997158,3,3,0,18,0,0,0,0,6,6,6,0,18.0513,6.0171,0.199432,0.272378,0.498648,0.000457,0.996569,0.498284,0.996701,0.49835,0,0,0,0,1,0,0,8192,0,2.57143,3.20713,1,0,0,botnet
1.02948,3,3,0,18,0,0,0,0,6,6,6,0,17.4846,5.8282,0.205895,0.281253,0.515083,0.000467,1.02896,0.514479,1.02901,0.514505,0,0,0,0,1,0,0,8192,0,2.57143,3.20713,1,0,0,botnet
1.00488,3,3,0,18,0,0,0,0,6,6,6,0,17.9126,5.97087,0.200976,0.274513,0.505163,0.000433,1.00445,0.502223,1.00426,0.502128,0,0,0,0,1,0,0,8192,0,2.57143,3.20713,1,0,0,botnet
1.02447,3,3,0,18,0,0,0,0,6,6,6,0,17.5701,5.85669,0.204894,0.279838,0.514174,0.000493,1.02398,0.511988,1.02397,0.511986,0,0,0,0,1,0,0,8192,0,2.57143,3.20713,1,0,0,botnet
1.00234,3,3,0,18,0,0,0,0,6,6,6,0,17.958,5.98599,0.200468,0.273504,0.500253,0.00058,1.00176,0.50088,1.00154,0.500771,0,0,0,0,1,0,0,8192,0,2.57143,3.20713,1,0,0,botnet
0.997236,3,3,0,18,0,0,0,0,6,6,6,0,18.0499,6.01663,0.199447,0.272442,0.498751,0.000444,0.996674,0.498337,0.99679,0.498395,0,0,0,0,1,0,0,8192,0,2.57143,3.20713,1,0,0,botnet
1.02013,3,3,0,18,0,0,0,0,6,6,6,0,17.6448,5.88161,0.204026,0.278693,0.512016,0.000468,1.01965,0.509827,1.01956,0.509782,0,0,0,0,1,0,0,8192,0,2.57143,3.20713,1,0,0,botnet
1.02469,3,3,0,18,0,0,0,0,6,6,6,0,17.5663,5.85543,0.204938,0.279787,0.514134,0.000487,1.02399,0.511995,1.0242,0.512101,0,0,0,0,1,0,0,8192,0,2.57143,3.20713,1,0,0,botnet
1.03019,3,3,0,18,0,0,0,0,6,6,6,0,17.4725,5.82416,0.206038,0.281393,0.51532,0.000437,1.02958,0.514788,1.02963,0.514814,0,0,0,0,1,0,0,8192,0,2.57143,3.20713,1,0,0,botnet
1.0115,3,3,0,18,0,0,0,0,6,6,6,0,17.7953,5.93177,0.2023,0.276201,0.51328,0.000578,1.01075,0.505374,1.01092,0.505462,0,0,0,0,1,0,0,8192,0,2.57143,3.20713,1,0,0,botnet
1.02433,3,3,0,18,0,0,0,0,6,6,6,0,17.5725,5.85751,0.204865,0.279768,0.514222,0.000468,1.02372,0.511861,1.02386,0.511929,0,0,0,0,1,0,0,8192,0,2.57143,3.20713,1,0,0,botnet
1.01422,3,3,0,18,0,0,0,0,6,6,6,0,17.7476,5.91586,0.202845,0.277044,0.512968,0.000408,1.01361,0.506806,1.01359,0.506796,0,0,0,0,1,0,0,8192,0,2.57143,3.20713,1,0,0,botnet
0.997255,3,3,0,18,0,0,0,0,6,6,6,0,18.0495,6.01652,0.199451,0.272332,0.498644,0.000516,0.996625,0.498312,0.996739,0.498369,0,0,0,0,1,0,0,8192,0,2.57143,3.20713,1,0,0,botnet
1.04509,3,3,0,18,0,0,0,0,6,6,6,0,17.2234,5.74115,0.209017,0.285524,0.528391,0.000481,1.04461,0.522303,1.04448,0.52224,0,0,0,0,1,0,0,8192,0,2.57143,3.20713,1,0,0,botnet
0.993749,3,3,0,18,0,0,0,0,6,6,6,0,18.1132,6.03774,0.19875,0.271292,0.499233,0.000481,0.993268,0.496634,0.993114,0.496557,0,0,0,0,1,0,0,8192,0,2.57143,3.20713,1,0,0,botnet
1.0022,3,3,0,18,0,0,0,0,6,6,6,0,17.9604,5.98681,0.200441,0.273646,0.500347,0.000511,1.00147,0.500733,1.00169,0.500846,0,0,0,0,1,0,0,8192,0,2.57143,3.20713,1,0,0,botnet
1.01886,3,3,0,18,0,0,0,0,6,6,6,0,17.6669,5.88896,0.203771,0.278338,0.515166,0.000465,1.01836,0.509181,1.01839,0.509196,0,0,0,0,1,0,0,8192,0,2.57143,3.20713,1,0,0,botnet
1.02986,3,3,0,18,0,0,0,0,6,6,6,0,17.478,5.82601,0.205973,0.281404,0.515235,0.000389,1.02944,0.514722,1.02928,0.514638,0,0,0,0,1,0,0,8192,0,2.57143,3.20713,1,0,0,botnet
1.04531,3,3,0,18,0,0,0,0,6,6,6,0,17.2197,5.7399,0.209063,0.285442,0.530586,0.000624,1.04462,0.522311,1.04466,0.522331,0,0,0,0,1,0,0,8192,0,2.57143,3.20713,1,0,0,botnet
0.997272,3,3,0,18,0,0,0,0,6,6,6,0,18.0492,6.01641,0.199454,0.272339,0.498736,0.000456,0.996643,0.498321,0.996656,0.498328,0,0,0,0,1,0,0,8192,0,2.57143,3.20713,1,0,0,botnet
0.997356,3,3,0,18,0,0,0,0,6,6,6,0,18.0477,6.01591,0.199471,0.272199,0.498503,0.000614,0.996609,0.498304,0.996742,0.498371,0,0,0,0,1,0,0,8192,0,2.57143,3.20713,1,0,0,botnet
1.0171,3,3,0,18,0,0,0,0,6,6,6,0,17.6974,5.89914,0.203419,0.277637,0.512699,0.000468,1.01663,0.508315,1.0163,0.50815,0,0,0,0,1,0,0,8192,0,2.57143,3.20713,1,0,0,botnet
1.02954,3,3,0,18,0,0,0,0,6,6,6,0,17.4836,5.82786,0.205907,0.281091,0.515136,0.00051,1.02896,0.514481,1.02874,0.514368,0,0,0,0,1,0,0,8192,0,2.57143,3.20713,1,0,0,botnet
1.0295,3,3,0,18,0,0,0,0,6,6,6,0,17.4843,5.82809,0.205899,0.281055,0.515112,0.000514,1.02898,0.514491,1.02861,0.514307,0,0,0,0,1,0,0,8192,0,2.57143,3.20713,1,0,0,botnet
1.02932,3,3,0,18,0,0,0,0,6,6,6,0,17.4873,5.8291,0.205864,0.280913,0.515065,0.00056,1.0287,0.51435,1.02835,0.514176,0,0,0,0,1,0,0,8192,0,2.57143,3.20713,1,0,0,botnet
1.01518,3,3,0,18,0,0,0,0,6,6,6,0,17.7308,5.91027,0.203036,0.277433,0.513391,0.000416,1.01477,0.507383,1.01476,0.507382,0,0,0,0,1,0,0,8192,0,2.57143,3.20713,1,0,0,botnet
1.06085,3,3,0,18,0,0,0,0,6,6,6,0,16.9676,5.65585,0.21217,0.289766,0.530822,0.00042,1.06025,0.530127,1.0602,0.530098,0,0,0,0,1,0,0,8192,0,2.57143,3.20713,1,0,0,botnet
0.994727,3,3,0,18,0,0,0,0,6,6,6,0,18.0954,6.03181,0.198945,0.271746,0.499619,0.000404,0.994291,0.497145,0.994079,0.497039,0,0,0,0,1,0,0,8192,0,2.57143,3.20713,1,0,0,botnet
1.02835,3,3,0,18,0,0,0,0,6,6,6,0,17.5037,5.83457,0.205671,0.2809,0.51422,0.000475,1.02782,0.51391,1.02788,0.513939,0,0,0,0,1,0,0,8192,0,2.57143,3.20713,1,0,0,botnet
1.03028,3,3,0,18,0,0,0,0,6,6,6,0,17.471,5.82365,0.206056,0.281388,0.515381,0.000534,1.02974,0.514868,1.02968,0.51484,0,0,0,0,1,0,0,8192,0,2.57143,3.20713,1,0,0,botnet
1.01411,3,3,0,18,0,0,0,0,6,6,6,0,17.7495,5.91651,0.202822,0.277034,0.506409,0.000408,1.0137,0.506852,1.01351,0.506756,0,0,0,0,1,0,0,8192,0,2.57143,3.20713,1,0,0,botnet
1.00149,3,3,0,18,0,0,0,0,6,6,6,0,17.9733,5.99109,0.200298,0.273481,0.500061,0.000447,1.00104,0.50052,1.00086,0.500428,0,0,0,0,1,0,0,8192,0,2.57143,3.20713,1,0,0,botnet
1.0136,3,3,0,18,0,0,0,0,6,6,6,0,17.7584,5.91948,0.202721,0.276894,0.512458,0.000508,1.01302,0.506512,1.01309,0.506544,0,0,0,0,1,0,0,8192,0,2.57143,3.20713,1,0,0,botnet
1.0043,3,3,0,18,0,0,0,0,6,6,6,0,17.9229,5.97429,0.200861,0.274348,0.501658,0.000375,1.00378,0.501891,1.00368,0.501841,0,0,0,0,1,0,0,8192,0,2.57143,3.20713,1,0,0,botnet
0.996686,3,3,0,18,0,0,0,0,6,6,6,0,18.0599,6.01995,0.199337,0.272274,0.499667,0.000423,0.996199,0.498099,0.996098,0.498049,0,0,0,0,1,0,0,8192,0,2.57143,3.20713,1,0,0,botnet
0.997309,3,3,0,18,0,0,0,0,6,6,6,0,18.0486,6.01619,0.199462,0.272378,0.498684,0.000448,0.996637,0.498318,0.996861,0.49843,0,0,0,0,1,0,0,8192,0,2.57143,3.20713,1,0,0,botnet
0.992727,3,3,0,18,0,0,0,0,6,6,6,0,18.1319,6.04396,0.198545,0.271142,0.499486,0.000478,0.992249,0.496124,0.99212,0.49606,0,0,0,0,1,0,0,8192,0,2.57143,3.20713,1,0,0,botnet
1.02001,3,3,0,18,0,0,0,0,6,6,6,0,17.6468,5.88227,0.204003,0.278401,0.509295,0.000578,1.01926,0.509632,1.01944,0.509718,0,0,0,0,1,0,0,8192,0,2.57143,3.20713,1,0,0,botnet
1.00338,3,3,0,18,0,0,0,0,6,6,6,0,17.9394,5.97979,0.200676,0.274079,0.501607,0.000421,1.00296,0.501479,1.00272,0.501362,0,0,0,0,1,0,0,8192,0,2.57143,3.20713,1,0,0,botnet
0.997269,3,3,0,18,0,0,0,0,6,6,6,0,18.0493,6.01643,0.199454,0.272467,0.498915,0.000388,0.996748,0.498374,0.996759,0.498379,0,0,0,0,1,0,0,8192,0,2.57143,3.20713,1,0,0,botnet
0.997151,3,3,0,18,0,0,0,0,6,6,6,0,18.0514,6.01714,0.19943,0.272382,0.498603,0.000431,0.996647,0.498323,0.99672,0.49836,0,0,0,0,1,0,0,8192,0,2.57143,3.20713,1,0,0,botnet
0.999718,3,3,0,18,0,0,0,0,6,6,6,0,18.0051,6.00169,0.199944,0.27309,0.499565,0.000471,0.999239,0.499619,0.999146,0.499573,0,0,0,0,1,0,0,8192,0,2.57143,3.20713,1,0,0,botnet
0.993752,3,3,0,18,0,0,0,0,6,6,6,0,18.1132,6.03772,0.19875,0.271492,0.499519,0.000399,0.993353,0.496676,0.993192,0.496596,0,0,0,0,1,0,0,8192,0,2.57143,3.20713,1,0,0,botnet
1.02933,3,3,0,18,0,0,0,0,6,6,6,0,17.4872,5.82906,0.205865,0.281199,0.515028,0.000347,1.02898,0.514489,1.02874,0.514371,0,0,0,0,1,0,0,8192,0,2.57143,3.20713,1,0,0,botnet
0.999756,3,3,0,18,0,0,0,0,6,6,6,0,18.0044,6.00146,0.199951,0.273162,0.500594,0.000403,0.999234,0.499617,0.999292,0.499646,0,0,0,0,1,0,0,8192,0,2.57143,3.20713,1,0,0,botnet
0.997157,3,3,0,18,0,0,0,0,6,6,6,0,18.0513,6.01711,0.199431,0.272407,0.498682,0.000462,0.996666,0.498333,0.996695,0.498347,0,0,0,0,1,0,0,8192,0,2.57143,3.20713,1,0,0,botnet
1.00189,3,3,0,18,0,0,0,0,6,6,6,0,17.966,5.98866,0.200379,0.273713,0.500876,0.000335,1.00156,0.500779,1.00124,0.500618,0,0,0,0,1,0,0,8192,0,2.57143,3.20713,1,0,0,botnet
1.02934,3,3,0,18,0,0,0,0,6,6,6,0,17.4869,5.82896,0.205869,0.281026,0.515194,0.000433,1.02878,0.514392,1.02842,0.514211,0,0,0,0,1,0,0,8192,0,2.57143,3.20713,1,0,0,botnet
1.01574,3,3,0,18,0,0,0,0,6,6,6,0,17.7211,5.90703,0.203148,0.27747,0.513283,0.000393,1.01535,0.507673,1.01507,0.507533,0,0,0,0,1,0,0,8192,0,2.57143,3.20713,1,0,0,botnet
1.0069,3,3,0,18,0,0,0,0,6,6,6,0,17.8766,5.95886,0.201381,0.275083,0.505843,0.000383,1.00627,0.503134,1.00652,0.50326,0,0,0,0,1,0,0,8192,0,2.57143,3.20713,1,0,0,botnet
1.04526,3,3,0,18,0,0,0,0,6,6,6,0,17.2205,5.74017,0.209053,0.285278,0.530457,0.000656,1.04461,0.522304,1.04444,0.522218,0,0,0,0,1,0,0,8192,0,2.57143,3.20713,1,0,0,botnet
1.02938,3,3,0,18,0,0,0,0,6,6,6,0,17.4862,5.82874,0.205876,0.281088,0.515035,0.000405,1.02898,0.514489,1.02857,0.514284,0,0,0,0,1,0,0,8192,0,2.57143,3.20713,1,0,0,botnet
1.00038,3,3,0,18,0,0,0,0,6,6,6,0,17.9933,5.99775,0.200075,0.273205,0.500051,0.000469,0.999707,0.499853,0.999848,0.499924,0,0,0,0,1,0,0,8192,0,2.57143,3.20713,1,0,0,botnet
1.02947,3,3,0,18,0,0,0,0,6,6,6,0,17.4846,5.82821,0.205895,0.281112,0.514987,0.000482,1.02899,0.514497,1.02882,0.514408,0,0,0,0,1,0,0,8192,0,2.57143,3.20713,1,0,0,botnet
1.00211,3,3,0,18,0,0,0,0,6,6,6,0,17.9621,5.98736,0.200422,0.273518,0.500255,0.000556,1.00155,0.500777,1.00143,0.500716,0,0,0,0,1,0,0,8192,0,2.57143,3.20713,1,0,0,botnet
1.02958,3,3,0,18,0,0,0,0,6,6,6,0,17.4829,5.82763,0.205916,0.281271,0.515202,0.000452,1.029,0.5145,1.02909,0.514547,0,0,0,0,1,0,0,8192,0,2.57143,3.20713,1,0,0,botnet
1.06064,3,3,0,18,0,0,0,0,6,6,6,0,16.9709,5.65696,0.212128,0.289494,0.530464,0.000456,1.06018,0.530092,1.05973,0.529865,0,0,0,0,1,0,0,8192,0,2.57143,3.20713,1,0,0,botnet
1.02296,3,3,0,18,0,0,0,0,6,6,6,0,17.5959,5.86531,0.204593,0.279469,0.512428,0.000388,1.02245,0.511224,1.02237,0.511184,0,0,0,0,1,0,0,8192,0,2.57143,3.20713,1,0,0,botnet
1.02456,3,3,0,18,0,0,0,0,6,6,6,0,17.5685,5.85618,0.204912,0.279761,0.514203,0.000592,1.02392,0.511961,1.02397,0.511983,0,0,0,0,1,0,0,8192,0,2.57143,3.20713,1,0,0,botnet
1.0288,3,3,0,18,0,0,0,0,6,6,6,0,17.496,5.83201,0.205761,0.280962,0.515039,0.000381,1.02842,0.514211,1.02805,0.514023,0,0,0,0,1,0,0,8192,0,2.57143,3.20713,1,0,0,botnet
1.01443,3,3,0,18,0,0,0,0,6,6,6,0,17.7439,5.91464,0.202886,0.277282,0.510537,0.000355,1.01408,0.507038,1.01405,0.507027,0,0,0,0,1,0,0,8192,0,2.57143,3.20713,1,0,0,botnet
1.02519,3,3,0,18,0,0,0,0,6,6,6,0,17.5578,5.8526,0.205037,0.280098,0.514329,0.000457,1.02466,0.512331,1.02471,0.512353,0,0,0,0,1,0,0,8192,0,2.57143,3.20713,1,0,0,botnet
1.00492,3,3,0,18,0,0,0,0,6,6,6,0,17.9119,5.97063,0.200984,0.274378,0.502011,0.000476,1.00444,0.502221,1.00433,0.502167,0,0,0,0,1,0,0,8192,0,2.57143,3.20713,1,0,0,botnet
0.993768,3,3,0,18,0,0,0,0,6,6,6,0,18.1129,6.03763,0.198754,0.271381,0.49949,0.000516,0.993252,0.496626,0.993128,0.496564,0,0,0,0,1,0,0,8192,0,2.57143,3.20713,1,0,0,botnet
1.04678,3,3,0,18,0,0,0,0,6,6,6,0,17.1956,5.73186,0.209356,0.285837,0.528026,0.000475,1.04631,0.523153,1.04591,0.522953,0,0,0,0,1,0,0,8192,0,2.57143,3.20713,1,0,0,botnet
0.996437,3,3,0,18,0,0,0,0,6,6,6,0,18.0644,6.02145,0.199287,0.272223,0.498813,0.000391,0.995996,0.497998,0.995813,0.497906,0,0,0,0,1,0,0,8192,0,2.57143,3.20713,1,0,0,botnet
0.997,3,3,0,18,0,0,0,0,6,6,6,0,18.0542,6.01805,0.1994,0.272371,0.498772,0.000404,0.996596,0.498298,0.996351,0.498175,0,0,0,0,1,0,0,8192,0,2.57143,3.20713,1,0,0,botnet
1.00058,3,3,0,18,0,0,0,0,6,6,6,0,17.9896,5.99654,0.200115,0.273273,0.499536,0.000367,1.00021,0.500105,0.99989,0.499945,0,0,0,0,1,0,0,8192,0,2.57143,3.20713,1,0,0,botnet
1.02948,3,3,0,18,0,0,0,0,6,6,6,0,17.4846,5.8282,0.205895,0.281088,0.515228,0.000404,1.02897,0.514486,1.02853,0.514265,0,0,0,0,1,0,0,8192,0,2.57143,3.20713,1,0,0,botnet
1.02941,3,3,0,18,0,0,0,0,6,6,6,0,17.4858,5.82859,0.205882,0.281122,0.514923,0.00041,1.029,0.514499,1.02878,0.514391,0,0,0,0,1,0,0,8192,0,2.57143,3.20713,1,0,0,botnet
1.03005,3,3,0,18,0,0,0,0,6,6,6,0,17.4749,5.82498,0.206009,0.281486,0.51532,0.000387,1.02966,0.514829,1.02962,0.51481,0,0,0,0,1,0,0,8192,0,2.57143,3.20713,1,0,0,botnet
1.02959,3,3,0,18,0,0,0,0,6,6,6,0,17.4827,5.82755,0.205918,0.281179,0.515125,0.000528,1.02897,0.514487,1.02901,0.514506,0,0,0,0,1,0,0,8192,0,2.57143,3.20713,1,0,0,botnet
1.00201,3,3,0,18,0,0,0,0,6,6,6,0,17.9639,5.98798,0.200401,0.273795,0.50063,0.000401,1.00154,0.500768,1.00153,0.500765,0,0,0,0,1,0,0,8192,0,2.57143,3.20713,1,0,0,botnet
0.997414,3,3,0,18,0,0,0,0,6,6,6,0,18.0467,6.01556,0.199483,0.272371,0.498755,0.000445,0.996651,0.498325,0.996907,0.498453,0,0,0,0,1,0,0,8192,0,2.57143,3.20713,1,0,0,botnet
1.0023,3,3,0,18,0,0,0,0,6,6,6,0,17.9588,5.98626,0.200459,0.273869,0.500635,0.000387,1.00191,0.500954,1.00183,0.500913,0,0,0,0,1,0,0,8192,0,2.57143,3.20713,1,0,0,botnet
1.06087,3,3,0,18,0,0,0,0,6,6,6,0,16.9672,5.65574,0.212174,0.289586,0.530699,0.000543,1.06024,0.530118,1.05997,0.529986,0,0,0,0,1,0,0,8192,0,2.57143,3.20713,1,0,0,botnet
1.02965,3,3,0,18,0,0,0,0,6,6,6,0,17.4816,5.82721,0.205931,0.281162,0.515001,0.000522,1.02896,0.51448,1.02913,0.514566,0,0,0,0,1,0,0,8192,0,2.57143,3.20713,1,0,0,botnet
0.997256,3,3,0,18,0,0,0,0,6,6,6,0,18.0495,6.01651,0.199451,0.272313,0.498599,0.00056,0.99666,0.49833,0.996696,0.498348,0,0,0,0,1,0,0,8192,0,2.57143,3.20713,1,0,0,botnet
1.01424,3,3,0,18,0,0,0,0,6,6,6,0,17.7472,5.91575,0.202848,0.277154,0.513236,0.000371,1.01387,0.506935,1.0136,0.506802,0,0,0,0,1,0,0,8192,0,2.57143,3.20713,1,0,0,botnet
0.996791,3,3,0,18,0,0,0,0,6,6,6,0,18.0579,6.01932,0.199358,0.272208,0.499468,0.000455,0.996336,0.498168,0.996102,0.498051,0,0,0,0,1,0,0,8192,0,2.57143,3.20713,1,0,0,botnet
1.02444,3,3,0,18,0,0,0,0,6,6,6,0,17.5706,5.85688,0.204887,0.279625,0.513972,0.000534,1.0239,0.511952,1.02375,0.511875,0,0,0,0,1,0,0,8192,0,2.57143,3.20713,1,0,0,botnet
0.996421,3,3,0,18,0,0,0,0,6,6,6,0,18.0647,6.02155,0.199284,0.272081,0.498592,0.000407,0.996014,0.498007,0.995689,0.497844,0,0,0,0,1,0,0,8192,0,2.57143,3.20713,1,0,0,botnet
1.00926,3,3,0,18,0,0,0,0,6,6,6,0,17.8348,5.94492,0.201853,0.275608,0.508834,0.000556,1.00869,0.504347,1.00861,0.504304,0,0,0,0,1,0,0,8192,0,2.57143,3.20713,1,0,0,botnet
1.01062,3,3,0,18,0,0,0,0,6,6,6,0,17.8109,5.93697,0.202123,0.275998,0.50531,0.000526,1.01005,0.505024,1.01009,0.505045,0,0,0,0,1,0,0,8192,0,2.57143,3.20713,1,0,0,botnet
1.02949,3,3,0,18,0,0,0,0,6,6,6,0,17.4844,5.82812,0.205898,0.281277,0.515154,0.00046,1.02898,0.514488,1.02903,0.514516,0,0,0,0,1,0,0,8192,0,2.57143,3.20713,1,0,0,botnet
1.04521,3,3,0,18,0,0,0,0,6,6,6,0,17.2214,5.74047,0.209042,0.285364,0.52821,0.000547,1.04466,0.522331,1.04439,0.522197,0,0,0,0,1,0,0,8192,0,2.57143,3.20713,1,0,0,botnet
1.0009,3,3,0,18,0,0,0,0,6,6,6,0,17.9838,5.99459,0.200181,0.273411,0.499844,0.00036,1.00054,0.500271,1.0003,0.500152,0,0,0,0,1,0,0,8192,0,2.57143,3.20713,1,0,0,botnet
0.992846,3,3,0,18,0,0,0,0,6,6,6,0,18.1297,6.04323,0.198569,0.271211,0.499552,0.000484,0.992279,0.496139,0.992353,0.496176,0,0,0,0,1,0,0,8192,0,2.57143,3.20713,1,0,0,botnet
1.01383,3,3,0,18,0,0,0,0,6,6,6,0,17.7544,5.91814,0.202766,0.276948,0.512687,0.000454,1.01338,0.506689,1.01316,0.506579,0,0,0,0,1,0,0,8192,0,2.57143,3.20713,1,0,0,botnet
0.997088,3,3,0,18,0,0,0,0,6,6,6,0,18.0526,6.01752,0.199418,0.272355,0.49883,0.000403,0.996612,0.498306,0.996411,0.498205,0,0,0,0,1,0,0,8192,0,2.57143,3.20713,1,0,0,botnet
0.995753,3,3,0,18,0,0,0,0,6,6,6,0,18.0768,6.02559,0.199151,0.27188,0.499463,0.000454,0.995299,0.497649,0.994939,0.497469,0,0,0,0,1,0,0,8192,0,2.57143,3.20713,1,0,0,botnet
1.00753,3,3,0,18,0,0,0,0,6,6,6,0,17.8655,5.95515,0.201506,0.275175,0.51206,0.000399,1.00713,0.503566,1.0067,0.50335,0,0,0,0,1,0,0,8192,0,2.57143,3.20713,1,0,0,botnet
1.01392,3,3,0,18,0,0,0,0,6,6,6,0,17.7529,5.91764,0.202783,0.276914,0.512565,0.000404,1.01333,0.506665,1.01316,0.506582,0,0,0,0,1,0,0,8192,0,2.57143,3.20713,1,0,0,botnet
1.02951,3,3,0,18,0,0,0,0,6,6,6,0,17.484,5.828,0.205902,0.280984,0.514845,0.000625,1.02883,0.514416,1.02889,0.514443,0,0,0,0,1,0,0,8192,0,2.57143,3.20713,1,0,0,botnet
1.0025,3,3,0,18,0,0,0,0,6,6,6,0,17.9551,5.98504,0.2005,0.273601,0.500748,0.000502,1.00176,0.500879,1.00167,0.500835,0,0,0,0,1,0,0,8192,0,2.57143,3.20713,1,0,0,botnet
0.999661,3,3,0,18,0,0,0,0,6,6,6,0,18.0061,6.00203,0.199932,0.273054,0.499451,0.000404,0.999257,0.499628,0.999067,0.499533,0,0,0,0,1,0,0,8192,0,2.57143,3.20713,1,0,0,botnet
1.06061,3,3,0,18,0,0,0,0,6,6,6,0,16.9713,5.6571,0.212123,0.289673,0.53071,0.000395,1.06022,0.53011,1.0598,0.529902,0,0,0,0,1,0,0,8192,0,2.57143,3.20713,1,0,0,botnet
0.997186,3,3,0,18,0,0,0,0,6,6,6,0,18.0508,6.01693,0.199437,0.27261,0.514406,0.000394,0.996564,0.498282,0.996594,0.498297,0,0,0,0,1,0,0,8192,0,2.57143,3.20713,1,0,0,botnet
1.02523,3,3,0,18,0,0,0,0,6,6,6,0,17.557,5.85235,0.205046,0.279947,0.514252,0.000516,1.02449,0.512246,1.02466,0.512332,0,0,0,0,1,0,0,8192,0,2.57143,3.20713,1,0,0,botnet
1.01377,3,3,0,18,0,0,0,0,6,6,6,0,17.7556,5.91853,0.202753,0.276932,0.512609,0.00039,1.01337,0.506687,1.01301,0.506506,0,0,0,0,1,0,0,8192,0,2.57143,3.20713,1,0,0,botnet
1.0244,3,3,0,18,0,0,0,0,6,6,6,0,17.5712,5.85708,0.20488,0.279972,0.514377,0.0004,1.02395,0.511973,1.024,0.512001,0,0,0,0,1,0,0,8192,0,2.57143,3.20713,1,0,0,botnet
1.02953,3,3,0,18,0,0,0,0,6,6,6,0,17.4837,5.82789,0.205906,0.281329,0.528158,0.000392,1.02898,0.51449,1.02872,0.514359,0,0,0,0,1,0,0,8192,0,2.57143,3.20713,1,0,0,botnet
0.99723,3,3,0,18,0,0,0,0,6,6,6,0,18.05,6.01667,0.199446,0.272433,0.498813,0.000394,0.996665,0.498332,0.996719,0.498359,0,0,0,0,1,0,0,8192,0,2.57143,3.20713,1,0,0,botnet
1.02925,3,3,0,18,0,0,0,0,6,6,6,0,17.4885,5.8295,0.20585,0.281159,0.515021,0.00036,1.02889,0.514444,1.02867,0.514336,0,0,0,0,1,0,0,8192,0,2.57143,3.20713,1,0,0,botnet
1.02933,3,3,0,18,0,0,0,0,6,6,6,0,17.487,5.82901,0.205867,0.28107,0.515084,0.000366,1.02897,0.514485,1.02846,0.514232,0,0,0,0,1,0,0,8192,0,2.57143,3.20713,1,0,0,botnet
1.02961,3,3,0,18,0,0,0,0,6,6,6,0,17.4824,5.82747,0.205921,0.281235,0.515147,0.00048,1.02901,0.514505,1.02907,0.514535,0,0,0,0,1,0,0,8192,0,2.57143,3.20713,1,0,0,botnet
1.00199,3,3,0,18,0,0,0,0,6,6,6,0,17.9642,5.98807,0.200399,0.273567,0.500274,0.000504,1.00149,0.500744,1.00142,0.500712,0,0,0,0,1,0,0,8192,0,2.57143,3.20713,1,0,0,botnet
1.02505,3,3,0,18,0,0,0,0,6,6,6,0,17.5601,5.85336,0.205011,0.280028,0.514283,0.00042,1.02447,0.512233,1.02463,0.512316,0,0,0,0,1,0,0,8192,0,2.57143,3.20713,1,0,0,botnet
1.00415,3,3,0,18,0,0,0,0,6,6,6,0,17.9257,5.97523,0.200829,0.274182,0.501436,0.000371,1.00377,0.501887,1.00333,0.501665,0,0,0,0,1,0,0,8192,0,2.57143,3.20713,1,0,0,botnet
1.0128,3,3,0,18,0,0,0,0,6,6,6,0,17.7724,5.92414,0.202561,0.276705,0.512565,0.00048,1.01225,0.506127,1.01229,0.506144,0,0,0,0,1,0,0,8192,0,2.57143,3.20713,1,0,0,botnet
1.00128,3,3,0,18,0,0,0,0,6,6,6,0,17.977,5.99232,0.200256,0.273575,0.50901,0.000357,1.00048,0.500239,1.00088,0.500439,0,0,0,0,1,0,0,8192,0,2.57143,3.20713,1,0,0,botnet
1.02511,3,3,0,18,0,0,0,0,6,6,6,0,17.5591,5.85304,0.205022,0.280009,0.51435,0.00047,1.02448,0.512241,1.0246,0.512298,0,0,0,0,1,0,0,8192,0,2.57143,3.20713,1,0,0,botnet
0.997046,3,3,0,18,0,0,0,0,6,6,6,0,18.0533,6.01778,0.199409,0.272354,0.498611,0.000411,0.996635,0.498317,0.996506,0.498253,0,0,0,0,1,0,0,8192,0,2.57143,3.20713,1,0,0,botnet
1.00442,3,3,0,18,0,0,0,0,6,6,6,0,17.9208,5.9736,0.200884,0.274406,0.508846,0.000449,1.00397,0.501985,1.00388,0.501942,0,0,0,0,1,0,0,8192,0,2.57143,3.20713,1,0,0,botnet
1.0055,3,3,0,18,0,0,0,0,6,6,6,0,17.9015,5.96716,0.201101,0.274634,0.503859,0.000505,1.00493,0.502466,1.005,0.502499,0,0,0,0,1,0,0,8192,0,2.57143,3.20713,1,0,0,botnet
1.02955,3,3,0,18,0,0,0,0,6,6,6,0,17.4834,5.8278,0.20591,0.281115,0.515134,0.000514,1.029,0.514501,1.02877,0.514385,0,0,0,0,1,0,0,8192,0,2.57143,3.20713,1,0,0,botnet
1.00738,3,3,0,18,0,0,0,0,6,6,6,0,17.8681,5.95602,0.201477,0.27512,0.505661,0.000489,1.00689,0.503447,1.00679,0.503397,0,0,0,0,1,0,0,8192,0,2.57143,3.20713,1,0,0,botnet
0.997141,3,3,0,18,0,0,0,0,6,6,6,0,18.0516,6.0172,0.199428,0.272295,0.498609,0.000512,0.996629,0.498314,0.996531,0.498265,0,0,0,0,1,0,0,8192,0,2.57143,3.20713,1,0,0,botnet
1.01645,3,3,0,18,0,0,0,0,6,6,6,0,17.7087,5.9029,0.20329,0.277659,0.515138,0.000511,1.01584,0.50792,1.0159,0.507951,0,0,0,0,1,0,0,8192,0,2.57143,3.20713,1,0,0,botnet
0.998927,3,3,0,18,0,0,0,0,6,6,6,0,18.0193,6.00644,0.199785,0.272809,0.499272,0.00037,0.99818,0.49909,0.998557,0.499278,0,0,0,0,1,0,0,8192,0,2.57143,3.20713,1,0,0,botnet
1.02474,3,3,0,18,0,0,0,0,6,6,6,0,17.5654,5.85514,0.204948,0.279846,0.514241,0.000564,1.02413,0.512064,1.02417,0.512085,0,0,0,0,1,0,0,8192,0,2.57143,3.20713,1,0,0,botnet
0.996582,3,3,0,18,0,0,0,0,6,6,6,0,18.0617,6.02058,0.199316,0.272159,0.498406,0.00042,0.996162,0.498081,0.996123,0.498061,0,0,0,0,1,0,0,8192,0,2.57143,3.20713,1,0,0,botnet
1.04507,3,3,0,18,0,0,0,0,6,6,6,0,17.2237,5.74122,0.209015,0.285471,0.528115,0.000349,1.04458,0.522289,1.04423,0.522116,0,0,0,0,1,0,0,8192,0,2.57143,3.20713,1,0,0,botnet
0.997131,3,3,0,18,0,0,0,0,6,6,6,0,18.0518,6.01726,0.199426,0.272301,0.498529,0.000514,0.996613,0.498306,0.996617,0.498308,0,0,0,0,1,0,0,8192,0,2.57143,3.20713,1,0,0,botnet
0.997128,3,3,0,18,0,0,0,0,6,6,6,0,18.0518,6.01728,0.199426,0.272364,0.498679,0.00048,0.996648,0.498324,0.996562,0.498281,0,0,0,0,1,0,0,8192,0,2.57143,3.20713,1,0,0,botnet
1.02551,3,3,0,18,0,0,0,0,6,6,6,0,17.5523,5.85077,0.205101,0.280086,0.512338,0.00043,1.02491,0.512453,1.02487,0.512435,0,0,0,0,1,0,0,8192,0,2.57143,3.20713,1,0,0,botnet
0.050856,1,1,0,0,0,0,0,0,0,0,0,0,0,39.3267,0.050856,0,0.050856,0.050856,0,0,0,0,0,0,0,0,0,1,1,237,110,0,0,1,0,0,botnet
1.00944,3,3,0,18,0,0,0,0,6,6,6,0,17.8317,5.94391,0.201887,0.275686,0.509171,0.000476,1.00896,0.50448,1.00884,0.50442,0,0,0,0,1,0,0,8192,0,2.57143,3.20713,1,0,0,botnet
0.993839,3,3,0,18,0,0,0,0,6,6,6,0,18.1116,6.0372,0.198768,0.27144,0.499596,0.000468,0.99331,0.496655,0.993203,0.496601,0,0,0,0,1,0,0,8192,0,2.57143,3.20713,1,0,0,botnet
1.02949,3,3,0,18,0,0,0,0,6,6,6,0,17.4845,5.82815,0.205897,0.281167,0.515106,0.000527,1.02896,0.514479,1.02886,0.514431,0,0,0,0,1,0,0,8192,0,2.57143,3.20713,1,0,0,botnet
1.00207,3,3,0,18,0,0,0,0,6,6,6,0,17.9629,5.98762,0.200414,0.273751,0.50048,0.00038,1.00151,0.500756,1.00169,0.500844,0,0,0,0,1,0,0,8192,0,2.57143,3.20713,1,0,0,botnet
1.00055,3,3,0,18,0,0,0,0,6,6,6,0,17.99,5.99667,0.200111,0.273146,0.499351,0.000556,0.999999,0.499999,0.99996,0.49998,0,0,0,0,1,0,0,8192,0,2.57143,3.20713,1,0,0,botnet
0.997122,3,3,0,18,0,0,0,0,6,6,6,0,18.052,6.01732,0.199424,0.272222,0.498582,0.000601,0.996521,0.49826,0.99648,0.49824,0,0,0,0,1,0,0,8192,0,2.57143,3.20713,1,0,0,botnet
1.04524,3,3,0,18,0,0,0,0,6,6,6,0,17.2209,5.7403,0.209048,0.285514,0.530784,0.000467,1.04464,0.522318,1.04454,0.52227,0,0,0,0,1,0,0,8192,0,2.57143,3.20713,1,0,0,botnet
1.02955,3,3,0,18,0,0,0,0,6,6,6,0,17.4833,5.82777,0.205911,0.280948,0.515164,0.000476,1.02899,0.514497,1.02838,0.514189,0,0,0,0,1,0,0,8192,0,2.57143,3.20713,1,0,0,botnet
1.00353,3,3,0,18,0,0,0,0,6,6,6,0,17.9368,5.97892,0.200705,0.273748,0.500872,0.000747,1.00275,0.501375,1.00268,0.501341,0,0,0,0,1,0,0,8192,0,2.57143,3.20713,1,0,0,botnet
0.997474,3,3,0,18,0,0,0,0,6,6,6,0,18.0456,6.01519,0.199495,0.27225,0.498588,0.000615,0.996698,0.498349,0.996859,0.498429,0,0,0,0,1,0,0,8192,0,2.57143,3.20713,1,0,0,botnet
1.00216,3,3,0,18,0,0,0,0,6,6,6,0,17.9613,5.98709,0.200431,0.273702,0.500486,0.000516,1.00158,0.500792,1.00164,0.50082,0,0,0,0,1,0,0,8192,0,2.57143,3.20713,1,0,0,botnet
1.03034,3,3,0,18,0,0,0,0,6,6,6,0,17.4699,5.8233,0.206069,0.281575,0.522647,0.000424,1.02986,0.514931,1.02981,0.514906,0,0,0,0,1,0,0,8192,0,2.57143,3.20713,1,0,0,botnet
1.01291,3,3,0,18,0,0,0,0,6,6,6,0,17.7705,5.92352,0.202582,0.276674,0.511845,0.000418,1.01249,0.506247,1.01227,0.506135,0,0,0,0,1,0,0,8192,0,2.57143,3.20713,1,0,0,botnet
1.01265,3,3,0,18,0,0,0,0,6,6,6,0,17.7751,5.92502,0.202531,0.276558,0.514227,0.00043,1.01222,0.506112,1.01182,0.50591,0,0,0,0,1,0,0,8192,0,2.57143,3.20713,1,0,0,botnet
0.996697,3,3,0,18,0,0,0,0,6,6,6,0,18.0597,6.01988,0.199339,0.272211,0.49866,0.000532,0.996163,0.498081,0.996126,0.498063,0,0,0,0,1,0,0,8192,0,2.57143,3.20713,1,0,0,botnet
1.02952,3,3,0,18,0,0,0,0,6,6,6,0,17.4838,5.82794,0.205905,0.281031,0.515049,0.000542,1.02898,0.514491,1.02862,0.514308,0,0,0,0,1,0,0,8192,0,2.57143,3.20713,1,0,0,botnet
1.00791,3,3,0,18,0,0,0,0,6,6,6,0,17.8588,5.95293,0.201581,0.275329,0.50651,0.000424,1.0073,0.503652,1.00748,0.503741,0,0,0,0,1,0,0,8192,0,2.57143,3.20713,1,0,0,botnet
1.03056,3,3,0,18,0,0,0,0,6,6,6,0,17.4663,5.82209,0.206112,0.281354,0.514938,0.000498,1.02982,0.514912,1.03006,0.51503,0,0,0,0,1,0,0,8192,0,2.57143,3.20713,1,0,0,botnet
1.00891,3,3,0,18,0,0,0,0,6,6,6,0,17.841,5.94699,0.201783,0.275599,0.507308,0.000424,1.00836,0.504182,1.00849,0.504244,0,0,0,0,1,0,0,8192,0,2.57143,3.20713,1,0,0,botnet
1.04419,3,3,0,18,0,0,0,0,6,6,6,0,17.2382,5.74607,0.208838,0.285388,0.530881,0.000352,1.04366,0.52183,1.04364,0.521821,0,0,0,0,1,0,0,8192,0,2.57143,3.20713,1,0,0,botnet
1.00066,3,3,0,18,0,0,0,0,6,6,6,0,17.9882,5.99605,0.200132,0.273376,0.499609,0.000343,1.00032,0.500158,0.999969,0.499984,0,0,0,0,1,0,0,8192,0,2.57143,3.20713,1,0,0,botnet
1.00177,3,3,0,18,0,0,0,0,6,6,6,0,17.9683,5.98943,0.200353,0.273454,0.499995,0.000545,1.00122,0.50061,1.00117,0.500586,0,0,0,0,1,0,0,8192,0,2.57143,3.20713,1,0,0,botnet
1.00333,3,3,0,18,0,0,0,0,6,6,6,0,17.9402,5.98006,0.200667,0.274057,0.50146,0.000446,1.00277,0.501386,1.00289,0.501444,0,0,0,0,1,0,0,8192,0,2.57143,3.20713,1,0,0,botnet
1.00124,3,3,0,18,0,0,0,0,6,6,6,0,17.9777,5.99255,0.200249,0.27337,0.499905,0.00051,1.00073,0.500366,1.00045,0.500224,0,0,0,0,1,0,0,8192,0,2.57143,3.20713,1,0,0,botnet
1.00368,3,3,0,18,0,0,0,0,6,6,6,0,17.934,5.978,0.200736,0.274288,0.503438,0.00036,1.00332,0.50166,1.00332,0.501658,0,0,0,0,1,0,0,8192,0,2.57143,3.20713,1,0,0,botnet
1.00182,3,3,0,18,0,0,0,0,6,6,6,0,17.9674,5.98912,0.200363,0.273588,0.50047,0.000457,1.00126,0.500632,1.00114,0.500569,0,0,0,0,1,0,0,8192,0,2.57143,3.20713,1,0,0,botnet
1.0245,3,3,0,18,0,0,0,0,6,6,6,0,17.5695,5.85651,0.2049,0.27999,0.514394,0.00037,1.02404,0.512019,1.02405,0.512023,0,0,0,0,1,0,0,8192,0,2.57143,3.20713,1,0,0,botnet
1.01303,3,3,0,18,0,0,0,0,6,6,6,0,17.7684,5.9228,0.202607,0.276557,0.518188,0.000639,1.01224,0.506119,1.0124,0.506198,0,0,0,0,1,0,0,8192,0,2.57143,3.20713,1,0,0,botnet
1.09386,3,3,0,18,0,0,0,0,6,6,6,0,16.4555,5.48516,0.218772,0.300798,0.592995,0.000368,1.0934,0.546701,1.09349,0.546746,0,0,0,0,1,0,0,8192,0,2.57143,3.20713,1,0,0,botnet
0.997145,3,3,0,18,0,0,0,0,6,6,6,0,18.0515,6.01718,0.199429,0.272326,0.49868,0.000511,0.996634,0.498317,0.996521,0.49826,0,0,0,0,1,0,0,8192,0,2.57143,3.20713,1,0,0,botnet
1.02463,3,3,0,18,0,0,0,0,6,6,6,0,17.5674,5.8558,0.204925,0.279993,0.514441,0.000368,1.02402,0.512011,1.02426,0.512129,0,0,0,0,1,0,0,8192,0,2.57143,3.20713,1,0,0,botnet
1.01678,3,3,0,18,0,0,0,0,6,6,6,0,17.7029,5.90096,0.203357,0.277722,0.51189,0.000454,1.01624,0.50812,1.01613,0.508065,0,0,0,0,1,0,0,8192,0,2.57143,3.20713,1,0,0,botnet
1.0006,3,3,0,18,0,0,0,0,6,6,6,0,17.9892,5.99639,0.20012,0.273431,0.499756,0.000386,1.00021,0.500106,1.00007,0.500036,0,0,0,0,1,0,0,8192,0,2.57143,3.20713,1,0,0,botnet
0.999172,3,3,0,18,0,0,0,0,6,6,6,0,18.0149,6.00497,0.199834,0.272916,0.499972,0.000489,0.998629,0.499314,0.998683,0.499341,0,0,0,0,1,0,0,8192,0,2.57143,3.20713,1,0,0,botnet
1.02463,3,3,0,18,0,0,0,0,6,6,6,0,17.5673,5.85577,0.204926,0.279796,0.514153,0.000485,1.024,0.512002,1.02414,0.512072,0,0,0,0,1,0,0,8192,0,2.57143,3.20713,1,0,0,botnet
1.00051,3,3,0,18,0,0,0,0,6,6,6,0,17.9908,5.99692,0.200103,0.273361,0.499572,0.000403,1.00011,0.500055,1,0.500001,0,0,0,0,1,0,0,8192,0,2.57143,3.20713,1,0,0,botnet
0.997076,3,3,0,18,0,0,0,0,6,6,6,0,18.0528,6.0176,0.199415,0.272208,0.498613,0.000507,0.996569,0.498284,0.996336,0.498168,0,0,0,0,1,0,0,8192,0,2.57143,3.20713,1,0,0,botnet
1.02444,3,3,0,18,0,0,0,0,6,6,6,0,17.5706,5.85685,0.204888,0.279814,0.514123,0.000441,1.024,0.512,1.02388,0.511941,0,0,0,0,1,0,0,8192,0,2.57143,3.20713,1,0,0,botnet
1.0126,3,3,0,18,0,0,0,0,6,6,6,0,17.776,5.92533,0.20252,0.276718,0.512404,0.00034,1.01226,0.506131,1.01197,0.505983,0,0,0,0,1,0,0,8192,0,2.57143,3.20713,1,0,0,botnet
1.02958,3,3,0,18,0,0,0,0,6,6,6,0,17.4829,5.82764,0.205915,0.281131,0.515016,0.000596,1.02898,0.51449,1.02895,0.514476,0,0,0,0,1,0,0,8192,0,2.57143,3.20713,1,0,0,botnet
0.998848,3,3,0,18,0,0,0,0,6,6,6,0,18.0208,6.00692,0.19977,0.27264,0.499331,0.000581,0.998104,0.499052,0.998267,0.499133,0,0,0,0,1,0,0,8192,0,2.57143,3.20713,1,0,0,botnet
0.996989,3,3,0,18,0,0,0,0,6,6,6,0,18.0544,6.01812,0.199398,0.272353,0.498557,0.000371,0.996618,0.498309,0.996464,0.498232,0,0,0,0,1,0,0,8192,0,2.57143,3.20713,1,0,0,botnet
1.01137,3,3,0,18,0,0,0,0,6,6,6,0,17.7976,5.93254,0.202274,0.276293,0.507628,0.000469,1.01081,0.505404,1.0109,0.505451,0,0,0,0,1,0,0,8192,0,2.57143,3.20713,1,0,0,botnet
0.997608,3,3,0,18,0,0,0,0,6,6,6,0,18.0432,6.01439,0.199522,0.272225,0.498113,0.00065,0.996901,0.49845,0.996814,0.498407,0,0,0,0,1,0,0,8192,0,2.57143,3.20713,1,0,0,botnet
0.997979,3,3,0,18,0,0,0,0,6,6,6,0,18.0365,6.01215,0.199596,0.272549,0.499559,0.000463,0.997309,0.498655,0.997446,0.498723,0,0,0,0,1,0,0,8192,0,2.57143,3.20713,1,0,0,botnet
1.02717,3,3,0,18,0,0,0,0,6,6,6,0,17.5238,5.84126,0.205435,0.280685,0.513686,0.000355,1.02682,0.51341,1.02676,0.513382,0,0,0,0,1,0,0,8192,0,2.57143,3.20713,1,0,0,botnet
1.00805,3,3,0,18,0,0,0,0,6,6,6,0,17.8563,5.95211,0.201609,0.275433,0.511987,0.000482,1.00756,0.503782,1.00756,0.503782,0,0,0,0,1,0,0,8192,0,2.57143,3.20713,1,0,0,botnet
1.01388,3,3,0,18,0,0,0,0,6,6,6,0,17.7537,5.91788,0.202775,0.276961,0.508776,0.000376,1.0135,0.50675,1.01341,0.506706,0,0,0,0,1,0,0,8192,0,2.57143,3.20713,1,0,0,botnet
1.02943,3,3,0,18,0,0,0,0,6,6,6,0,17.4853,5.82845,0.205887,0.281139,0.515239,0.000408,1.02898,0.514488,1.02858,0.51429,0,0,0,0,1,0,0,8192,0,2.57143,3.20713,1,0,0,botnet
1.02942,3,3,0,18,0,0,0,0,6,6,6,0,17.4855,5.8285,0.205885,0.281213,0.515263,0.000358,1.02896,0.514481,1.02869,0.514346,0,0,0,0,1,0,0,8192,0,2.57143,3.20713,1,0,0,botnet
1.00596,3,3,0,18,0,0,0,0,6,6,6,0,17.8933,5.96443,0.201193,0.27452,0.502448,0.000639,1.00524,0.502621,1.00532,0.502662,0,0,0,0,1,0,0,8192,0,2.57143,3.20713,1,0,0,botnet
0.997159,3,3,0,18,0,0,0,0,6,6,6,0,18.0513,6.01709,0.199432,0.27239,0.498748,0.000454,0.996604,0.498302,0.996647,0.498323,0,0,0,0,1,0,0,8192,0,2.57143,3.20713,1,0,0,botnet
1.02963,3,3,0,18,0,0,0,0,6,6,6,0,17.482,5.82734,0.205926,0.281245,0.515203,0.00043,1.029,0.514502,1.02908,0.514541,0,0,0,0,1,0,0,8192,0,2.57143,3.20713,1,0,0,botnet
1.00341,3,3,0,18,0,0,0,0,6,6,6,0,17.9388,5.97959,0.200683,0.273855,0.500863,0.0006,1.00277,0.501383,1.0026,0.5013,0,0,0,0,1,0,0,8192,0,2.57143,3.20713,1,0,0,botnet
0.996833,3,3,0,18,0,0,0,0,6,6,6,0,18.0572,6.01906,0.199367,0.272043,0.498626,0.000608,0.996049,0.498024,0.996139,0.498069,0,0,0,0,1,0,0,8192,0,2.57143,3.20713,1,0,0,botnet
1.00284,3,3,0,18,0,0,0,0,6,6,6,0,17.9489,5.98298,0.200569,0.273936,0.500702,0.000408,1.00234,0.501169,1.00222,0.501108,0,0,0,0,1,0,0,8192,0,2.57143,3.20713,1,0,0,botnet
0.997161,3,3,0,18,0,0,0,0,6,6,6,0,18.0512,6.01708,0.199432,0.272346,0.498649,0.000499,0.996662,0.498331,0.996598,0.498299,0,0,0,0,1,0,0,8192,0,2.57143,3.20713,1,0,0,botnet
0.996828,3,3,0,18,0,0,0,0,6,6,6,0,18.0573,6.01909,0.199366,0.272339,0.499601,0.000424,0.996277,0.498138,0.996364,0.498182,0,0,0,0,1,0,0,8192,0,2.57143,3.20713,1,0,0,botnet
0.998071,3,3,0,18,0,0,0,0,6,6,6,0,18.0348,6.0116,0.199614,0.272349,0.508239,0.00078,0.997291,0.498645,0.997267,0.498633,0,0,0,0,1,0,0,8192,0,2.57143,3.20713,1,0,0,botnet
0.994027,3,3,0,18,0,0,0,0,6,6,6,0,18.1082,6.03605,0.198805,0.271181,0.499255,0.000735,0.993197,0.496598,0.993292,0.496646,0,0,0,0,1,0,0,8192,0,2.57143,3.20713,1,0,0,botnet
0.997169,3,3,0,18,0,0,0,0,6,6,6,0,18.0511,6.01703,0.199434,0.272159,0.498559,0.000564,0.996605,0.498302,0.996335,0.498167,0,0,0,0,1,0,0,8192,0,2.57143,3.20713,1,0,0,botnet
1.00071,3,3,0,18,0,0,0,0,6,6,6,0,17.9872,5.99573,0.200142,0.273414,0.499697,0.000382,1.00032,0.500159,1.00008,0.500039,0,0,0,0,1,0,0,8192,0,2.57143,3.20713,1,0,0,botnet
1.02106,3,3,0,18,0,0,0,0,6,6,6,0,17.6287,5.87624,0.204212,0.27885,0.515188,0.000485,1.02054,0.510269,1.02058,0.510288,0,0,0,0,1,0,0,8192,0,2.57143,3.20713,1,0,0,botnet
1.02058,3,3,0,18,0,0,0,0,6,6,6,0,17.637,5.87902,0.204116,0.278889,0.51273,0.000406,1.02008,0.510039,1.02013,0.510066,0,0,0,0,1,0,0,8192,0,2.57143,3.20713,1,0,0,botnet
1.02953,3,3,0,18,0,0,0,0,6,6,6,0,17.4837,5.8279,0.205906,0.281094,0.515149,0.000501,1.02894,0.514469,1.02875,0.514374,0,0,0,0,1,0,0,8192,0,2.57143,3.20713,1,0,0,botnet
1.01403,3,3,0,18,0,0,0,0,6,6,6,0,17.751,5.91701,0.202805,0.276767,0.512416,0.000549,1.01332,0.506658,1.01315,0.506576,0,0,0,0,1,0,0,8192,0,2.57143,3.20713,1,0,0,botnet
0.996607,3,3,0,18,0,0,0,0,6,6,6,0,18.0613,6.02043,0.199321,0.272215,0.498761,0.000396,0.996211,0.498105,0.995984,0.497992,0,0,0,0,1,0,0,8192,0,2.57143,3.20713,1,0,0,botnet
1.01227,3,3,0,18,0,0,0,0,6,6,6,0,17.7819,5.92729,0.202453,0.276574,0.514242,0.000485,1.01178,0.505891,1.01177,0.505884,0,0,0,0,1,0,0,8192,0,2.57143,3.20713,1,0,0,botnet
